uuid,igdb_id,wikidata_qid,title,summary,developer,publisher,poster_url,banner_url,release_date,release_year,platforms,owned_platform,additional_platforms,status,game_state,completion_state,completion,priority,format,user_rating,critic_rating,hours_played,additional_playtime,start_date,finish_date,added_date,notes,review,review_spoilers,time_to_beat_story,time_to_beat_extras,time_to_beat_complete,time_to_beat_type,steam_deck_status,genres
590F2B8E-AC7F-4F7C-88AF-08E054BE3F8C,1,Q795365,Thief II: The Metal Age,"The ultimate thief is back! Tread softly as you make your way through 15 new complex, non-linear levels full of loot to steal and guards to outsmart. Improved enemy AI, new gadgets and a riveting story will draw you into the world of Thief II: The Metal Age, a place of powerful new technologies, fanatical religions and corruption.",Looking Glass Studios,Eidos Interactive,https://images.igdb.com/igdb/image/upload/t_original/co1y6v.png,https://images.igdb.com/igdb/image/upload/t_original/puvydf5d6v0zirxfhzpg.png,2000-03-21T08:00:00.000Z,2000,PC,PC,,Abandoned,5,0,0,-1,0,0,90,0.0,0.0,,,2022-11-28T16:48:22.759Z,,,false,20.235555555555557,26.683888888888887,36.12416666666667,0,1,
18041012-6405-404F-B3E8-650AC9555BDE,15,Q221164,Fallout 3,"Fallout 3 from the creators of the award-winning Oblivion, featuring one of the most realized game worlds ever created. Create any kind of character you want and explore the open wastes of post-apocalyptic Washington D.C. Every minute is a fight for survival as you encounter Super Mutants, Ghouls, Raiders and other dangers of the Wasteland. Prepare for the future.

The third game in the Fallout series, Fallout 3 is a singleplayer action role-playing game (RPG) set in a post-apocalyptic Washington DC. Combining the horrific insanity of the Cold War era theory of mutually assured destruction gone terribly wrong, with the kitschy naivety of American 1950s nuclear propaganda, Fallout 3 will satisfy both players familiar with the popular first two games in its series as well as those coming to the franchise for the first time.",Bethesda Game Studios,Bethesda Softworks,https://images.igdb.com/igdb/image/upload/t_original/co1ycw.png,https://images.igdb.com/igdb/image/upload/t_original/belgt59onk6hro6et0ji.png,2008-10-31T07:00:00.000Z,2008,X360|PC|PS3,PC,,Abandoned,5,0,0,-1,0,0,0,0.0,0.0,,2026-02-23T17:14:20.418Z,,,,false,22.191944444444445,52.1525,113.70777777777778,0,-1,
3356A259-C33F-4A05-81C6-9B3281EB8554,16,Q753749,Fallout: New Vegas,"In this first-person Western RPG, the player takes on the role of Courier 6, barely surviving after being robbed of their cargo, shot and put into a shallow grave by a New Vegas mob boss. The Courier sets out to track down their robbers and retrieve their cargo, and winds up getting tangled in the complex ideological and socioeconomic web of the many factions and settlements of post-nuclear Nevada.",Obsidian Entertainment,Bandai Namco Entertainment,https://images.igdb.com/igdb/image/upload/t_original/co1u60.png,https://images.igdb.com/igdb/image/upload/t_original/tiaygjcahvaxjsn9zlih.png,2010-10-19T07:00:00.000Z,2010,PS3|X360|PC,PC,,Abandoned,5,0,0,-1,0,0,81,0.0,0.0,,,2021-12-25T18:54:41.000Z,,,false,27.36777777777778,60.0175,131.55972222222223,0,2,🔫 Shooter|⚔️ RPG
6DE304AE-B9B7-41D6-A39B-845BB5B88877,20,Q57270,BioShock,"BioShock is a horror-themed first-person shooter set in a steampunk underwater dystopia. The player is urged to turn everything into a weapon: biologically modifying their own body with Plasmids, hacking devices and systems, upgrading their weapons, crafting new ammo variants, and experimenting with different battle techniques are all possible. The game is described by the developers as a spiritual successor to their previous PC title System Shock 2. BioShock received high praise in critical reviews for its atmospheric audio and visual quality, absorbing and original plot and its unique gaming experience.",2K Australia,2K Games,https://images.igdb.com/igdb/image/upload/t_original/co2mli.png,https://images.igdb.com/igdb/image/upload/t_original/unvhwxrfzpjys4txfv4a.png,2007-08-21T00:00:00.000Z,2007,Mac|PC|X360,PC,,Completed,4,3,0,-1,0,6,92,0.0,0.0,2020-10-06T19:10:00.000Z,2020-10-06T19:09:57.000Z,,,,false,12.099722222222223,15.610277777777778,22.256944444444443,0,-1,🔫 Shooter|⚔️ RPG|🌍 Adventure
66A59514-0EBE-4FB8-82EE-674BE9C8A204,22,Q1371495,System Shock 2,"A first-person cyberpunk exploratory horror RPG and sequel to System Shock (1994) in which a soldier wakes up in the starship Von Braun in the aftermath of a disaster and finds himself in the midst of a conflict between SHODAN, the artificial intelligence antagonist of System Shock seeking mastery over humanity, and The Many, a flesh-based psychic hive mind led by the ship's corrupted AI.",Looking Glass Studios,Electronic Arts,https://images.igdb.com/igdb/image/upload/t_original/co4bak.png,https://images.igdb.com/igdb/image/upload/t_original/tn5gpywrvya92wq1ang8.png,1999-08-11T07:00:00.000Z,1999,Mac|PC|Linux,PC,,Abandoned,5,0,0,-1,0,0,0,0.0,0.0,,2025-10-11T21:20:49.855Z,,,,false,13.38,17.070833333333333,22.33277777777778,0,2,
F8110BC2-67E1-41B5-B7C2-76FFAD52759B,42,Q252198,Deus Ex: Invisible War,"Several religious and political factions see an opportunity to re-shape a worldwide government to their agendas. In this techno-nightmare, take part in the dark struggle to raise the world from its own ashes.

This dynamic and innovative 1st person-action/adventure brings a level of reality unprecedented in a videogame. Biotech modifications allow players to see through walls, leap 40 feet into the air, regenerate critical body damage or render yourself radar invisible. Globe-hop to real world locations such as Seattle, Antarctica, and Cairo.",Ion Storm,Eidos Interactive,https://images.igdb.com/igdb/image/upload/t_original/co1v3e.png,https://images.igdb.com/igdb/image/upload/t_original/amz80bteucdquadhxeoc.png,2003-12-02T08:00:00.000Z,2003,PC|XBOX,PC,,Abandoned,5,0,0,-1,0,0,80,0.016666666666666666,0.0,,,2020-11-25T18:51:25.000Z,,,false,9.06611111111111,13.494722222222222,18.579166666666666,0,2,🔫 Shooter|⚔️ RPG
0DFC1EB6-1909-4049-A69C-183BC8633753,43,Q642107,Deus Ex: Human Revolution,"In Deus Ex: Human Revolution you play Adam Jensen, a security specialist, handpicked to oversee the defense of one of America's most experimental biotechnology firms. But when a black ops team breaks in and kills the scientists you were hired to protect, everything you thought you knew about your job changes. At a time when scientific advancements are routinely turning athletes, soldiers and spies into super-enhanced beings, someone is working very hard to ensure mankind's evolution follows a particular path. You need to discover why - because the decisions you take and the choices you make will be the only things that can determine mankind's future.",Eidos Montréal,Square Enix,https://images.igdb.com/igdb/image/upload/t_original/co1rd2.png,https://images.igdb.com/igdb/image/upload/t_original/mflw12xmyqdbipgkrf9l.png,2011-08-23T07:00:00.000Z,2011,PC|Mac|PS3|X360,PC,,Completed,4,3,100,-1,0,5,92,6.0,0.0,2024-08-08T00:45:11.667Z,2024-08-14T03:08:55.835Z,2020-11-25T22:22:29.000Z,,,false,26.99361111111111,249.11138888888888,80.85027777777778,0,-1,🔫 Shooter|⚔️ RPG
C3C905B5-52C4-4445-B2C1-DB5A78BBCD5F,56,Q718448,The Elder Scrolls III: Morrowind,"First-person WRPG and third mainline entry in the Elder Scrolls franchise in which the player arrives in the island of Vvardenfell, an exotic land plagued by disease-carrying storms and ruled by a godly Tribunal, in the Morrowind province of Tamriel, and takes part in the prophecy foretelling the second coming of Nerevar, who will supposedly save Morrowind from malicious clans both within and outside Vvardenfell.",Bethesda Game Studios,ZeniMax Media,https://images.igdb.com/igdb/image/upload/t_original/co2knd.png,https://images.igdb.com/igdb/image/upload/t_original/oa1aojyglfomtmei2bnz.png,2002-05-01T07:00:00.000Z,2002,PC|XBOX,PC,,Abandoned,5,0,0,-1,0,0,85,0.0,0.0,,,2021-12-22T19:18:20.000Z,,,false,44.049166666666665,106.66416666666667,326.6738888888889,0,2,⚔️ RPG|🌍 Adventure
73BB82CB-6E8D-4C08-ACBE-7665542AE773,59,Q49607,The Elder Scrolls IV: Oblivion,"The Elder Scrolls IV: Oblivion, the fourth game in the Elder Scrolls story, is set within the province of Cyrodiil, the heartland and Imperial capital of Tamriel. Emperor Uriel Septim VII is assassinated in flight from his own palace, but just before he dies he passes on to you the mystic Amulet of Kings. The adventure proper begins with the quest to find Uriel's lost and illegitimate son who is the only heir to the throne. In a world where the forces of darkness seek their ultimate dominion over the ranks of man and mer alike, you alone stand between the future of Tamriel and the gates of Oblivion.",Bethesda Game Studios,2K Games,https://images.igdb.com/igdb/image/upload/t_original/co1tc8.png,https://images.igdb.com/igdb/image/upload/t_original/qkxismtaqjwpkcxr3ip0.png,2006-03-20T08:00:00.000Z,2006,X360|PS3|PC,PC,,Abandoned,5,0,0,-1,0,0,94,0.0,0.0,,,2021-12-22T20:07:08.000Z,,,false,27.161666666666665,85.22555555555556,184.69194444444443,0,2,⚔️ RPG|🌍 Adventure
30254F18-2B30-4E34-A6C9-0EAF5043ADB8,65,Q979472,The Secret of Monkey Island: Special Edition,"Relive the swashbuckling humorous misadventures of the wannabe pirate Guybrush Threepwood!
Back by popular demand, The Secret of Monkey Island: Special Edition faithfully re-imagines the internationally-acclaimed classic game.
The game's twisty plot leads our naive hero on a hilarious, swash-buckling search for the fabled secret of Monkey Island. Tales of pirate wealth lure him to the port of Mêlée with high hopes, no money, and insatiable curiosity. If clever enough, he will win the confidence of Mêlée's pirates and find himself blown by the winds of fate toward the terrifying and legendary Monkey Island - an adventure that would chill the bones of even the most bloodthirsty buccaneer.",LucasArts,LucasArts,https://images.igdb.com/igdb/image/upload/t_original/co2d9p.png,https://images.igdb.com/igdb/image/upload/t_original/cebl0hudejvg0fmnriwj.png,2009-07-15T07:00:00.000Z,2009,X360|Mac|iOS|PC|PS3,PC,,Abandoned,5,0,0,-1,0,0,80,0.0,0.0,,,,,,false,6.546944444444445,7.291388888888889,7.544444444444444,0,2,
22151775-36F0-48E8-BB5D-F32500BBF710,66,Q113012980,Monkey Island 2 Special Edition: LeChuck's Revenge,"Wannabe pirate Guybrush Threepwood, and the now zombie pirate LeChuck, return in what has long been considered one of the greatest LucasArts adventure games of all time. Monkey Island 2 Special Edition: LeChuck’s Revenge faithfully re-imagines the classic Monkey Island sequel in signature special edition detail. Expanding on the highly successful The Secret of Monkey Island: Special Edition in just about every way, fans will now experience new unique special edition features and interact with the world of Monkey Island like never before.

Having seemingly defeated the evil ghost pirate LeChuck in his first adventure, Guybrush Threepwood sets his sights on the legendary treasure of Big Whoop. But wait, LeChuck is now back in zombie form and he's out for revenge. Guybrush will have to use his wits, his humor and his insatiable desire for adventure to defeat his nemesis once and for all and truly prove himself the greatest pirate in the Caribbean. Voodoo dolls, spitting contests and amusement parks are just some of the challenges Guybrush must overcome as he meets old friends, fights new enemies and uses every ounce of his mojo to overcome the wrath of LeChuck’s revenge.",LucasArts,LucasArts,https://images.igdb.com/igdb/image/upload/t_original/co2562.png,https://images.igdb.com/igdb/image/upload/t_original/x2ltz9cegxyyfpjboepx.png,2010-07-07T07:00:00.000Z,2010,PS3|iOS|X360|PC,PC,,Abandoned,5,0,0,-1,0,0,86,0.0,0.0,,,2023-08-21T06:24:51.869Z,,,false,0.0,0.0,0.0,0,2,
91C1AAD2-378E-4470-B71B-1231B35DF8E4,72,Q279446,Portal 2,"Sequel to the acclaimed Portal (2007), Portal 2 pits the protagonist of the original game, Chell, and her new robot friend, Wheatley, against more puzzles conceived by GLaDOS, an A.I. with the sole purpose of testing the Portal Gun's mechanics and taking revenge on Chell for the events of Portal. As a result of several interactions and revelations, Chell once again pushes to escape Aperture Science Labs.",Valve Corporation,Valve Corporation,https://images.igdb.com/igdb/image/upload/t_original/co1rs4.png,https://images.igdb.com/igdb/image/upload/t_original/i9ys3zdhph1mh3futdit.png,2011-04-19T00:00:00.000Z,2011,PC|Mac|Linux|PS3|X360,PC,,Completed,4,3,0,-1,0,10,92,15.4,0.0,2011-02-25T05:41:39.000Z,2020-10-10T04:41:37.000Z,,,,false,8.594166666666666,13.627777777777778,21.10333333333333,0,-1,🔫 Shooter|🎮 Platformer|🧩 Puzzle|🌍 Adventure
E4B16AA8-BA4D-4F7F-8FA8-F0027423B83E,73,Q275960,Mass Effect,"What starts as a routine mission to an agrarian outpost quickly becomes the opening salvo in an epic war. As the newly appointed Executive Officer of the SSV Normandy, you'll assemble and lead an elite squad of heroes into battle after heart-pounding battle. Each decision you make will impact not only your fate, but the destiny of the entire galaxy in the Mass Effect trilogy.

Key Features:

Incredible, interactive storytelling. Create and customize your own character, from Commander Shepard's appearance and skills to a personalized arsenal. Unleash devastating abilities as you command and train. Your decisions will control the outcome of each mission, your relationships with your crew and ultimately the entire war.

An amazing universe to explore. From the massive Citadel to the harsh, radioactive landscape of the Krogan home world – the incredible breadth of the Mass Effect universe will blow you away. Travel to the farthest outposts aboard the SSV Normandy, the most technologically advanced ship in the galaxy. You'll follow the clues left by ancient civilizations, discover hidden bases with fantastic new tech and lead your hand-picked crew into explosive alien battles.

Edge-of-your-seat excitement meets strategic combat. Find the perfect combination of squad-mates and weapons for each battle if you want to lead them to victory. Sun-Tzu's advice remains as pertinent in 2183 as it is today – know your enemy. You'll need different tactics for a squad of enemies with devastating biotic attacks than a heavily armored Geth Colossus so choose your teams wisely.",BioWare,Microsoft Game Studios,https://images.igdb.com/igdb/image/upload/t_original/co1x7o.png,https://images.igdb.com/igdb/image/upload/t_screenshot_huge/r3uwmc94irofukfk6odw.png,2007-11-20T00:00:00.000Z,2007,X360|PS3|PC,X360,,Completed,4,3,65,-1,0,6,88,0.0,0.0,2021-02-12T00:15:04.000Z,2021-05-23T04:53:31.584Z,,,,false,58.750277777777775,97.81722222222223,132.95805555555555,0,-1,🔫 Shooter|⚔️ RPG
7A12A998-B401-4B0A-9983-EE2B4F601247,78,Q1064927,Dragon Age II,"Dragon Age II is the sequel to Dragon Age: Origins and the second major game in the series. Like its predecessor, players can explore and engage in combat from a third-person perspective and will also encounter various companions who play major roles in the plot and gameplay. Depending on players' decisions and dialogue, a companion will either recognize the main character Hawke as a friend or a rival. The game adopts the wheel-based dialogue system, meaning short responses that reflect different tones and attitudes the player wishes to choose for Hawke. The combat system is quite similar to the one used in the previous Dragon Age game, though it has been noticeably sped up.",BioWare Edmonton,Electronic Arts,https://images.igdb.com/igdb/image/upload/t_original/co2mw1.png,https://images.igdb.com/igdb/image/upload/t_original/sck7as.png,2011-03-10T08:00:00.000Z,2011,Mac|X360|PS3|PC,PC,,Abandoned,5,0,0,-1,0,0,0,0.0,0.0,,2026-08-05T20:26:08.558Z,,,,false,26.676388888888887,37.333888888888886,57.64277777777778,0,-1,
FA9D0FBC-D33C-45CF-B842-6922D88B7251,114,Q737308,Star Wars: The Old Republic,"Step in to the center of your own Star Wars story as you choose your path down the light or dark side of the Force. Your choices have impact not only on your story but on those who join you along the way. Each choice you make can change how your story unfolds including unexpected story twists or devastating consequences that impact you and your Companions. Play as one of 8 legendary Star Wars classes include Jedi, Sith, Smuggler, Trooper and more – this is your story and you decide how you want to build your reputation and influence across the galaxy as you join in epic adventures and challenging missions on the ground and in space!",BioWare Austin,Electronic Arts,https://images.igdb.com/igdb/image/upload/t_original/co20xa.png,https://images.igdb.com/igdb/image/upload/t_original/qszfk2cdyhbfnhy5hzsd.png,2011-12-20T08:00:00.000Z,2011,PC,PC,,Abandoned,5,0,0,-1,0,0,85,0.0,0.0,,,,,,false,79.85333333333334,164.01388888888889,466.1558333333333,0,2,
06B8CE76-259D-4369-A8EF-5CDE192C09FF,117,Q2701341,The Last Guardian,"In a strange and mystical land, a young boy discovers a mysterious creature with which he forms a deep, unbreakable bond. The unlikely pair must rely on each other to journey through towering, treacherous ruins filled with unknown dangers. Experience the journey of a lifetime in this touching, emotional story of friendship and trust.",Team Ico,Sony Interactive Entertainment,https://images.igdb.com/igdb/image/upload/t_original/co271e.png,https://images.igdb.com/igdb/image/upload/t_original/areqpejmeyztpfljmvhe.png,2016-12-07T00:00:00.000Z,2016,PS4,PS4,,Completed,4,3,100,-1,0,6,80,10.366666666666667,0.0,2023-03-10T00:28:15.786Z,2023-03-25T00:36:29.994Z,2016-12-07T02:00:09.000Z,,,false,11.885833333333334,13.15,24.45861111111111,0,-1,🎮 Platformer|🧩 Puzzle|🌍 Adventure
AC8C6A05-B15C-4504-9548-C7EAD82A0C78,118,Q74669,Star Wars: Knights of the Old Republic II - The Sith Lords,"Star Wars Knights of the Old Republic II: The Sith Lords is a sequel to the blockbuster RPG Star Wars Knights of the Old Republic. Players continue to enjoy the title's emotionally compelling and story-driven theme, additions to features such as new characters, classes, locations and force powers as well as a deeper look into the founding lore.",Obsidian Entertainment,LucasArts,https://images.igdb.com/igdb/image/upload/t_original/co1qrj.png,https://images.igdb.com/igdb/image/upload/t_original/o1qakancgfpnue3wlbye.png,2005-02-08T08:00:00.000Z,2005,Mac|Switch|iOS|XBOX|Linux|PC,PC,,Abandoned,5,0,0,-1,0,0,78,0.0,0.0,,,2021-05-02T18:58:13.000Z,,,false,30.606666666666666,40.57611111111111,52.85055555555556,0,2,⚔️ RPG|💭 Strategy|🌍 Adventure
066B8F31-10C0-4EA9-8AAC-D4ED0E55656C,122,Q323981,Left 4 Dead,"From Valve (the creators of Counter-Strike, Half-Life and more) comes Left 4 Dead, a co-op action horror game for the PC and Xbox 360 that casts up to four players in an epic struggle for survival against swarming zombie hordes and terrifying mutant monsters.

Set in the immediate aftermath of the zombie apocalypse, L4D's survival co-op mode lets you blast a path through the infected in four unique “movies,” guiding your survivors across the rooftops of an abandoned metropolis, through rural ghost towns and pitch-black forests in your quest to escape a devastated Ground Zero crawling with infected enemies. Each ""movie"" is comprised of five large maps, and can be played by one to four human players, with an emphasis on team-based strategy and objectives.

New technology dubbed ""the AI Director"" is used to generate a unique gameplay experience every time you play. The Director tailors the frequency and ferocity of the zombie attacks to your performance, putting you in the middle of a fast-paced, but not overwhelming, Hollywood horror movie.

Addictive single player, co-op, and multiplayer action gameplay from the makers of Counter-Strike and Half-Life Versus Mode lets you compete four-on-four with friends, playing as a human trying to get rescued, or as a zombie boss monster that will stop at nothing to destroy them.",Certain Affinity,Valve Corporation,https://images.igdb.com/igdb/image/upload/t_original/co1qrm.png,https://images.igdb.com/igdb/image/upload/t_original/kxtwfucepzzvsttjpjhx.png,2008-11-18T00:00:00.000Z,2008,X360|Mac|PC,PC,,Completed,4,1,0,-1,0,7,84,47.733333333333334,0.0,2008-10-30T04:36:32.000Z,2008-11-18T05:36:22.000Z,,,,false,9.758333333333333,24.561666666666667,50.6125,0,-1,🔫 Shooter
8E314F02-CA4F-494A-BFA8-847D2B3BAEEC,124,Q472909,Left 4 Dead 2,"Left 4 Dead 2 is a cooperative first-person shooter video game, the sequel to Valve Corporation's Left 4 Dead. The Game builds upon cooperatively focused gameplay and Valve's proprietary Source engine, the same game engine used in the original Left 4 Dead. Set during the aftermath of an apocalyptic pandemic, Left 4 Dead 2 focuses on four new Survivors, fighting against hordes of the Infected, who develop severe psychosis and exhibit zombie-like tendencies. The Survivors must fight their way through five campaigns, interspersed with safe houses that act as checkpoints, with the goal of escape at each campaign's finale.",Valve,Valve,https://images.igdb.com/igdb/image/upload/t_original/co1y2f.png,https://images.igdb.com/igdb/image/upload/t_screenshot_huge/wdrlle5g5f7owsbevaix.png,2009-11-17T10:00:00.000Z,2009,Mac|PC|Linux|X360,PC,,Completed,4,3,0,-1,0,7,88,31.816666666666666,0.0,2009-12-04T05:38:34.000Z,2020-09-18T23:08:53.317Z,2009-12-04T05:38:34.000Z,,,false,9.939722222222223,25.411944444444444,54.10777777777778,0,3,🔫 Shooter
410E0A8E-6AA5-49AA-87A6-16DBCE810732,127,Q211735,Assassin's Creed II,"Discover an intriguing and epic story of power, revenge and conspiracy set during a pivotal moment in history: the Italian Renaissance.
Experience the freedom and immersion of an all new open world and mission structure with settings such as the rooftops and canals of beautiful Venice. Your options in combat, assassination and escape are vast, with many new weapons, settings and gameplay elements.",Ubisoft Montreal,Ubisoft Entertainment,https://images.igdb.com/igdb/image/upload/t_original/co1rcf.png,https://images.igdb.com/igdb/image/upload/t_original/wkagtolikjqalonaaixb.png,2010-03-09T08:00:00.000Z,2010,iOS|X360|Mac|PC|PS3,PC,,Abandoned,5,0,0,-1,0,0,90,0.0,0.0,,,2020-10-13T19:17:45.000Z,,,false,19.205277777777777,26.1275,35.4775,0,2,🎮 Platformer|🌍 Adventure
36AEBEC8-DB89-411A-9E75-7874C8FF460B,137,Q74539,Star Wars: The Force Unleashed II,"The Star Wars Saga continues with Star Wars: The Force Unleashed II, the highly anticipated sequel to the fastest-selling Star Wars game ever created, which has sold more than seven million copies worldwide.

In Star Wars: The Force Unleashed, the world was introduced to Darth Vader’s now fugitive apprentice, Starkiller — the unlikely hero who would ignite the flames of rebellion in a galaxy so desperately in need of a champion. In the sequel, Starkiller returns with over-the-top Force powers and embarks on a journey to discover his own identity and to reunite with his one true love, Juno Eclipse.

In Star Wars: The Force Unleashed II, Starkiller is once again the pawn of Darth Vader — but instead of training his protégée as a ruthless assassin, the dark lord is attempting to clone his former apprentice in an attempt to create the Ultimate Sith warrior. The chase is on — Starkiller is in pursuit of Juno and Darth Vader is hunting for Starkiller.

With all-new devastating Force powers and the ability to dual-wield lightsabers, Starkiller cuts a swath through deadly new enemies across exciting worlds from the Star Wars movies — all in his desperate search for answers to his past.",LucasArts,LucasArts,https://images.igdb.com/igdb/image/upload/t_original/co25xw.png,https://images.igdb.com/igdb/image/upload/t_original/yjr009cqjakuo4besojr.png,2010-10-26T07:00:00.000Z,2010,PS3|iOS|Wii|X360|NDS|PC|Linux,PC,,Abandoned,5,0,0,-1,0,0,64,0.0,0.0,,,2021-05-02T18:54:18.000Z,,,false,5.208055555555555,7.181111111111111,11.819722222222222,0,1,⚔️ RPG|👊 Beat 'em up|🌍 Adventure
D228F554-271D-4361-8F59-23A28E6CD262,142,Q54865,Star Wars: Battlefront II,"Star Wars: Battlefront II is the sequel to Star Wars: Battlefront. It is a high-selling Star Wars video game following the many adventures of several characters. The two games are very similar, as both revolve around troopers from various factions fighting in different locales. Battlefront II, however, includes elements and missions from Star Wars: Episode III Revenge of the Sith, as well as enhanced aspects of gameplay including space combat and the ability to play as Jedi characters or other heroes.

With brand new space combat, playable Jedi characters, and over 16 all new battlefronts, Star Wars Battlefront II gives you more ways than ever before to play the classic Star Wars battles any way you want.",Pandemic Studios,LucasArts,https://images.igdb.com/igdb/image/upload/t_original/co1nsg.png,https://images.igdb.com/igdb/image/upload/t_original/kovc0afidbupvb0k7d0g.png,2005-10-31T08:00:00.000Z,2005,XBOX|PS2|PSP|PC,PC,,Abandoned,5,0,0,-1,0,0,75,0.0,0.0,2021-05-04T15:20:44.000Z,2021-05-04T15:17:10.000Z,2021-05-04T15:20:44.000Z,,,false,7.746666666666667,17.142222222222223,53.73583333333333,0,2,🔫 Shooter|🌍 Adventure
8E8E3200-53E2-4813-8FBF-70DB95EE15B2,154,Q55217,Star Wars: Episode I - Racer,"Star Wars: Episode 1 - Racer lets you participate in the famous pod race sequence that was the critical highlight of the 1999 film Star Wars: Episode I, The Phantom Menace. These lightning-quick vehicles are capable of reaching simulated speeds of up to 600 miles per hour while skimming a mere 4 feet above the ground. You can race alone or against a friend in split-screen mode on more than 21 courses among eight worlds. Take the controls as Jedi-to-be Anakin Skywalker or any one of over 20 pod racers. Feel the full-force blast while avoiding hazards such as methane lakes, meteor showers, and the unfriendly Tusken Raiders.",LucasArts,LucasArts,https://images.igdb.com/igdb/image/upload/t_original/co3wj7.png,https://images.igdb.com/igdb/image/upload/t_original/gvnxvwnxiix8zercae01.png,1999-05-18T00:00:00.000Z,1999,PS4|N64|DC|PC|XONE|Mac|Switch,PC,,Abandoned,5,0,0,-1,0,0,70,0.0,0.0,2021-05-02T18:16:58.000Z,2021-05-02T18:16:55.000Z,,,,false,0.0,0.0,0.0,0,-1,🏁 Racing
1DD8D197-AFF3-4679-9506-8D861E86D558,157,Q55287,Star Wars: Dark Forces,"The Empire stretches its evil clutches across the galaxy, consuming planets with devastating results. Through many struggles, the Rebel Alliance has learned of a new Imperial battle station, the Death Star, with enough power to destroy an entire planet.

The evil Empire is secretly building a massive army to complete their arsenal of domination and render their reign of terror unstoppable. Kyle Katarn, a formal Imperial Stormtrooper must join the Rebel Alliance's covert operations division, and re-take the Empire from the inside, one battle at a time.

Unlike many other Doom-based games, Star Wars: Dark Forces attempted a realistic approach: the missions followed a specific storyline, sometimes cut up by scenes to progress the narrative. Each mission had its own briefing and objective. The levels were designed to represent actual bases, mines, facilities, and other known places from the Star Wars universe, like Star Destroyer interiors, Jabba's ship, Coruscant, etc.",LucasArts,LucasArts,https://images.igdb.com/igdb/image/upload/t_original/co4zdy.png,https://images.igdb.com/igdb/image/upload/t_original/lecdul1iqke0wwavwbw5.png,2009-09-16T07:00:00.000Z,2009,DOS|PS1|Mac|PC,PC,,Abandoned,5,0,0,-1,0,0,66,0.0,0.0,,,2020-10-06T18:09:40.000Z,,,false,8.909444444444444,10.655555555555555,15.313333333333333,0,2,🔫 Shooter
CAA7199E-D03F-4B14-98E0-D10828B77FB6,163,Q54297,Star Wars: Rogue Squadron,"It is a time of great rejoicing in the galaxy. Luke Skywalker, with the help of Wedge Antilles, has blown up the Death Star. But there is little time to celebrate. The mighty Empire is gathering strength for a determined, all-out assault on the Rebel forces.

To save the Rebel Alliance from this Imperial onslaught, Luke Skywalker and Wedge Antilles have assembled the Rogue Squadron, a group of twelve of the most skilled battle-tested starfighter pilots. You will fly into battle as Luke Skywalker, to engage in intense, fast-paced planetary air-to-ground and air-to-air missions ‒ dogfights, search and destroy, reconnaissance, bombing runs, rescue assignments, and more.",Factor 5,LucasArts,https://images.igdb.com/igdb/image/upload/t_original/co2481.png,https://images.igdb.com/igdb/image/upload/t_original/cvjmew534y76chci6wgd.png,1998-12-02T08:00:00.000Z,1998,N64|PC,PC,,Abandoned,5,0,0,-1,0,0,0,0.0,0.0,,,2021-05-02T18:14:50.000Z,,,false,8.262222222222222,9.863055555555556,11.546944444444444,0,1,🔫 Shooter|✈️ Simulator
6DE7258F-93DD-44C2-816E-0C78D5758893,210,Q54850,Star Wars: The Clone Wars - Republic Heroes,"Star Wars The Clone Wars: Republic Heroes lets Star Wars fans young and old live out the sweeping galactic adventures of the Clone Wars. For the first time ever, players can fight as their favorite Jedi and clone troopers from the preeminent animated television series – from familiar faces like Anakin Skywalker to new heroes like Clone Captain Rex.

A brand-new storyline, which bridges the gap between season one and two, takes the player on a multi-faceted adventure to stop a mysterious techno assassin’s destructive plot. Built around two-player cooperative action, the accessible controls and family-friendly gameplay bring Star Wars fans across generations together like never before to fight the evil Separatists and restore peace to the galaxy.

Experience an all-new and exciting Clone Wars storyline that bridges the gap between season one and two of the TV series as you learn more about the mysterious bounty hunter Cad Bane and hunt down the all-new Skakoan super villain Kul Teska.",Lucasfilm Animation Singapore,LucasArts,https://images.igdb.com/igdb/image/upload/t_original/zsi7rr6nuhvd3h8f3u6c.png,https://images.igdb.com/igdb/image/upload/t_original/ps6ahjjzlngtcxywofln.png,2009-10-06T07:00:00.000Z,2009,X360|PSP|PS3|PC|Wii|PS2,PC,,Abandoned,5,0,0,-1,0,0,41,0.0,0.0,,,2021-05-02T18:18:47.000Z,,,false,6.248611111111111,8.816666666666666,12.571388888888889,0,1,🔫 Shooter|🌍 Adventure
910AA5A6-37E9-4C88-9D48-8DB1A6C523DA,232,Q693937,Half-Life: Opposing Force,"Opposing Force returns to the same setting as Half-Life, but instead portrays the events from the perspective of a U.S. Marine, one of the enemy characters in the original game. The player character, Adrian Shephard, is sent in to neutralize the Black Mesa Research Facility after a scientific mishap causes it to be invaded by aliens, but quickly finds that the Marines are outnumbered and slowly being beaten back by a second alien race and black operations units.",Gearbox Software,Sierra Entertainment,https://images.igdb.com/igdb/image/upload/t_original/co1qre.png,https://images.igdb.com/igdb/image/upload/t_original/plecqtxlyt8qttaltvbb.png,1999-11-10T00:00:00.000Z,1999,Linux|PC|Mac,PC,,Abandoned,5,0,0,-1,0,0,70,0.0,0.0,2007-09-29T19:24:24.000Z,2007-09-29T19:24:21.000Z,,,,false,5.314166666666667,6.306111111111111,7.191111111111111,0,-1,🔫 Shooter|🎮 Platformer|🧩 Puzzle
487F65AD-0D1A-46C6-8C49-FE3004B2F578,240,Q791439,Battlefield 1942,"Building upon and vastly refining the ideas from Codename Eagle, Battlefield 1942 let players engage in infantry combat and get behind the wheel of a variety of vehicles from submarines to battleships and bombers. The game introduced the signature Battlefield rock-paper-scissors gameplay, as well as the exciting “Battlefield Moments” people refer to when talking about their unique and unscripted experiences within the multiplayer game.",Digital Illusions CE,Aspyr Media,https://images.igdb.com/igdb/image/upload/t_original/co1xb2.png,https://images.igdb.com/igdb/image/upload/t_original/sc5dvctnt695tqwiwfnb.png,2002-09-20T07:00:00.000Z,2002,PC|Mac,PC,,Abandoned,5,0,0,-1,0,0,0,0.0,0.0,,2025-09-27T05:35:39.746Z,,,,false,7.579166666666667,22.915277777777778,24.170277777777777,0,-1,
D5AE329B-6CE6-44A3-846A-D6F48F88BEBE,280,Q203310,DOOM 3,"A massive demonic invasion has overwhelmed the Union Aerospace Corporation's (UAC) Mars Research Facility, leaving only chaos and horror in its wake. As one of only a few survivors, you must fight your way to hell and back against a horde of evil monsters. The path is dark and dangerous, but you'll have an array of weapons--including a pistol, a chainsaw, grenades, and more--to use for protection.",id Software,Activision,https://images.igdb.com/igdb/image/upload/t_original/co1v3n.png,https://images.igdb.com/igdb/image/upload/t_original/dmxckx6xh0pikqhtbqhr.png,2004-08-03T00:00:00.000Z,2004,XBOX|Linux|PC|Mac,PC,,Abandoned,5,0,0,-1,0,0,86,0.0,0.0,2020-08-09T19:14:24.000Z,2020-08-09T19:14:21.000Z,,,,false,10.913611111111111,12.861944444444445,16.057222222222222,0,-1,🔫 Shooter
3EBFEDB3-FA76-4A34-B890-C7C0CAFCB44B,286,Q737103,Quake II,"Quake II is a first-person shooter video game developed by id Software and published by Activision. It is not a direct sequel to Quake, id decided to revert to an existing trademark when they were unable to agree on a new name that did not violate another company's trademark.",Hammerhead,Activision,https://images.igdb.com/igdb/image/upload/t_original/co1ybl.png,https://images.igdb.com/igdb/image/upload/t_original/vsemxynoo2bmcjjygmn3.png,1997-12-09T08:00:00.000Z,1997,PS1|Zeebo|Amiga|PC,PC,,Abandoned,5,0,0,-1,0,0,89,0.0,0.0,,,,,,false,7.5075,9.511388888888888,12.828055555555556,0,-1,
84F6F5E1-9AB0-4EE3-A81B-EBE6E133D69D,297,Q847820,Counter-Strike: Condition Zero,"With its extensive Tour of Duty campaign, a near-limitless number of skirmish modes, updates and new content for Counter-Strike's award-winning multiplayer game play, plus over 12 bonus single player missions, Counter-Strike: Condition Zero is a tremendous offering of single and multiplayer content.",Valve Corporation,Sierra Entertainment,https://images.igdb.com/igdb/image/upload/t_original/co1tx3.png,https://images.igdb.com/igdb/image/upload/t_original/twbobphslz0lqhyz1zz1.png,2004-03-23T00:00:00.000Z,2004,PC|XBOX|Linux|Mac,PC,,Abandoned,5,0,0,-1,0,0,66,0.0,0.0,2020-08-13T19:11:14.000Z,2020-08-13T19:11:12.000Z,,,,false,3.808333333333333,11.139722222222222,15.832777777777778,0,-1,🔫 Shooter
64294ABF-DD28-4210-B1CD-012452C9B640,306,Q337865,Far Cry,"A tropical paradise seethes with hidden evil in Far Cry, a cunningly detailed action shooter that pushed the boundaries of combat to shocking new levels.Freelance mariner Jack Carver is cursing the day he ever came to this island. A week ago, a brash female reporter named Valerie had offered him an incredible sum of cash to take her to this unspoiled paradise. Shortly after docking, however, Jack's boat was greeted by artillery fire from a mysterious militia group swarming about the island.

With his boat destroyed, his money gone, and the gorgeous Valerie suddenly missing, Jack now finds himself facing an army of mercenaries amidst the wilds of the island, with nothing but a gun and his wits to survive. But the further he pushes into the lush jungle canopy, the stranger things become.

Jack encounters an insider within the militia group who reveals the horrific details of the mercenaries' true intentions. He presents Jack with an unsettling choice: battle the deadliest mercenaries, or condemn the human race to a maniac's insidious agenda.",Crytek Frankfurt,,https://images.igdb.com/igdb/image/upload/t_original/co1vpf.png,https://images.igdb.com/igdb/image/upload/t_original/aeilnx1m47iq2mk4oufi.png,2004-03-23T00:00:00.000Z,2004,PC,PC,,Abandoned,5,0,0,-1,0,0,87,0.016666666666666666,0.0,2020-09-16T18:02:57.000Z,2020-09-16T18:02:54.000Z,,,,false,13.256388888888889,16.174444444444443,19.128055555555555,0,-1,🔫 Shooter
DED4F455-00F0-4CE0-A31F-E5E13482A113,321,Q633046,Command & Conquer 3: Tiberium Wars,"MultiplayerNote: As of June 2014, our friends at GameSpy have ended all hosted game services, which will affect the online multiplayer aspect of this game. Because of technical challenges and concerns, EA does not have a solution to keep these services up and running at this time, and online services for this game and other EA games on the GameSpy platform have ended.  
About the GameThe year is 2047. A massive nuclear fireball explodes high in the night sky, marking the dramatic beginning of the Third Tiberium War and the long-awaited return of the most groundbreaking Real-Time Strategy franchise of all time. Command & Conquer 3 Tiberium Wars unveils the future of RTS gaming by bringing you back to where it all began: the Tiberium Universe. With the corrupt substance Tiberium blanketing most of the Earth, the infamous Kane is back to lead his Brotherhood of Nod in a massive global assault on the Global Defense Initiative (GDI) and the few remaining livable Blue Zones left on the planet. Only you can stop him. Featuring state-of-the-art next-generation graphics, an epic story, and truly innovative features such as the ability to transform online battles into a spectator sport, Command & Conquer is about to reinvent RTS gaming … again. Welcome back, Commander.
Fast, Fluid, Fun — The ultra-responsive, smooth-as-silk gameplay C&C invented is now better than ever, intuitively placing your entire arsenal at your fingertips.
35+ Single Player Missions — In a vast open-world theater of war where each decision you make matters, you’ll experience one cohesive, epic story told from the unique perspective of all three warring factions.
Story Like You’ve Never Seen — High-definition, live action video sequences that seamlessly tie the game’s epic story together feature an unparalleled, diverse Hollywood cast, including talent from Star Wars, Starship Troopers, Battlestar Galactica, LOST, and House and the return of Joe Kucan as Kane.
AI with Distinct Styles of Play — The game AI matches your style of play—choose from play styles such as ‘rushing’, ‘turtling’, and more, or level the battlefield and let the AI use its own tactics to give you the highest level of challenge.
New Ways to Attack — Keep your opponent guessing by building flying battleships, wielding the power of terrifying Ion Storms, and combining units to form powerful, never-before-seen super-units.
Technology Makes the World Come Alive — Lose yourself in reflected sunlight and scream in sheer joy as you blow chunks off of enemy tanks, structures, and anything else you can launch a rocket at. The game world gains a new dimension and the battlefield comes to life as the atmosphere fills with smoke, fire, haze, tracers, explosions, and state-of-the-art weather effects.
Intuitive and Evolved Interface — A fully evolved side-bar interface allows you to completely manage your base operations while never leaving the action.",EA Los Angeles,Electronic Arts,https://images.igdb.com/igdb/image/upload/t_original/co1qqd.png,https://images.igdb.com/igdb/image/upload/t_original/b9jxdkknyavljfvtc2ci.png,2007-03-28T07:00:00.000Z,2007,PC|X360|Mac,PC,,Abandoned,5,0,0,-1,0,0,0,0.0,0.0,,2024-03-08T03:55:29.880Z,,,,false,22.903333333333332,27.341666666666665,35.049166666666665,0,-1,
1F74DEE9-2B81-457F-B5AD-4BA7E30E0E75,343,Q791454,Battlefield 3,"In Battlefield 3, players step into the role of the elite U.S. Marines. As the first boots on the ground, players will experience heart-pounding missions across diverse locations including Paris, Tehran and New York. As a U.S. Marine in the field, periods of tension and anticipation are punctuated by moments of complete chaos. As bullets whiz by, as walls crumble, as explosions force players to the ground, the battlefield feels more alive and interactive than ever before.",EA Digital Illusions CE,Electronic Arts,https://images.igdb.com/igdb/image/upload/t_original/co1xbu.png,https://images.igdb.com/igdb/image/upload/t_original/wfj4uguuur5idlyw6o1r.png,2011-10-25T00:00:00.000Z,2011,PC|X360|PS3,PC,,Completed,4,3,0,-1,0,10,85,0.35,0.0,2011-10-24T16:39:23.000Z,2013-10-24T16:39:16.000Z,,,,false,6.106944444444444,12.118055555555555,64.02666666666667,0,-1,🔫 Shooter
C6F032D4-6129-4A62-A1DA-57788B097D8C,351,Q811018,Battlefield 1943,"Using the Frostbite engine, Battlefield 1943 takes players back to WWII. The game offers hours of 24 player multiplayer action over three classic and tropic locations; Wake Island, Guadalcanal and Iwo Jima. Delivering the award-winning through-the-gun and vehicle warfare online experience DICE is best recognized for, Battlefield 1943 has players battling in ruthless aerial dog fights and intense trench combat.",EA Digital Illusions CE,Electronic Arts,https://images.igdb.com/igdb/image/upload/t_original/co1nv3.png,https://images.igdb.com/igdb/image/upload/t_original/sc9fjm.png,2009-07-08T00:00:00.000Z,2009,X360|PS3,X360,,Completed,4,1,0,-1,0,9,85,0.0,0.0,2009-07-08T00:00:00.000Z,2009-07-08T00:00:00.000Z,,,,false,9.135833333333334,20.250833333333333,30.305,0,-1,🔫 Shooter
01F80CA3-3328-4DCE-B1DA-24F546CAD1A7,355,Q726545,Quake III Arena,"Welcome to the Arena, where high-ranking warriors are transformed into spineless mush. Abandoning every ounce of common sense and any trace of doubt, you lunge onto a stage of harrowing landscapes and veiled abysses. Your new environment rejects you with lava pits and atmospheric hazards as legions of foes surround you, testing the gut reaction that brought you here in the first place. Your new mantra: Fight or be finished.",id Software,Activision,https://images.igdb.com/igdb/image/upload/t_original/co1ybj.png,https://images.igdb.com/igdb/image/upload/t_original/vscnhpjllpny9utfp1mi.png,1999-12-02T08:00:00.000Z,1999,DC|Linux|X360|PC|Mac,PC,,Abandoned,5,0,0,-1,0,0,86,0.0,0.0,,,,,,false,5.478888888888889,8.257222222222222,17.62472222222222,0,1,
B688B39E-0DC5-4DC7-9147-34C3CE06C4E3,379,Q247935,Metal Gear Solid 3: Snake Eater,"Metal Gear Solid 3: Snake Eater is the prequel to the entire Metal Gear series. Most of the series' defining gameplay elements have been carried over and as before, Snake must use stealth and wits rather than brute force to infiltrate enemy zones and eliminate his major adversaries. Unlike the previous games, this installment takes place in a large outdoor jungle. Snake is able to use camouflage, climb trees, hide in tall grass or wear clothes that make him less noticeable.",Konami Computer Entertainment Japan,Konami,https://images.igdb.com/igdb/image/upload/t_original/co5ei5.png,https://images.igdb.com/igdb/image/upload/t_original/sc6vo7.png,2004-11-17T08:00:00.000Z,2004,PS2,PS2,,Completed,4,3,100,-1,0,8,85,9.0,0.0,2024-01-13T22:16:49.130Z,2024-01-14T07:16:02.906Z,2023-07-02T23:52:24.086Z,,,false,15.976666666666667,19.46388888888889,23.82611111111111,2,-1,
AABAD2E5-820E-45FF-865B-ABF7B7002609,429,Q585271,Call of Juarez,"Call of Juarez is an epic adventure western themed FPS game. The player alternately assumes the roles of two distinct, antagonistic characters: a sneaking fugitive Billy and his hunter the reverend Ray. Apart from the highly interesting, emotional and psychological aspect of the link between the two",Techland,Ascaron Entertainment,https://images.igdb.com/igdb/image/upload/t_original/co1qqg.png,https://images.igdb.com/igdb/image/upload/t_original/jr88kjteztqcbmubzusi.png,2006-09-07T07:00:00.000Z,2006,X360|PC,PC,,Abandoned,5,0,0,-1,0,0,74,0.0,0.0,,,2023-08-21T01:09:12.000Z,,,false,7.844166666666666,9.337222222222222,10.741111111111111,0,1,
089083E8-E2E9-4495-9B1E-64BCFC3336DD,430,Q1027129,Call of Juarez: Bound In Blood,"In the remote and deadly Wild West, the outlaw McCall brothers are on a quest for the legendary Gold of Juarez. In their journey across a vast landscape, these lawless gunslingers will stop at nothing to achieve their goal. Arm yourself with pistols, cannons, machine guns and more as you strike out on a mission with two fearless compatriots whose bonds of blood are only strengthened by the blood they spill together.",Techland,,https://images.igdb.com/igdb/image/upload/t_original/co2pn0.png,https://images.igdb.com/igdb/image/upload/t_original/hfxgohvolm7ljrwcwxj0.png,2009-06-30T07:00:00.000Z,2009,PS3|X360|PC,PC,,Abandoned,5,0,0,-1,0,0,78,0.0,0.0,,,,,,false,7.625,8.344166666666666,12.661388888888888,0,1,
33B3B18C-2A43-4B09-BEB9-C0CD9C547B7A,434,Q548203,Red Dead Redemption,"A modern-day Western epic, Red Dead Redemption takes John Marston, a relic from the fast-closing time of the gunslinger, through an open world filled with wildlife, mini-games, and shootouts. Marston sets out to hunt down his old gang mates for the government, who have taken away his family. Along his journey, he meets many characters emblematic of the Wild West, heroism, and the new civilization.",Rockstar North,Rockstar Games,https://images.igdb.com/igdb/image/upload/t_original/co2lcv.png,https://images.igdb.com/igdb/image/upload/t_screenshot_huge/eaj8ukcnb9pqrupxxr5g.png,2010-05-18T07:00:00.000Z,2010,PC|X360|PS3,X360,,Completed,4,3,28,-1,0,9,79,0.0,0.0,2010-05-18T01:11:45.000Z,2011-01-02T06:09:27.000Z,2010-05-18T01:11:45.000Z,,,false,17.595833333333335,25.9675,46.09583333333333,0,-1,🔫 Shooter|⚔️ RPG|🌍 Adventure
9EA5C180-D7A8-42FC-987A-48FF4BD94631,473,Q648128,Battlefield: Bad Company,"Set in the near future, the Battlefield: Bad Company single-player campaign drops gamers behind enemy lines as part of a squad of four soldiers - risking it all to go AWOL on a personal quest. Featuring a dramatic storyline flavoured with attitude, Battlefield: Bad Company leads gamers far from the traditional frontlines on a wild ride with a group of renegade soldiers who decide that sometimes the gratitude of a nation just isn’t enough.

Battlefield: Bad Company is the first game built from the ground up for next-generation consoles using DICE’s bleeding-edge Frostbite game engine, delivering unrivalled graphics, effects and gameplay. Join Bad Company now.",EA Digital Illusions CE,Electronic Arts,https://images.igdb.com/igdb/image/upload/t_original/co1xbe.png,https://images.igdb.com/igdb/image/upload/t_original/qzyey30ic2a9yk7onup6.png,2008-06-23T00:00:00.000Z,2008,X360|PS3,X360,,Completed,4,1,0,-1,0,6,88,0.0,0.0,2008-06-23T00:00:00.000Z,2008-06-23T00:00:00.000Z,,,,false,7.498888888888889,11.444444444444445,55.951388888888886,0,-1,🔫 Shooter
886F1822-4F17-43A1-A292-ED4BA22536E6,500,Q746228,Batman: Arkham Asylum,"Using a great variety of gadgets you must make your way around the island, and the asylums halls to find and stop the joker. The game uses a 3-button combat system, but with a great number of gadget abilites which Batman can unlock. This makes for a very cinematic combat experience when fighting the Joker's goons.",Rocksteady Studios,Eidos Interactive,https://images.igdb.com/igdb/image/upload/t_original/co1voj.png,https://images.igdb.com/igdb/image/upload/t_screenshot_huge/ctdzxmrkdil0nbiqasyi.png,2009-08-25T00:00:00.000Z,2009,Ouya|Mac|X360|PC|PS3,X360,,Completed,4,3,100,-1,0,9,89,12.0,0.0,2020-11-22T08:04:35.454Z,2022-02-05T01:29:15.654Z,,,,false,12.0,16.5,25.0,0,-1,👊 Beat 'em up|🌍 Adventure
6E109F65-246B-4F01-81D1-9E11A1E576E9,501,Q288811,Batman: Arkham City,"Batman: Arkham City builds upon the intense, atmospheric foundation of Batman: Arkham Asylum, sending players soaring into Arkham City, the new maximum security ""home"" for all of Gotham City's thugs, gangsters and insane criminal masterminds.

Set inside the heavily fortified walls of a sprawling district in the heart of Gotham City, this highly anticipated sequel introduces a brand-new story that draws together a new all-star cast of classic characters and murderous villains from the Batman universe, as well as a vast range of new and enhanced gameplay features to deliver the ultimate experience as the Dark Knight.",Rocksteady Studios,WB Games,https://images.igdb.com/igdb/image/upload/t_original/co1voh.png,https://images.igdb.com/igdb/image/upload/t_screenshot_huge/optmyqz2utbniy4abipu.png,2011-10-18T07:00:00.000Z,2011,PC|OnLive|PS3|Switch|X360,X360,,Completed,4,1,95,-1,0,8,91,12.0,0.0,2020-11-22T08:05:07.663Z,2022-04-29T18:09:48.350Z,2020-11-22T08:05:07.663Z,,,false,12.454722222222221,21.60472222222222,45.852222222222224,0,1,👊 Beat 'em up|🌍 Adventure
F02AC42D-43FA-4563-AC24-589D98AA463D,529,Q796529,Far Cry 3,"Explore an island playground as stunningly beautiful as it is diverse – from mountain ranges to swampy grasslands and white sandy beaches. Fight your way through the island’s towns, temples, river ports and more.

Encounter a diverse and realistic cast of characters, including one of Far Cry’s most notorious villains: Vaas Montenegro. Dive into this deep and enriching story where morals are questionable and hope is all but abandoned.",Ubisoft Montreal,Ubisoft Entertainment,https://images.igdb.com/igdb/image/upload/t_original/co1vpd.png,https://images.igdb.com/igdb/image/upload/t_screenshot_huge/kwjtiwnlluu30knt0grv.png,2012-11-28T08:00:00.000Z,2012,PC|X360|PS3,PC,,Completed,4,3,65,-1,0,5,89,9.5,0.0,2020-09-17T02:18:52.000Z,2021-08-23T19:44:39.874Z,2020-09-17T02:18:52.000Z,,,false,15.928888888888888,25.51222222222222,36.33861111111111,0,2,🔫 Shooter|🌍 Adventure
43A7D478-5791-4D1D-823E-92DCB6AAC369,537,Q739654,Assassin's Creed Revelations,"Assassin's Creed Revelations presents the most immersive experience available in the series to date and the culmination of Ezio's adventure. In Assassin's Creed Revelations, master assassin Ezio Auditore walks in the footsteps of his legendary mentor, Altair, on a journey of discovery and revelation. It is a perilous path - one that will take Ezio to Constantinople, the heart of the Ottoman Empire, where a growing army of Templars threatens to destabilize the region.

In addition to Ezio's award-winning story, the acclaimed online multiplayer experience from Assassin's Creed Brotherhood returns; refined and expanded, with more modes, more maps and more characters that allow players to test their assassin skills against others from around the world. The latest chapter in the Assassin's Creed saga also includes revolutionary gameplay, allowing players to manipulate the construct of Desmond's memories and the Animus to decipher the mysteries of his past and gain insight into the future.",Ubisoft Montreal,Ubisoft Entertainment,https://images.igdb.com/igdb/image/upload/t_original/co1xih.png,https://images.igdb.com/igdb/image/upload/t_original/y6o09sjwlpotulpkyi8v.png,2011-11-15T08:00:00.000Z,2011,X360|PC|PS3,PC,,Abandoned,5,0,0,-1,0,0,81,0.016666666666666666,0.0,,,2022-09-16T15:22:38.000Z,,,false,12.394444444444444,20.616944444444446,34.68861111111111,0,2,🌍 Adventure
D47014E6-554B-48B4-B2E7-11457E6F5C37,539,Q569898,Metro: Last Light,"Based on the Russian novel Metro 2033 by Dmitry Glukhovsky, Metro: Last Light is a post-apocalyptic horror first-person shooter that serves as a new chapter in the Metro saga and is the sequel to Metro 2033. Like its predecessor, the game is a primarily story-driven shooter with heavy stealth elements. Artyom may carry up to three weapons at a time, however bullets are scarce and valuable to the point that higher grade bullets are, in fact, the Metro's currency. When dealing with armed opponents, stealth is encouraged and it is wise to save ammunition for the many mutant creatures encountered in combat. In many situations the player can choose between straightforward shooting and stealth, also having the option for lethal or non-lethal enemy takedowns.",4A Games,Deep Silver,https://images.igdb.com/igdb/image/upload/t_original/co2h9d.png,https://images.igdb.com/igdb/image/upload/t_original/q3k22exn75undqrrodit.png,2013-05-14T07:00:00.000Z,2013,WiiU|PS3|Mac|Linux|PC|X360,PC,,Abandoned,5,0,0,-1,0,0,79,0.0,0.0,,,2020-11-25T18:38:36.000Z,,,false,10.348888888888888,13.672222222222222,35.95666666666666,0,3,🔫 Shooter
DC05600D-D568-4843-85F2-2CDD4E12863E,545,Q207986,Call of Duty: Black Ops,"Call of Duty: Black Ops is the seventh main Call of Duty game and the sequel to Call of Duty: World at War. The game differs from most previous installments, which would involve a usual three-country campaign, while Call of Duty: Black Ops features two playable countries (Russia and the USA) but only has an American campaign. Several new features are also introduced, such as dive-to-prone and the available use of a flashlight on certain weapons. Furthermore, the campaign's playable characters now speak while being controlled by the player.",Treyarch,Activision,https://images.igdb.com/igdb/image/upload/t_original/co1wkl.png,https://images.igdb.com/igdb/image/upload/t_original/sc8agd.png,2010-11-09T00:00:00.000Z,2010,PC|Wii|PS3|X360|Mac,PC,,Abandoned,5,0,0,-1,0,0,81,0.7166666666666667,0.0,2021-02-11T18:46:23.000Z,2021-02-11T18:46:20.000Z,,,,false,7.126111111111111,12.56,16.686666666666667,0,-1,🔫 Shooter
BBC5B8B6-2430-442B-8E03-00FB7AECC6D1,559,Q486351,Call of Duty: Modern Warfare 2,"Call of Duty: Modern Warfare 2 is a first-person shooter video game developed by Infinity Ward and published by Activision for the Xbox 360 and PlayStation 3 video game consoles and the Microsoft Windows operating system. Officially announced on February 11, 2009, the game was released worldwide on November 10, 2009. It is the sixth installment of the Call of Duty series and the direct sequel to Call of Duty 4: Modern Warfare, continuing the same storyline, with Call of Duty: Modern Warfare 3 set to end the storyline.",Infinity Ward,Activision,https://images.igdb.com/igdb/image/upload/t_original/co3cwt.png,https://images.igdb.com/igdb/image/upload/t_original/st4aq06veb9xtawaxqwy.png,2009-11-10T00:00:00.000Z,2009,Mac|PC|PS3|X360,PC,,Abandoned,5,0,38,-1,0,0,83,5.133333333333334,0.0,2021-09-02T18:08:28.000Z,2021-09-02T18:08:25.000Z,,,,false,6.625277777777778,10.166666666666666,30.3075,0,1,🔫 Shooter
C24818C5-5C82-4065-A486-86708F194555,562,Q907508,Tom Clancy's Splinter Cell: Conviction,Experience an unparalleled level of action as you navigate the world of Sam Fisher. Go online or split screen in four co-op modes. Play the prologue to the single player storyline in co-op.,Ubisoft Montreal,Ubisoft Entertainment,https://images.igdb.com/igdb/image/upload/t_original/co1ypl.png,https://images.igdb.com/igdb/image/upload/t_original/p5degqjy4qcuvwjv5teh.png,2010-04-13T07:00:00.000Z,2010,PC|Android|Mac|X360|iOS,PC,,Abandoned,5,0,0,-1,0,0,85,0.0,0.0,,,2020-11-25T18:28:10.000Z,,,false,7.469722222222222,11.332777777777778,17.75611111111111,0,1,🔫 Shooter|🤔 Tactical
9D57514A-C9CF-4496-AA9B-87F54B3D6181,607,Q3636869,Battlefield: Bad Company 2 Vietnam,"Get ready for a whole new war, as DICE's massively popular online shooter Battlefield: Bad Company 2 makes the journey back to the 60's and the infamous Vietnam war.

At the heart of this expansion lie four distinct, brand-new multiplayer maps based on the Vietnam War. Each map brings a new gameplay experience and fresh visuals, with characteristics such as foxholes, tunnels and dense jungles from where the enemy can launch surprise attacks. Also, 15 classic Vietnam-era weapons and 6 vehicles are available from the moment you go online.

All four multiplayer game modes from Battlefield: Bad Company 2, including the genre-defining Conquest Mode, will be playable in Battlefield: Bad Company 2 Vietnam. The expansion is integrated with the full game persistence, so no matter what theatre of war you participate in, you will continue to level up your soldier as usual.",EA Digital Illusions CE,Electronic Arts,https://images.igdb.com/igdb/image/upload/t_original/co3m02.png,https://images.igdb.com/igdb/image/upload/t_original/lpu5rqhrfv3t8luwvmxm.png,2010-12-18T00:00:00.000Z,2010,PC|X360|PS3,PC,,Completed,4,1,0,-1,0,7,85,0.0,0.0,2011-06-11T04:44:15.000Z,2011-06-11T04:44:07.000Z,,,,false,0.0,0.0,0.0,0,0,🔫 Shooter
63A57719-CB13-416D-8059-5881993CCE19,621,Q211096,Call of Duty,"The player has two primary weapon slots, a handgun slot and can carry up to eight grenades (all of the later Call of Duty games feature only two weapon slots; a sidearm will fill one of these slots). Weapons may be exchanged with those found on the battlefield dropped by dead soldiers.",Infinity Ward,Activision,https://images.igdb.com/igdb/image/upload/t_original/co2n19.png,https://images.igdb.com/igdb/image/upload/t_original/rerbiva5qqj7thoec7vy.png,2003-10-29T00:00:00.000Z,2003,PS3|Mac|X360|PC,PC,,Completed,4,3,6,-1,0,8,86,0.0,0.0,2021-02-11T18:45:40.000Z,2021-02-11T18:45:38.000Z,,,,false,6.9063888888888885,9.1,9.568888888888889,0,-1,🔫 Shooter
2AD9C926-ACDA-4C48-8B9D-016CCB381F3B,623,Q76255,Call of Duty 4: Modern Warfare,"Call of Duty 4: Modern Warfare differs from previous installments of the Call of Duty series. Previous Call of Duty games have a distinct three country-specific campaign style, while Call of Duty 4 has a more film-like plot with interlaced story lines from the perspectives of Sgt. Paul Jackson of the Marines 1st Force Recon and Sgt. 'Soap' MacTavish of the British 22nd SAS Regiment.",Infinity Ward,Activision,https://images.igdb.com/igdb/image/upload/t_original/co1wko.png,https://images.igdb.com/igdb/image/upload/t_original/r7mefu40043mgglor3jc.png,2007-11-05T00:00:00.000Z,2007,PS3|Mac|X360|PC,PC,,Abandoned,5,0,0,-1,0,0,87,6.15,0.0,2021-02-11T19:09:04.000Z,2021-02-11T19:09:02.000Z,,,,false,6.8925,9.373611111111112,15.811388888888889,0,-1,🔫 Shooter|✈️ Simulator
9BC15D1E-68FA-452F-80A6-7E04E2D88CD9,625,Q207797,Call of Duty: World at War,Call of Duty: World at War immerses players into the most gritty and chaotic WWII combat ever experienced. Players band together to survive the most harrowing and climactic battles that led to the demise of the Axis powers on the European and Pacific fronts.,Treyarch,Activision,https://images.igdb.com/igdb/image/upload/t_original/co1wl8.png,https://images.igdb.com/igdb/image/upload/t_original/uophhfx8u4di3nfsefuo.png,2008-11-11T00:00:00.000Z,2008,PS3|X360|Wii|PC,PC,,Abandoned,5,0,0,-1,0,0,80,5.6,0.0,2021-02-11T18:48:22.000Z,2021-02-11T18:48:20.000Z,,,,false,7.364166666666667,11.734722222222222,26.47111111111111,0,-1,🔫 Shooter|🌍 Adventure
5FE0B031-5341-4012-B2B3-7802086B2032,649,Q820217,Command & Conquer: Generals,"Command & Conquer: Generals puts your trigger finger on the pulse of modern warfare. Choose your powerful General to control massive armies of bleeding-edge military weaponry across a globe teetering on the brink of Armageddon.

Command one of three unique sides, each with customisable high-tech arsenals ready to deliver unprecedented firepower on land or in the skies. Annihilate the opposition in the 27-mission single-player campaign or dish out the damage in global multiplayer mayhem. Prepare your forces, Commander…it’s time to engage in the next generation of real-time strategy - Command & Conquer Generals.",EA Pacific,Electronic Arts,https://images.igdb.com/igdb/image/upload/t_original/co1nyd.png,https://images.igdb.com/igdb/image/upload/t_original/z3ugdylckjegi8fnrq1a.png,2003-02-10T08:00:00.000Z,2003,Mac|PC,PC,,Abandoned,5,0,0,-1,0,0,0,0.0,0.0,,2024-03-08T03:55:29.882Z,,,,false,14.801388888888889,17.82027777777778,23.01888888888889,0,-1,
013C02F5-1133-444E-A991-AAC2AB8A5E6F,650,Q1069497,Command & Conquer: Generals - Zero Hour,"It's Zero Hour, and time to unleash the absolute latest in modern weapons technology in a quest to become the world's most powerful General. In Command & Conquer Generals: Zero Hour, the first expansion pack to Command & Conquer Generals, players will wage a global war for control of the modern world and face the ultimate challenge by squaring off against the world's most elite commanders. Selecting from a variety of new units and an arsenal of new high-tech weaponry, players will use whatever it takes to remove enemy Generals from power.

To emerge victorious, even the most experienced C&C Generals' veteran must discover new tactics and strategies to take full advantage of-and learn to defend against-the world's most lethal weapons. With the addition of new units, structures, and upgrades-plus enhanced controls, Battle Honors, and a variety of new online features-Command & Conquer Generals Zero Hour gives players the firepower they'll need for global domination.

With 15 new missions, players may be tasked to destroy the U.S. fleet in the Mediterranean, root out a splinter cell in Cairo, infiltrate a U.S. intelligence building, or send in special operatives to capture weapons of mass destruction. An all-new Generals Challenge mode allows players to control any of 9 new armies in battle against 9 AI generals.

The ultimate goal will be to successfully make their way through all 9 enemy Generals, and unlock a select number of their armies for play in Skirmish and Online modes and prove once and for all they are the Ultimate Modern Warfare General.",EA Los Angeles,Electronic Arts,https://images.igdb.com/igdb/image/upload/t_original/co1nye.png,https://images.igdb.com/igdb/image/upload/t_original/khwboclmfm6vhj71h8gv.png,2003-09-22T07:00:00.000Z,2003,PC|Mac,PC,,Abandoned,5,0,0,-1,0,0,0,0.0,0.0,,2024-03-08T03:55:29.881Z,,,,false,13.786666666666667,18.18611111111111,23.994722222222222,0,-1,
483D7F72-81C5-4B12-AACF-AADDCD2702AF,667,Q2319900,Descent 3,"The gut-wrenching Descent saga continues with more pulse-pounding action than ever before. Dive into massive subterranean strongholds and experience a whole new degree of freedom, as you careen through canyons and craters on the surface above... powered by the all-new Fusion engine. Test your piloting skills against an army of battle-drones and assault-bots using an extensive arsenal of tactics and heavy firepower.",Outrage Games,Interplay Entertainment,https://images.igdb.com/igdb/image/upload/t_original/co1omm.png,https://images.igdb.com/igdb/image/upload/t_original/hukcdmqeywqi2ifil4bx.png,1999-06-17T07:00:00.000Z,1999,Linux|PC|Mac,PC,,Abandoned,5,0,0,-1,0,0,0,0.0,0.0,,,,,,false,8.5,11.14,12.0,0,2,
AD85276C-C06D-4C83-9F7D-83646F5917C2,668,Q1444699,Descent II,"You're going down... again. If you thought Descent went to the edge of 360° 3D power-blasting sensory insanity, then prepare yourself. You're about to plunge over the edge, and into the depths of Descent II.

Suddenly warped into the outer reaches of the Zeta Aquilae System, your new mission sends you into the black depths of treacherous alien mines. You blast through enemy robots with powerful new tools, leaving their flaming hulks in your exhaust. Your ultimate goal: to exterminate the alien robot stronghold from the enemy Alien Base and claim total control -- it's 30 new levels of outrageous destruction.

But this time, you're not alone.

Joining you on your deadly new assignment is your loyal Guide-bot. This faithful companion rushes with you through the twists and turns of the menacing darkness, often scouting ahead to hunt down the orbs, powerups and tools you desperately need to complete your job. But beware -- raging enemies are still determined to destroy you, including the menacing Thief-bot who's set on stealing your weapons of destruction and precious powerups. Get ready -- Descent II is about to take you on a whole new synapse-smashing ride.",Parallax Software,MacPlay,https://images.igdb.com/igdb/image/upload/t_original/co1omi.png,https://images.igdb.com/igdb/image/upload/t_original/qwqetvbrgvvcgujxkrmm.png,1996-03-13T08:00:00.000Z,1996,DOS|PS1|PC|Mac,PC,,Abandoned,5,0,0,-1,0,0,92,0.0,0.0,,,,,,false,12.634722222222223,12.642222222222221,26.0,0,1,
6749F9C7-106C-4244-8AAC-514F10F90245,670,Q634893,Command & Conquer 4: Tiberian Twilight,"Behold disciples of Nod, for the end is soon upon us. Electronic Arts’ award-winning and best-selling Tiberium saga is coming to a powerful conclusion with Command & Conquer 4, which will introduce a multitude of innovations to the classic fast and fluid Command & Conquer gameplay, while retaining the core compulsions that fans have come to love over the series’ history.

It is the year 2062 and humanity is at the brink of extinction. Tiberium, the mysterious, alien crystalline structure that has infested Earth for decades and served as the primary reason for years of relentless conflict between the Global Defense Initiative (GDI) and the Brotherhood of Nod, is close to rendering the planet uninhabitable. Mankind is on the verge of extinction when Kane, Nod’s prophetic leader, emerges from seclusion to deliver GDI the message that he has developed a system that could control Tiberium and harness its power. But he cannot build this ""Tiberium Control Network"" without GDI’s cooperation. Thus, the two opposing factions – GDI and Nod – inevitably find themselves in desperation for the same cause: to stop Tiberium from extinguishing mankind.

After 15 years, the network is nearly complete, Tiberium is under strict control and our revitalized, newly terraformed planet is on the cusp of a new age of prosperity and progress. It is then that the world’s citizens begin to seriously ponder why Kane chose to help, and what will he want in return. These questions and more lead to the dramatic final act of the Tiberium saga.

With a multitude of innovative new features to the fast and fluid C&C gameplay, Command & Conquer 4 offers players an entirely new way to play C&C. An all-in-one mobile base, persistent player progression across all game modes that is constantly updated in a real-time online profile, a 3-class system for each of the two factions, co-operative play, and a 5v5 objective-based multiplayer mode that promotes teamwork and social interaction, make Command & Conquer 4 unlike any other C&C experience.",EA Los Angeles,Electronic Arts,https://images.igdb.com/igdb/image/upload/t_original/co20kb.png,https://images.igdb.com/igdb/image/upload/t_original/hhnmmenfxehn4i0pdrfy.png,2010-03-16T07:00:00.000Z,2010,PC|Linux,PC,,Abandoned,5,0,0,-1,0,0,0,0.0,0.0,,2024-03-08T03:55:29.882Z,,,,false,8.321388888888889,10.161388888888888,12.408333333333333,0,-1,
69E14086-E9AC-47D1-B254-A0D668175956,672,Q572500,DOOM 3: Resurrection of Evil,"Doom 3: Resurrection of Evil (commonly abbreviated to as RoE) is an expansion pack for Doom 3 developed by Nerve Software and id Software and released on April 4, 2005. The PC version was sold as an expansion pack, requiring Doom 3 to install. The Xbox version was sold as a stand-alone game, with Ultimate Doom, Doom II, and the Doom II Master Levels as bonuses on the disc.

The expansion pack included several new monsters, as well as three new weapons.","Nerve Software, LLC",Activision,https://images.igdb.com/igdb/image/upload/t_original/co23vw.png,https://images.igdb.com/igdb/image/upload/t_original/dvq4ehr61pbw83rkftso.png,2005-04-04T00:00:00.000Z,2005,PC|Linux|XBOX,PC,,Abandoned,5,0,0,-1,0,0,74,0.0,0.0,2020-08-09T19:14:55.000Z,2020-08-09T19:14:53.000Z,,,,false,4.073888888888889,4.776944444444444,5.811944444444444,0,-1,🔫 Shooter
7990493E-C13F-4235-AD46-C45551BD673B,706,Q838003,Command & Conquer: Renegade,"Renegade's story takes place during the final days of the First Tiberium War originally depicted in Command & Conquer. GDI's top three Tiberium research specialists have been abducted by the Brotherhood of Nod. The player assumes the role of GDI commando Captain Nick ""Havoc"" Parker, who is assigned to rescue these experts. He conducts missions which take him all over the world in various countries and climates, both indoor and outdoor, and his actions greatly affect the current state of the war. As the game progresses it is revealed that the specialists have been forced into biochemistry research for the Brotherhood's top secret ""Project Re-Genesis,"" An attempt to create genetically enhanced super-soldiers with the aid of Tiberium.
As the player plays through a mission, the in-game EVA, or Electronic Video Assistance, periodically updates with mission objectives. EVA logs and updates all objectives and their current status. Objectives are categorized into three categories: primary, secondary and tertiary. The completion of primary objectives are crucial for that mission's success. Secondary objectives are not required for mission completion, but may assist in game play. Tertiary missions, which are usually hidden, do not assist much in game play, but will affect your final ""rank"" at the end of each mission.",Westwood Studios,Electronic Arts,https://images.igdb.com/igdb/image/upload/t_original/co20ig.png,https://images.igdb.com/igdb/image/upload/t_original/nx6502mb4ru8ewxy3ode.png,2002-02-26T08:00:00.000Z,2002,PC,PC,,Abandoned,5,0,0,-1,0,0,0,0.0,0.0,,2024-03-08T03:55:29.882Z,,,,false,9.269444444444444,10.38,10.511388888888888,0,-1,
D6981185-EF29-4084-9C55-10D0384464AB,707,Q899188,Command & Conquer 3: Kane's Wrath,"In the name of Kane! The Command & Conquer series continues to thrive with Command & Conquer 3: Kane’s Wrath. As the expansion pack to the critically-acclaimed and fan favorite, Command & Conquer 3 Tiberium Wars, this Real-time Strategy (RTS) game returns to the Tiberium Universe with Kane at the center of an epic new single player campaign spanning 20 years – from the rebirth of the Brotherhood of Nod after the Second Tiberium War through the dramatic events of the Third Tiberium War and beyond.

This story will be told through a new set of high-definition, live action video sequences starring a celebrity cast including Joe Kucan, playing the megalomaniac leader of the Brotherhood of Nod, alongside new talent Natasha Henstridge and Carl Lumbly. With your help, Commander, the Dark Messiah may rise again!

Unprecedented Multi-decade Campaign – Kane returns as the centerpiece of an epic new single-player campaign. Experience a new story that spans 20 years – from the rebirth of the Brotherhood of Nod after the Second Tiberium War through the dramatic events of the Third Tiberium War and beyond. Facilitate the rise of the Brotherhood leading up to and beyond the events of Command & Conquer 3 Tiberium Wars",EA Los Angeles,Electronic Arts,https://images.igdb.com/igdb/image/upload/t_original/co1zv1.png,https://images.igdb.com/igdb/image/upload/t_original/thsvelilp6c2swdinqts.png,2008-03-24T07:00:00.000Z,2008,XONE|PC|X360,PC,,Abandoned,5,0,0,-1,0,0,0,0.0,0.0,,2024-03-08T03:55:29.882Z,,,,false,7.874444444444444,11.94361111111111,20.02638888888889,0,-1,
984D4732-6E77-4058-916F-326DD1FAD684,731,Q94797,Grand Theft Auto IV,"Grand Theft Auto IV is an action-adventure video game developed by Rockstar North and published by Rockstar Games. It is the eleventh title in the Grand Theft Auto series, and the first main entry since 2004's Grand Theft Auto: San Andreas.

The game is played from a third-person perspective and its world is navigated on-foot or by vehicle. Throughout the single-player mode, players play as Niko Bellic. An online multiplayer mode is included with the game, allowing up to 32 players to engage in both co-operative and competitive gameplay in a recreation of the single-player setting.

Two expansion packs were later released for the game, The Lost and Damned and The Ballad of Gay Tony, which both feature new plots that are interconnected with the main Grand Theft Auto IV storyline, and follow new protagonists.",Rockstar North,Rockstar Games,https://images.igdb.com/igdb/image/upload/t_original/co2lbv.png,https://images.igdb.com/igdb/image/upload/t_original/ywnl0sqqi9wslnyw60l9.png,2008-12-02T10:00:00.000Z,2008,X360|PC|PS3,PC,,Completed,4,1,0,-1,0,8,92,1.45,0.0,2008-12-01T20:27:49.000Z,2008-12-01T20:27:34.000Z,2008-12-01T20:27:49.000Z,,,false,27.428333333333335,40.74527777777778,75.14722222222223,0,2,🔫 Shooter|🏁 Racing|🌍 Adventure
B3BECA29-D1DA-46EC-9126-3F121D3B27BA,732,Q83265,Grand Theft Auto: San Andreas,"Returning after his mother's murder to the semi-fictional city of Los Santos (based on Los Angeles), Carl Johnson, a former gang banger, must take back the streets for his family and friends by gaining respect and once again gaining control over the streets. However, a story filled with crime, lies and corruption will lead him to trudge the entire state of San Andreas (based on California and Nevada) to rebuild his life.",Rockstar North,Rockstar Games,https://images.igdb.com/igdb/image/upload/t_original/co2lb9.png,https://images.igdb.com/igdb/image/upload/t_original/sojdbdt93e06wojplpsj.png,2005-06-07T00:00:00.000Z,2005,X360|PS4|PC|iOS|XBOX|Android|PS3|PS2|Mac,PC,,Completed,4,1,0,-1,0,7,93,0.0,0.0,2011-07-03T19:22:56.000Z,2011-07-03T19:22:54.000Z,,,,false,30.488055555555555,46.089444444444446,79.615,0,2,🔫 Shooter|🏁 Racing|🌍 Adventure
B4255F37-7964-47EC-8632-E727010ED9B5,748,Q1037042,Hitman 2: Silent Assassin,"Enter the realm of a retired assassin, forced back into action by treason. You may be a hired killer but you still have a sense of loyalty and justice. Visit the dark recesses of a world corrupted by crime, greed, degradation and dishonor. And a past that catches up with you.

Trust no one - if the price is right, the finger of your most trusted ally will be on the trigger. Your targets may hide in the most remote areas of the planet, but their destruction is never prevented - only postponed.

Learn your trade - master your tools - overcome your obstacles - outsmart your enemies - eliminate your targets. Remember: rash decisions bleed consequences. Know when to strike instantly, know when to take your time. Chance favors the prepared. Failure is not an option.",IO Interactive,Eidos Interactive,https://images.igdb.com/igdb/image/upload/t_original/co1pdt.png,https://images.igdb.com/igdb/image/upload/t_original/umerxz5oizrb5cxdhvuu.png,2002-10-01T00:00:00.000Z,2002,PS2|XBOX|NGC|PC,PC,,Abandoned,5,0,0,-1,0,0,77,0.0,0.0,2020-09-27T19:19:15.000Z,2020-09-27T19:19:13.000Z,,,,false,13.888055555555555,14.950833333333334,18.755,0,-1,🔫 Shooter|🤔 Tactical
D6F39113-731D-49A9-8EBA-7E6F0A685C08,759,Q1091551,Command & Conquer: Red Alert 3 - Uprising,"Red Alert 3: Uprising features four new mini-campaigns, giving players a deeper dive into the storyline's of the Soviets, the Allies, the Empire of the Rising Sun and a unique campaign centered on the origins of everyone’s favorite psionic Japanese schoolgirl commando, Yuriko Omega. Set in the aftermath of Red Alert 3, the Soviet Union is still reeling from its crushing defeat. The Empire of the Rising Sun is desperately trying to regain both honor and identity, and the seemingly victorious Allies find themselves in the midst of corruption and deceit within their own ranks.

How will the defeated Soviets react to the occupation and the presence of FutureTech, the mysterious company contracted by the Allies to develop new technologies in the Soviets’ homeland? How will the humiliated Empire of the Rising Sun rise up and defend itself against the former Soviet commanders who have invaded their territory in a post-war land grab? How will the Allied occupational forces quash the uprising of the former Imperial commanders? And who is the mysterious Japanese commando Yuriko Omega?

Four New Mini-Campaigns – Battle your way through four all-new mini-campaigns featuring classic fast, furious, and fun C&C action. New stories and missions will cover all three factions, plus experience an entirely new, dungeon crawler campaign centered on the Empire’s commando, Yuriko Omega. Find out what the dubious tech company FutureTech is producing in their secret research facility, how the Soviets and the Empire deal with their inferior situation and witness Yuriko Omega’s rise from captive to deadly assassin.

The Largest Cast in the History of Video Games Gets Bigger and Better – Command & Conquer’s trademark live-action videos return with stunning HD cinematics telling the deep story of Uprising. Fan favorites like Gemma Atkinson and Ivana Milicevic will make their return to Red Alert, alongside Malcolm McDowell, wrestling legend Ric Flair, Jamie Chung, Holly Valance, Julia Ling and many more.",EA Los Angeles,Electronic Arts,https://images.igdb.com/igdb/image/upload/t_original/co2ps4.png,https://images.igdb.com/igdb/image/upload/t_original/ufwh3njdajsiernosiaz.png,2009-03-12T07:00:00.000Z,2009,PC,PC,,Abandoned,5,0,0,-1,0,0,0,0.0,0.0,,2024-03-08T03:55:29.882Z,,,,false,9.884444444444444,17.834444444444443,34.31111111111111,0,-1,
AFF08769-4B8A-41D5-A4F7-DA5AAB969D32,769,Q540406,Lara Croft and the Guardian of Light,"Lara Croft and the Guardian of Light is a platform action video game developed by Crystal Dynamics and published by Square Enix for Microsoft Windows, PlayStation 3, Xbox 360 and iOS as part of the Tomb Raider series through digital distribution. Unlike previous games in the series, the game does not carry the Tomb Raider brand and has a heavy emphasis on cooperative gameplay. In multiplayer, players take the role as either Lara Croft or a 2,000-year-old Mayan warrior named Totec. They must work together in order to stop the evil spirit Xolotl and retrieve the Mirror of Smoke. A single-player campaign mode is available that does not include the non-playable character AI following or helping Lara.",Crystal Dynamics,Square Enix,https://images.igdb.com/igdb/image/upload/t_original/co1vod.png,https://images.igdb.com/igdb/image/upload/t_original/jwvk3gd5mjp25bla3ncn.png,2010-08-18T07:00:00.000Z,2010,Stadia|PC|PS3|X360,PC,,Abandoned,5,0,0,-1,0,0,78,0.0,0.0,,,2020-09-16T18:01:50.000Z,,,false,6.255277777777778,8.202777777777778,16.719722222222224,0,1,🔫 Shooter|🎮 Platformer|🧩 Puzzle|🌍 Adventure
D7FD7E53-391D-411D-914C-651B58FB9649,825,Q2020055,Saints Row,"Saints Row takes place in the fictional city of Stilwater, where the main character is involved in a conflict between four rival gangs. Despite the protagonist's attempts to remain uninvolved, you are drawn into the conflict and become a member of the Third Street Saints. As the game progresses, you go to war with Los Carnales, the Westside Rollers, and the Vice Kings, gaining status within the gang and taking over the city in the process.",Volition,THQ,https://images.igdb.com/igdb/image/upload/t_original/co2w7c.png,https://images.igdb.com/igdb/image/upload/t_original/m4mlxwxxdc2hl0wcb2mc.png,2006-08-29T07:00:00.000Z,2006,X360,X360,,Abandoned,5,0,21,-1,0,0,62,0.0,0.0,2022-08-22T15:30:39.000Z,,2022-08-22T15:30:39.000Z,,,false,12.910833333333333,25.448055555555555,48.21194444444444,0,-1,🔫 Shooter|🏁 Racing|🌍 Adventure
70C76462-0D68-404B-8884-C1C3EA103D76,909,Q1325327,Tom Clancy's Rainbow Six: Vegas,Tom Clancy's Rainbow Six makes its next-generation hardware debut in the most dramatic installment of the renowned first-person shooter franchise to date. Experience Las Vegas like never before – through revolutionary next-generation technology as you work against the clock to keep one of the world's most recognizable cities from utter devastation.,Ubisoft Montreal,,https://images.igdb.com/igdb/image/upload/t_original/co1ypo.png,https://images.igdb.com/igdb/image/upload/t_original/sptajm5gwkpsi4mrmzq9.png,2006-11-28T00:00:00.000Z,2006,PS3|PC|X360,PC,,Abandoned,5,0,0,-1,0,0,85,0.0,0.0,2020-08-09T17:49:19.000Z,2020-08-09T17:49:17.000Z,,,,false,8.284166666666666,12.251111111111111,30.354444444444443,0,-1,🔫 Shooter|🤔 Tactical
1754C1EA-3962-44CE-B446-057E63AD4E97,910,Q377242,Tom Clancy's Splinter Cell,"Infiltrate terrorists' positions, acquire critical intelligence by any means necessary, execute with extreme prejudice, and exit without a trace!

You are Sam Fisher, a highly trained secret operative of the NSA's secret arm: Third Echelon. The world balance is in your hands, as cyber terrorism and international tensions are about to explode into WWIII.",Ubisoft Montreal,,https://images.igdb.com/igdb/image/upload/t_original/co2ysy.png,https://images.igdb.com/igdb/image/upload/t_original/osk9fgnqbkmvpy3uzdki.png,2003-02-19T00:00:00.000Z,2003,XBOX|NGC|Mac|PC|PS2,PC,,Abandoned,5,0,0,-1,0,0,84,0.0,0.0,2021-11-20T20:25:31.000Z,2021-11-20T20:25:28.000Z,,,,false,12.614444444444445,15.088888888888889,15.58,0,-1,🔫 Shooter|🤔 Tactical
DBDDBFF7-3AD2-4B95-B3DF-1F821883A9E9,911,Q533304,Tom Clancy's Splinter Cell: Chaos Theory,"You are Sam Fisher, the NSA's most elite black-ops agent. To achieve your mission you will kill from close range, attack with your combat knife, shoot with the prototype Land Warrior rifle, and use radical suppression techniques such as the inverted neck break. Also take on cooperative multiplayer infiltration missions, where teamwork is the ultimate weapon.",Ubisoft Montreal,Ubisoft Entertainment,https://images.igdb.com/igdb/image/upload/t_original/co2ysx.png,https://images.igdb.com/igdb/image/upload/t_original/a85ox2we4wbgolrejjoe.png,2005-03-28T10:00:00.000Z,2005,PS2|NGC|XBOX|PC,PC,,Abandoned,5,0,0,-1,0,0,77,0.0,0.0,2021-11-20T20:25:47.000Z,2021-11-20T20:25:44.000Z,2021-11-20T20:25:47.000Z,,,false,13.001944444444444,14.236666666666666,19.440833333333334,0,1,🔫 Shooter|🤔 Tactical
23D25DEE-B389-4BA6-AD81-403B166E7905,912,Q317620,Tomb Raider,"Tomb Raider is a 3D action game developed by Core Design and published by Eidos Interactive. The game follows the exploits of Lara Croft, a British female archaeologist in search of ancient treasures.

The objective of Tomb Raider is to guide Lara through a series of tombs and other locations in search of treasures and artifacts. On the way, she must kill dangerous animals and other creatures, while collecting objects and solving puzzles to gain access to an ultimate prize, usually a powerful artifact.

The game was critically acclaimed and widely influential, it spawned a number of sequels and a franchise of related media.",Core Design,Sony Computer Entertainment,https://images.igdb.com/igdb/image/upload/t_original/co3hfx.png,https://images.igdb.com/igdb/image/upload/t_original/scbuaz.png,2012-11-28T08:00:00.000Z,2012,PS1|PC|Vita|PS3|Saturn|PSP|DOS,PC,,Abandoned,5,0,0,-1,0,0,84,0.0,0.0,,,2020-09-16T17:33:55.000Z,,,false,11.365,15.461944444444445,20.76222222222222,0,1,🔫 Shooter|🎮 Platformer|🧩 Puzzle|🌍 Adventure
525EC54A-4D01-4644-AB74-76A25EBC242B,979,Q486233,Call of Duty: Modern Warfare 3,"Call of Duty: Modern Warfare 3 is a first-person shooter video game, developed by Infinity Ward and Sledgehammer Games (Treyarch for the Wii version), with Raven Software having assisted in development and published by Activision.",Sledgehammer Games,Activision,https://images.igdb.com/igdb/image/upload/t_original/co1wkn.png,https://images.igdb.com/igdb/image/upload/t_original/tlpws6qmxxl3dgkcobgi.png,2011-11-17T07:00:00.000Z,2011,PS3|X360|PC|Mac,PC,,Abandoned,5,0,0,-1,0,0,0,0.0,0.0,,2025-04-12T01:53:37.191Z,,,,false,6.1375,10.005555555555556,38.075833333333335,0,1,
65DA0676-407D-431D-B03D-58552B4560B7,1029,Q213911,The Legend of Zelda: Ocarina of Time,"The Legend of Zelda: Ocarina of Time is the fifth main installment of The Legend of Zelda series and the first to be released for the Nintendo 64. It was one of the most highly anticipated games of its age, and is listed among the greatest video games ever created by numerous websites and magazines. The gameplay of Ocarina of Time was revolutionary for its time, it has arguably made more of an impact on later games in the series than any of its predecessors even though they had the same cores of exploration, dungeons, puzzles and item usage. Among the gameplay mechanics, one of the most noteworthy is the time-traveling system. The game begins with the player controlling the child Link, but later on an adult Link becomes a playable character as well and each of them has certain unique abilities. Ocarina of Time also introduces the use of music to solve puzzles: as new songs are learned, they can be used to solve puzzles, gain access to new areas and warp to different locations. Dungeon exploration is somewhat more puzzle-oriented than in earlier games but they are not too complex.",Nintendo Entertainment Analysis & Development,Nintendo,https://images.igdb.com/igdb/image/upload/t_original/co3nnx.png,https://images.igdb.com/igdb/image/upload/t_original/hsycs23tftukuix2ftnc.png,1998-11-23T08:00:00.000Z,1998,WiiU|64DD|N64|Wii,N64,,Completed,4,3,0,-1,0,10,-1,0.0,0.0,1998-11-23T00:14:52.000Z,1999-11-26T00:14:47.000Z,1998-11-23T00:14:52.000Z,,,false,26.822222222222223,30.39666666666667,37.658611111111114,0,-1,🧩 Puzzle|⚔️ RPG|🌍 Adventure
7A9E7FFE-CA60-4D55-BA3E-681A0753D3FC,1030,Q732943,The Legend of Zelda: Majora's Mask,"The Legend of Zelda: Majora's Mask is a direct sequel to Ocarina of Time, it utilizes the same engine and visual style as its predecessor. The game retains the traditional elements of Zelda games as well as those introduced in Ocarina of Time, such as active blocking with a shield, various throwing items, and the usage of melodies played on the ocarina to solve puzzles. Compared to the previous Zelda games, this installment is more oriented towards interaction with NPCs and has a larger variety of items, optional quests, and mini-games. It also includes a time system that spans three days, and this cycle must be reset periodically to progress through the game.",Nintendo EAD Software Development Group No.3,Nintendo,https://images.igdb.com/igdb/image/upload/t_original/co3pah.png,https://images.igdb.com/igdb/image/upload/t_screenshot_huge/rta3kjagqt8jiakoamwg.png,2000-10-26T07:00:00.000Z,2000,N64|Wii|WiiU|64DD,N64,,Completed,4,3,95,-1,0,5,90,30.0,0.0,2022-02-25T17:23:28.018Z,2022-08-08T23:34:28.506Z,2022-02-25T17:23:28.018Z,,,false,21.38722222222222,30.66,32.71194444444444,2,-1,🌍 Adventure
B7633CF5-A0C7-453C-8148-6C2B096EE788,1048,Q239889,Hitman: Blood Money,"Hitman Blood Money is the fourth installment of the critically acclaimed Hitman series. If Agent 47 must stay hidden, make clean ‘hits’ and leave the scene unnoticed, he will be rewarded. But if he is revealed during a violent act, his picture will end up in the papers and on wanted posters, making the job as a contract killer more difficult.

This time, Agent 47 is paid in cold, hard cash. How the money is spent will affect his passage through the game and the weapons at his disposal, resulting in a unique game-play experience for each player.",IO Interactive,Eidos Interactive,https://images.igdb.com/igdb/image/upload/t_original/co2dm6.png,https://images.igdb.com/igdb/image/upload/t_original/sblvoeyd8wybwqh7kvfx.png,2006-05-26T00:00:00.000Z,2006,PC|XBOX|PS2|X360,PC,,Abandoned,5,0,0,-1,0,0,80,0.0,0.0,2011-07-09T19:19:39.000Z,2011-07-09T19:19:37.000Z,,,,false,11.793888888888889,15.829722222222221,19.68027777777778,0,-1,🔫 Shooter
6E62EB62-F890-4ACB-9A25-AF874933D44A,1062,Q575505,Alan Wake,"Presented in the style of a TV series, Alan Wake features the trademark Remedy storytelling and pulse-pounding action sequences. As players dive deeper and deeper into the mystery, they’ll face overwhelming odds, plot twists, and cliffhangers. It’s only by mastering the Fight With Light combat mechanic that they can stay one step ahead of the darkness that spreads across Bright Falls.

With the body of an action game and the mind of a psychological thriller, Alan Wake’s intense atmosphere, deep and multi-layered story, and exceptionally tense combat sequences provide players with an entertaining and original gaming experience.",Remedy Entertainment,Microsoft Game Studios,https://images.igdb.com/igdb/image/upload/t_original/co2dft.png,https://images.igdb.com/igdb/image/upload/t_screenshot_huge/mxscclds496mp4wqrhje.png,2010-05-18T00:00:00.000Z,2010,PC|X360,X360,PC,Completed,4,3,100,-1,0,5,83,0.0,0.0,2020-10-08T02:19:14.000Z,2021-05-10T21:18:52.546Z,,,,false,11.184166666666666,14.383333333333333,25.996111111111112,0,-1,🔫 Shooter|🌍 Adventure
C697FD61-AC04-4D95-B73C-63976C9961AB,1074,Q216995,Super Mario 64,"Mario is super in a whole new way! Combining the finest 3-D graphics ever developed for a video game and an explosive soundtrack, Super Mario 64 becomes a new standard for video games. It's packed with bruising battles, daunting obstacle courses, and underwater adventures. Retrieve the Power Stars from their hidden locations and confront your arch-nemesis— Bowser, King of the Koopas!

• Run freely in a grassy meadow, tip-toe through a gloomy dungeon, climb to the top of a mountain, or take a swim in the moat!
• Leap headfirst into a watery painting and soon you'll be searching for the surface in an underwater realm!
• On-the-fly, 3-D rendered gameplay delivers the action of ruthless enemy attacks from every angle!
• Find the Caps that give Mario super powers and ponder the mysteries of the pyramid; you can even race Koopas for fabulous prizes!
• With the Nintendo 64 Controller and its analog
Control Stick, Mario can crawl, kick down obstacles, swim, do reverse flips, and even stick the landing on his backwards somersault!
• Saved game information is stored for up to four players in memory.",Nintendo Entertainment Analysis & Development,Nintendo,https://images.igdb.com/igdb/image/upload/t_original/co21mm.png,https://images.igdb.com/igdb/image/upload/t_original/sc8e2k.png,1996-09-29T07:00:00.000Z,1996,N64|Wii|WiiU,N64,,Completed,4,3,0,-1,0,10,89,0.0,0.0,1996-12-26T00:15:45.000Z,1997-06-01T23:15:41.000Z,1996-12-26T00:15:45.000Z,,,false,11.809444444444445,16.852222222222224,19.996388888888887,0,-1,🎮 Platformer|🌍 Adventure
256136FB-7FD1-43AB-B05B-0DE2439B2124,1077,Q170489,Super Mario Galaxy,"A 3D platformer and first Wii entry in the Super Mario franchise, Super Mario Galaxy sees Mario jump across planets and galaxies with varying items, enemies, geographies and gravity mechanics in order to reach his enemy Bowser, who has attacked the Mushroom Kingdom and hijacked Princess Peach's castle with her inside.",Nintendo Entertainment Analysis & Development,Nintendo,https://images.igdb.com/igdb/image/upload/t_original/co21ro.png,https://images.igdb.com/igdb/image/upload/t_original/sc882y.png,2007-11-12T08:00:00.000Z,2007,WiiU|Wii,Wii,,Completed,4,3,0,-1,0,10,98,0.0,0.0,2007-11-12T00:16:52.000Z,2007-12-12T00:16:46.000Z,2007-11-12T00:16:52.000Z,,,false,13.526388888888889,20.636666666666667,35.10722222222222,0,-1,🎮 Platformer|🌍 Adventure
05390238-4764-4DD5-BBE7-D15026BE475F,1078,Q854487,Super Mario Galaxy 2,"Super Mario Galaxy 2 is the sequel to Super Mario Galaxy and the fourth 3D platformer entry in the Mario franchise. The sequel retains many elements from its predecessor, such as the adventure being in outer space, the element of gravity, and recurring objects such as Launch Stars and Sling Stars. Returning items include the Bee Mushroom and the Fire Flower. However, the game introduces new elements as well, such as the utilization of Yoshi, new power-ups like the Cloud Flower, and the use of a guide within the game for beginner players.",Nintendo Entertainment Analysis & Development,Nintendo,https://images.igdb.com/igdb/image/upload/t_original/co21tl.png,https://images.igdb.com/igdb/image/upload/t_original/sc8834.png,2010-05-23T07:00:00.000Z,2010,WiiU|Wii,Wii,,Completed,4,3,0,-1,0,10,87,0.0,0.0,2010-05-22T23:17:47.000Z,2010-06-22T23:17:35.000Z,2010-05-22T23:17:47.000Z,,,false,13.137777777777778,20.375833333333333,32.507777777777775,0,-1,🎮 Platformer|🌍 Adventure
2B503046-0389-499B-AABF-B49BAC9D672B,1121,Q1371726,Watch Dogs,"Set in Chicago, where a central network of computers connects everyone and everything, Watch Dogs explores the impact of technology within our society. Using the city as your weapon, you will embark on a personal mission to inflict your own brand of justice. Chicago's overarching network is known as the Central Operating System (ctOS), and it controls almost all of the city's technology and information - including key data on all of the city's residents.",Ubisoft Montreal,Ubisoft Entertainment,https://images.igdb.com/igdb/image/upload/t_cover_big/co1r8g.png,https://images.igdb.com/igdb/image/upload/t_original/lxmysvnpxlmiht3iq7ju.png,2014-05-27T07:00:00.000Z,2014,XONE|PC|WiiU|X360|PS3|Stadia|PS4,XONE,PS4|Stadia|XONE,Completed,4,3,100,-1,0,8,79,0.03333333333333333,0.0,2023-04-07T00:02:42.245Z,2023-04-13T23:43:41.572Z,2020-10-13T05:26:25.000Z,,,false,19.55388888888889,33.20638888888889,62.62111111111111,0,2,🔫 Shooter|🌍 Adventure
08BF2899-611A-4626-A5D4-CEAC00C19A76,1156,Q816451,Tomb Raider II,"Tomb Raider II is the second game of the Tomb Raider games series. It is an action game with platforming and puzzle-solving elements, similar in concept and gameplay to its predecessor. Most of the gameplay consists of traversing hazardous 3D levels utilizing Lara's athletic skills and solving environmental puzzles. The sequel puts more emphasis on fighting enemies, adding many human foes to the mix. Additional weapons include a harpoon gun, a grenade launcher, and an M16 rifle. Automatic pistols replace the magnums from the first game.",Core Design,Eidos Interactive,https://images.igdb.com/igdb/image/upload/t_original/co3whn.png,https://images.igdb.com/igdb/image/upload/t_original/scc9gp.png,1997-10-31T08:00:00.000Z,1997,PS3|PSP|PC|PS1|Mac|Vita,PC,,Abandoned,5,0,0,-1,0,0,0,0.0,0.0,,,2020-09-16T17:34:10.000Z,,,false,15.457222222222223,18.96611111111111,21.363333333333333,0,1,🔫 Shooter|🎮 Platformer|🌍 Adventure
C789FD8E-D372-43FD-9473-427BD8A88514,1157,Q1123794,Tomb Raider III: Adventures of Lara Croft,"Tomb Raider III: Adventures of Lara Croft is a platform and third-person shooter game developed by Core Design and published by Eidos Interactive. It is the third installment in the Tomb Raider series and the sequel to Tomb Raider II. The gameplay system is similar to the one implemented in the previous game. Lara's abilities include running, jumping, climbing, swimming, rolling, crouching, crawling, sprinting, and swinging on bars and vines. A few new types of hazards have been added in this installment, including cold water in which Lara can swim for a limited amount of time, dangerous underwater creatures (such as piranhas), and the treacherous quicksand, which will swallow the heroine if the player isn't careful and fast enough to prevent her from falling into it.",Core Design,Eidos Interactive,https://images.igdb.com/igdb/image/upload/t_original/co3h9u.png,https://images.igdb.com/igdb/image/upload/t_original/scc9ki.png,1998-11-20T08:00:00.000Z,1998,Mac|PS3|PC|Vita|PS1|PSP,PC,,Abandoned,5,0,0,-1,0,0,0,0.0,0.0,,,2020-09-16T17:34:32.000Z,,,false,20.101944444444445,22.334444444444443,25.005,0,1,🔫 Shooter|🌍 Adventure
EC08761D-2A09-4E18-8D64-1EFF90A837B1,1158,Q668568,Tomb Raider: The Last Revelation,"Tomb Raider IV: The Last Revelation is the fourth game of the Tomb Raider games series, it plays very similar to the previous games in the series but some new things have been added to the game. The biggest addition is that now rather large parts of the game consist of several interconnected levels sometimes explored in any order, with puzzles in one level often requiring that some actions are done in other levels. The new additions to Lara's arsenal are a revolver and a bow with several sets of arrows including exploding and poisonous ones.",Core Design,Eidos Interactive,https://images.igdb.com/igdb/image/upload/t_original/co3hbt.png,https://images.igdb.com/igdb/image/upload/t_original/sccbit.png,1999-11-23T08:00:00.000Z,1999,PC|PSP|DC|Vita|PS3|PS1|Mac,PC,,Abandoned,5,0,0,-1,0,0,0,0.0,0.0,,,2020-09-16T17:35:19.000Z,,,false,17.036944444444444,23.363888888888887,24.121944444444445,0,2,🔫 Shooter|🧩 Puzzle|🌍 Adventure
77A3365A-63A1-4794-B9A9-D78CAF26EF07,1160,Q642359,Tomb Raider: Chronicles,"Tomb Raider: Chronicles is the fifth game in the Tomb Raider series and the sequel to Tomb Raider: The Last Revelation. It was developed by Core Design and published by Eidos Interactive. Like its predecessors, Tomb Raider: Chronicles is an action game with puzzle-solving and platforming elements. The gameplay is very similar to that of the previous games, with the addition of a few new skills. Lara can now walk on tightropes, swing on horizontal bars, and somersault forwards from a ledge while crouching. A grappling hook has been added to her inventory. The game also includes a level editor, allowing the player to create new stages for Lara to explore.",Core Design,Eidos Interactive,https://images.igdb.com/igdb/image/upload/t_original/co3h20.png,https://images.igdb.com/igdb/image/upload/t_original/scbta7.png,2000-11-24T10:00:00.000Z,2000,PSP|Vita|PS3|PS1|PC|DC|Mac,PC,,Abandoned,5,0,0,-1,0,0,60,0.0,0.0,2020-09-16T19:26:59.000Z,2020-09-16T19:26:57.000Z,2020-09-16T19:26:59.000Z,,,false,10.837222222222222,12.113611111111112,12.405833333333334,0,1,🔫 Shooter|🌍 Adventure
9BC9236B-4649-46C9-9777-14A75A492EC3,1161,Q665785,Tomb Raider: Legend,"Tomb Raider: Legend is the seventh major game in the Tomb Raider series, now for the first time developed by Crystal Dynamics, along with the original character designer of the game's protagonist Lara Croft. It serves as a reboot of the franchise, with a new incarnation of Lara Croft. The typical third-person action-adventuring exploring is still present, and Lara can move more freely because she is no longer limited by specific jumps. As you travel through rough environments, you will need to run, dive, swim, climb on poles, ladders, roofs, use zip lines, shimmy, and vault, with acrobatic actions such as somersaults and flips. You need to cross difficult terrain, solve puzzles to advance or open up new areas, and engage in combat.",Crystal Dynamics,Square Enix,https://images.igdb.com/igdb/image/upload/t_original/co1nnv.png,https://images.igdb.com/igdb/image/upload/t_original/sccqqq.png,2006-04-11T07:00:00.000Z,2006,PC|OnLive Game System|X360,PC,,Abandoned,5,0,0,-1,0,0,60,0.0,0.0,,,2020-09-16T17:36:17.000Z,,,false,7.193888888888889,9.054166666666667,15.25361111111111,0,2,🔫 Shooter|🌍 Adventure
F8CFD2B6-458B-4BE2-BC97-B6ED8BC8BF57,1162,Q580667,Tomb Raider: Anniversary,"Tomb Raider: Anniversary is a remake of the original Tomb Raider with a technically more advanced graphics engine. It has the same basic storyline, though some cutscenes and much of the dialogue within have been expanded or modified in other ways. Locations correspond to those of the original version and are accessed in the same order, but have been re-designed with different layouts and mostly completely different puzzles which allow implementation of new moves: swinging on ropes and using a grappling hook at specific points.",Crystal Dynamics,Eidos Interactive,https://images.igdb.com/igdb/image/upload/t_original/co1vo9.png,https://images.igdb.com/igdb/image/upload/t_original/sccr3x.png,2007-06-01T00:00:00.000Z,2007,X360|OnLive Game System|Mac|PC|PS2|PSP|Wii,PC,,Abandoned,5,0,0,-1,0,0,69,0.0,0.0,,,2020-09-16T17:34:54.000Z,,,false,12.45111111111111,15.201666666666666,20.80666666666667,0,2,🔫 Shooter|🎮 Platformer|🌍 Adventure
E2179F32-80F3-4678-BEAF-05363E2C119A,1164,Q1757876,Tomb Raider,"Tomb Raider explores the intense and gritty origin story of Lara Croft and her ascent from a young woman to a hardened survivor. Armed only with raw instincts and the ability to push beyond the limits of human endurance, Lara must fight to unravel the dark history of a forgotten island to escape its relentless hold.",Crystal Dynamics,Square Enix,https://images.igdb.com/igdb/image/upload/t_original/co1rbu.png,https://images.igdb.com/igdb/image/upload/t_screenshot_huge/lq9a31uqkexzf1gpclti.png,2013-03-05T00:00:00.000Z,2013,PC|X360|Mac|PS3|Linux,PS3,PC,Completed,4,3,80,-1,0,8,84,0.0,0.0,2020-09-16T07:12:00.000Z,2021-01-05T19:54:18.555Z,,,,false,11.315,15.437777777777777,20.75888888888889,0,2,🔫 Shooter|🎮 Platformer|🧩 Puzzle|🌍 Adventure
72E76A74-C5A4-4461-8073-CB97A21F66AF,1272,Q7798922,SimCity,"SimCity, later renamed SimCity Classic, is a city-building simulation video game, first released on February 2, 1989, and designed by Will Wright for the Macintosh computer. SimCity was Maxis's second product, which has since been ported into various personal computers and game consoles, and spawned several sequels including SimCity 2000 in 1993, SimCity 3000 in 1999, SimCity 4 in 2003, SimCity DS, SimCity Societies in 2007, and SimCity in 2013. Until the release of The Sims in 2000, the SimCity series was the best-selling line of computer games made by Maxis.",Maxis,Infogrames,https://images.igdb.com/igdb/image/upload/t_original/co1vwv.png,https://images.igdb.com/igdb/image/upload/t_original/imf2nlr73vwqmw5btdeg.png,1993-01-01T07:59:59.000Z,1992,Atari-ST|Sharp X68000|bbcmicro|DOS|ACPC|Amiga|Acorn Archimedes|FM Towns|Mac|PC-9800 Series|ZXS|PC|C64|Acorn Electron,PC,,Completed,4,1,0,-1,0,9,58,0.0,0.0,1995-02-02T17:04:32.000Z,1995-02-02T16:17:10.000Z,1995-02-02T17:04:32.000Z,,,false,15.181944444444444,22.75,33.69305555555555,0,-1,✈️ Simulator|💭 Strategy
0C3E8833-BC2C-4537-830E-257482760E98,1293,Q2313070,Tom Clancy's Ghost Recon: Future Soldier,"The story of a Vengeance, the history of a secret war.

When a stolen military grade bomb takes out a Ghost squad, a new Ghost Unit must track down the source of the weapons. But the trail Kozak, Ghost Lead, Pepper and 30K follow leads around the world, into the corridors of power where rebellion and war are brewing. Soon, the Ghosts are all that stands between the world and a devastating global conflict.",Ubisoft Paris,Ubisoft Entertainment,https://images.igdb.com/igdb/image/upload/t_original/co1ypp.png,https://images.igdb.com/igdb/image/upload/t_original/ck7wcif8e0ygrewcse6q.png,2012-06-26T07:00:00.000Z,2012,PC|PS3|X360,PC,,Abandoned,5,0,0,-1,0,0,0,0.0,0.0,,2024-03-29T19:28:28.938Z,,,,false,10.383611111111112,13.247777777777777,16.591666666666665,0,1,
66923B99-73ED-4795-909A-6A1B41105DDA,1296,Q1826994,Tom Clancy's Ghost Recon: Island Thunder,"Ghost Recon takes the next step in battlefield realism with Tom Clancy's Ghost Recon: Island Thunder.

Cuba, 2009: Castro is dead, and the first free Cuban elections in decades are thrown into turmoil by a drug-funded warlord. The Ghosts, an elite team of U.S. Army Green Berets, are sent to Cuba as part of a UN peacekeeping force to destroy the rebel forces and their mercenary leaders and secure the elections for a free Cuba.",Red Storm Entertainment,,https://images.igdb.com/igdb/image/upload/t_original/co6iv8.png,https://images.igdb.com/igdb/image/upload/t_original/m1ogcgceh06lccgmttme.png,2002-09-25T07:00:00.000Z,2002,PC|XBOX,PC,,Abandoned,5,0,0,-1,0,0,0,0.0,0.0,,2024-03-29T19:28:33.284Z,,,,false,3.2780555555555555,3.343888888888889,3.6944444444444446,0,2,
2E327FC5-5B5C-4BDA-BD30-218DECF3BFBB,1331,Q1339030,Limbo,Limbo is a black and white puzzle-platforming adventure. Play the role of a young boy traveling through an eerie and treacherous world in an attempt to discover the fate of his sister.,Playdead,Microsoft Game Studios,https://images.igdb.com/igdb/image/upload/t_original/co1qrs.png,https://images.igdb.com/igdb/image/upload/t_original/sc99xz.png,2011-08-02T07:00:00.000Z,2011,PC|Switch|PS3|PS4|Vita|Linux|XONE|iOS|X360|Android|Mac,PC,,Completed,4,3,100,-1,0,4,-1,3.3333333333333335,0.0,2023-11-27T07:34:17.349Z,2023-12-20T06:48:00.023Z,,,,false,3.5794444444444444,4.162222222222222,6.622222222222222,0,3,
09201F83-B76D-4E18-AEC5-A5026C210AF9,1334,Q4975646,Brothers: A Tale of Two Sons,"Brothers is presented from a third-person view overlooking the two brothers. The brothers are moved individually by two thumbsticks on the controller. The controller triggers also cause the respective brother to interact with the game world, such as talking to a non-player character or grabbing onto a ledge or object.

The older brother is the stronger of the two and can pull levers or boost his younger brother to higher spaces, while the younger one can pass between narrow bars. The player progresses by manipulating the two brothers at the same time to complete various puzzles, often requiring the player to manipulate both brothers to perform differing functions (such as one distracting a hostile non-player character while the other makes their way around).

Should either brother fall from a great height or get injured, the game restarts at a recent checkpoint. All of the in-game dialogue is spoken in a fictional language, thus the story is conveyed through actions, gestures and expressions.",Starbreeze Studios,505 Games,https://images.igdb.com/igdb/image/upload/t_original/co1rro.png,https://images.igdb.com/igdb/image/upload/t_original/k5ymzkjthfmttvdluxwv.png,2013-09-03T07:00:00.000Z,2013,Win Phone|Android|PS4|PS3|XONE|iOS|Switch|X360|PC,PC,,Abandoned,5,0,0,-1,0,0,77,0.0,0.0,,2024-02-28T17:28:44.598Z,,,,false,3.069722222222222,3.4852777777777777,4.0313888888888885,0,1,
7F1D20F2-4014-4003-9839-9F06EA4A93FA,1342,Q166226,Beyond: Two Souls,"A unique psychological action thriller delivered by A-list Hollywood performances by Elliot Page and Willem Dafoe, Beyond: Two Souls takes you on a thrilling journey across the globe as you play out the remarkable life of Jodie Holmes.",Quantic Dream,Sony Computer Entertainment,https://images.igdb.com/igdb/image/upload/t_original/co2mps.png,https://images.igdb.com/igdb/image/upload/t_original/hbwpvsmuj18ppdylxhiy.png,2015-11-26T08:00:00.000Z,2015,PS4|PS3|PC,PS4,,Abandoned,5,0,0,-1,0,0,71,0.0,0.0,,,2022-11-28T16:36:17.174Z,,,false,10.635277777777778,12.394722222222223,27.489444444444445,0,3,
98C8412D-61A4-4645-8C92-5D4CEE774C78,1354,Q1825218,Flower,"ESCAPE TO A DREAMLIKE WORLD

From the studio behind the genre-bending titles Journey and flOw comes Flower, a unique gaming experience that lets you soar through a dreamlike world of luscious fields and rolling hills. Control the wind to carry a stream of flower petals around each landscape and watch as it comes to life.

Every level has its own unique aims and little mysteries – but you don’t have to worry about them if you don’t feel like it. Flower is about doing what you want, when you want. Freedom is everything.",ThatGameCompany,Annapurna Interactive,https://images.igdb.com/igdb/image/upload/t_original/co1q8r.png,https://images.igdb.com/igdb/image/upload/t_original/x0w95r3zbxv1idqvjfzc.png,2019-02-14T10:00:00.000Z,2019,PS4|iOS|PS3|Vita|PC,PC,,Abandoned,5,0,0,-1,0,0,87,0.08333333333333333,0.0,2022-07-08T18:06:52.000Z,2022-07-08T18:06:50.000Z,2022-07-08T18:06:52.000Z,,,false,1.9930555555555556,2.5797222222222222,5.094444444444444,0,3,🧩 Puzzle|✈️ Simulator|🌍 Adventure|😎 Indie
862BA9A8-14EF-4A92-8243-805C7C5CF010,1372,Q842146,Counter-Strike: Global Offensive,"CS:GO is the fourth iteration of Valve's team-based modern-military first-person shooter that features new and updated versions of the classic CS content. While expanding the franchise, the game also introduces new gameplay modes, matchmaking and leader boards.",Hidden Path Entertainment,Valve Corporation,https://images.igdb.com/igdb/image/upload/t_original/co4apq.png,https://images.igdb.com/igdb/image/upload/t_original/sc87l9.png,2012-08-21T00:00:00.000Z,2012,X360|PS3|Linux|Mac|PC,PC,,Abandoned,5,0,17,-1,0,0,81,5.55,0.0,2012-08-21T00:00:00.000Z,2012-08-21T00:00:00.000Z,,,,false,52.435833333333335,345.25,767.1222222222223,0,-1,🔫 Shooter|🤔 Tactical
1AD46117-DD24-438F-87DE-C6A0F6B6C0BE,1381,Q618266,Payday: The Heist,"Payday: The Heist is an action filled first person shooter that lets players take on the role of a hardened career criminal executing intense, dynamic heists in constant pursuit of the next “big score”. Load out with an array of weaponry and equipment. Navigate six high-stake heists with three other live or A.I. Co-Op partners in crime.",Overkill Software,Daybreak Game Company,https://images.igdb.com/igdb/image/upload/t_original/co68m7.png,https://images.igdb.com/igdb/image/upload/t_original/bh68u5xamd6m9bjgbzbc.png,2011-10-20T07:00:00.000Z,2011,PS3|PC,PC,,Abandoned,5,0,0,-1,0,0,72,0.0,0.0,,,,,,false,9.869444444444444,31.176111111111112,45.69833333333333,0,2,
9C149A83-3016-45BB-8809-3CA207278BBB,1638,Q369086,GoldenEye 007,GoldenEye 007 is a first-person shooter video game developed by Rare and based on the 1995 James Bond film GoldenEye. It was exclusively released for the Nintendo 64 video game console in August 1997.,Rare,Nintendo,https://images.igdb.com/igdb/image/upload/t_original/co62k0.png,https://images.igdb.com/igdb/image/upload/t_original/pwb0o24pyhqnpz4r54a0.png,,0,N64,,,Completed,4,3,7,-1,0,10,83,0.0,0.0,1997-08-01T18:19:51.000Z,1997-10-01T18:20:12.000Z,1997-08-01T18:19:51.000Z,,,false,8.807222222222222,13.823333333333334,22.05611111111111,0,-1,
3D581E84-A0C7-4205-8920-7FDED054A855,1877,Q3182559,Cyberpunk 2077,"Cyberpunk 2077 is an open-world action-adventure game set in Night City, a sprawling metropolis driven by power, glamour, and body modification. Players assume the role of V, a mercenary outlaw in pursuit of a unique implant that holds the key to immortality. The game allows extensive customization of cyberware, skills, and playstyle. Choices made throughout the journey influence both the narrative and the world.",CD Projekt RED,CD Projekt,https://images.igdb.com/igdb/image/upload/t_cover_big/co2mjs.png,https://images.igdb.com/igdb/image/upload/t_screenshot_huge/quphnww1axg2mmsvxfux.png,2020-12-10T08:00:00.000Z,2020,PS5|PC|Mac|Stadia|PS4|Series X|S|Switch 2|XONE,PC,PS5|Series X|Stadia,Completed,4,3,45,-1,0,10,76,2.0833333333333335,0.0,2020-09-16T22:41:32.000Z,2022-10-02T22:15:18.100Z,2020-09-16T22:41:32.000Z,,,false,40.55694444444445,83.57666666666667,128.44444444444446,2,3,⚔️ RPG
E7A8264F-A3A1-4B49-A39C-6B863C5ADD80,1905,Q50822580,Fortnite,"Fortnite is the completely free online game where you and your friends fight to be the last one standing in Battle Royale, join forces to make your own Creative games, or catch a live show at Party Royale.",Epic Games,Epic Games,https://images.igdb.com/igdb/image/upload/t_original/co2ekt.png,https://images.igdb.com/igdb/image/upload/t_original/vqphwdpqcsk0yvo8sbhu.png,2017-07-25T10:00:00.000Z,2017,iOS|Switch|Mac|PS4|PC|Series X|PS5|XONE|Android,PC,PS5|Series X,Completed,4,1,0,-1,0,7,82,3.9333333333333336,0.0,2020-11-12T01:54:59.000Z,2023-01-15T04:15:26.604Z,2020-11-12T01:54:59.000Z,,,false,62.69444444444444,162.6977777777778,270.75388888888887,0,-1,🔫 Shooter|⚔️ RPG|💭 Strategy
9C6E1141-EA30-4DDF-B12E-C89878A3BDFE,1939,Q210275,Destiny,"Bungie has emphasized that the universe of Destiny will be ""alive"". Events may happen in-game that are not necessarily controlled or planned by the developer, which will help to create a dynamic developing experience for Bungie and a dynamic playing experience for gamers. The game's style has been described a first-person shooter that will incorporate massively multiplayer online game (MMO) elements, but Bungie has avoided defining Destiny as a traditional MMO game. Instead, the game has been referred to as a ""shared-world shooter,"" as it lacks many of the characteristics of a traditional MMO game. For instance, rather than players being able to see and interact with all other players in the game or on a particular server—as is the case in many conventional MMO games—Destiny will include on-the-fly matchmaking that will allow players to see and interact only with other players with whom they are ""matched"" by the game.
Destiny will incorporate a new game engine that allows global illuminations and real-time dynamic lighting to occur together. An innovation in Bungie's ""hopper"" technology, which has been the backbone for Halo's matchmaking system, will allow better player matchmaking in order to create a more natural experience in either cooperative or competitive multiplayer modes.",Bungie,Activision,https://images.igdb.com/igdb/image/upload/t_original/co1rco.png,https://images.igdb.com/igdb/image/upload/t_original/fva4jrbuuw2ejijtsoj8.png,2014-09-09T00:00:00.000Z,2014,XONE|PS3|X360|PS4,PS4,,Abandoned,5,0,42,-1,0,0,78,1.2333333333333334,0.0,2014-09-09T00:54:16.000Z,2014-09-09T00:54:27.000Z,2014-09-09T00:54:16.000Z,,,false,11.964444444444444,61.17944444444444,545.4125,0,-1,🔫 Shooter|⚔️ RPG
C54E81FE-DF13-4231-A541-5EA169E5A883,1969,Q641697,Red Dead Revolver,"Vast, rugged, and lawless. As a young man, you were helpless to prevent the slaughter of your family at the hands of bandits. Many years later, you live as a bounty hunter bringing criminals to justice, while struggling to unravel the mystery of your past. You must find those who murdered your family. Then, you will take your revenge.

A blazing arcade-style third person game fuelled by precision gunplay, Red Dead Revolver is a classic tale of vengeance on the untamed frontier.",Rockstar San Diego,Rockstar Games,https://images.igdb.com/igdb/image/upload/t_original/co2lcn.png,https://images.igdb.com/igdb/image/upload/t_original/rh9leyhzlgogvflqlh7s.png,2016-10-11T07:00:00.000Z,2016,XBOX|PS4|PS2,PS4,,Abandoned,5,0,0,-1,0,0,66,0.0,0.0,,,2022-11-28T16:37:21.652Z,,,false,7.026944444444444,8.099166666666667,16.058333333333334,0,-1,
AF9E02CF-60A9-46BE-B47E-1C841D6AFDC6,1970,Q6052688,Assassin's Creed IV Black Flag,"Assassin’s Creed IV Black Flag begins in 1715, when pirates established a lawless republic in the Caribbean and ruled the land and seas. These outlaws paralyzed navies, halted international trade, and plundered vast fortunes. They threatened the power structures that ruled Europe, inspired the imaginations of millions, and left a legacy that still endures.",Ubisoft Montreal,Ubisoft Entertainment,https://images.igdb.com/igdb/image/upload/t_original/co4qfn.png,https://images.igdb.com/igdb/image/upload/t_screenshot_huge/mbwtwa9biwceduxgvre3.png,2013-11-19T08:00:00.000Z,2013,WiiU|Stadia|Switch|XONE|PS4|PS3|PC|X360,PC,PC,Abandoned,5,0,0,-1,0,0,85,0.03333333333333333,0.0,,2025-01-15T02:56:49.646Z,2020-10-13T07:31:14.000Z,,,false,23.0,41.0,60.0,0,2,🎮 Platformer|🌍 Adventure
46B369FB-DDC1-41A8-993F-512D6034F986,1983,Q810662,Bastion,"A hack-and-slash RPG featuring a reactive narrator, various unlockable weapons, weapon upgrades, practice mini-games and optional difficulty modifiers, set in an imaginary world in the aftermath of an uncertain apocalypse, in which the player embodies a teenager with a troubled past as he and the narrator work together to rebuild the world out of a persisting hub called the Bastion.",Supergiant Games,WB Games,https://images.igdb.com/igdb/image/upload/t_original/co1qlj.png,https://images.igdb.com/igdb/image/upload/t_original/bcccbp6huxz4ea2mn5md.png,2011-08-16T07:00:00.000Z,2011,PC|Switch|Mac|Linux|X360|PS4|XONE|Vita|iOS,PC,,Abandoned,5,0,0,-1,0,0,87,0.0,0.0,,,2021-08-16T18:26:31.000Z,,,false,6.248888888888889,9.244722222222222,20.40888888888889,0,2,⚔️ RPG|🌍 Adventure|😎 Indie
5202E6F6-88EC-45E9-AD35-4912643EDED5,1985,Q717600,Metal Gear Solid V: The Phantom Pain,"Metal Gear Solid V: The Phantom Pain is the final game in the Metal Gear series. It is the sequel to Metal Gear Solid V: Ground Zeroes released the year before and a prequel to the original Metal Gear. The game has a complex story with long cut-scene sequences, but there are fewer and they are shorter compared to earlier Metal Gear Solid titles. Most of the gameplay mechanics introduced in Ground Zeroes are carried over: it is still an action game and stealth oriented but replaces the linear corridor design from most earlier titles with large open world environments that offer the player unrestricted freedom for the approach. The world has now a real-time day and night cycle and various weather effects that influence enemy behaviour, visibility and sound. Sabotaging or destroying certain structures can also influence other parts of the map.",Kojima Productions,Konami,https://images.igdb.com/igdb/image/upload/t_original/co1v85.png,https://images.igdb.com/igdb/image/upload/t_screenshot_huge/m2o6ajjbm3l8k2yzvhi5.png,2015-09-01T00:00:00.000Z,2015,PS4|X360|PC|XONE|PS3,PS4,PC,Completed,4,3,72,-1,0,10,92,0.0,0.0,2015-09-01T00:24:37.000Z,2016-01-01T15:17:00.000Z,2015-09-01T00:24:37.000Z,,,false,45.82416666666666,81.09138888888889,161.13944444444445,0,2,🔫 Shooter|🤔 Tactical|🌍 Adventure
C66F04FD-3CEB-4B1F-9CF7-81368FFFC20E,2003,Q10826261,Batman: Arkham Origins,Batman: Arkham Origins features an expanded Gotham City and introduces an original prequel storyline occurring several years before the events of Batman: Arkham Asylum and Batman: Arkham City.,WB Games Montréal,WB Games,https://images.igdb.com/igdb/image/upload/t_original/co1nmd.png,https://images.igdb.com/igdb/image/upload/t_original/snuqyrq2zacsyxepmq6c.png,2013-10-25T00:00:00.000Z,2013,X360|iOS|WiiU|PS3|PC,PC,,Abandoned,5,0,0,-1,0,0,71,0.0,0.0,2020-11-25T20:13:40.000Z,2020-11-25T20:13:37.000Z,2020-11-25T20:13:40.000Z,,,false,12.426666666666666,21.860833333333332,40.48111111111111,0,1,👊 Fighting|👊 Beat 'em up|🌍 Adventure
9600E1C8-DBAC-4CAA-BED0-95A6E4667E5E,2033,Q12147068,Call of Duty: Ghosts,"Call of Duty: Ghosts takes place following a catastrophic event that changed the global balance of powers in the world. As a result, the United States is no longer recognized as a superpower. Ten years after the event, an unseen enemy emerges as a threat, but the remnants of US special forces from every branch came together to create an elite group of soldiers known as the ""Ghosts"", who are determined to eradicate all threats to protect the weak and the remains of America.",Neversoft Entertainment,Activision,https://images.igdb.com/igdb/image/upload/t_original/co3b15.png,https://images.igdb.com/igdb/image/upload/t_original/ebls82hbgnp4jgzh0lgr.png,2013-11-05T00:00:00.000Z,2013,PC|X360|XONE|WiiU|PS4|PS3,PC,,Abandoned,5,0,0,-1,0,0,73,0.0,0.0,2021-02-11T18:47:02.000Z,2021-02-11T18:47:00.000Z,,,,false,5.991666666666666,8.170833333333333,12.594166666666666,0,-1,🔫 Shooter
FB651A2A-9663-45A6-96FE-C174A89D1B32,2112,Q13426441,Mirror's Edge Catalyst,"Mirror's Edge Catalyst is an action-adventure game and the reboot to Mirror's Edge. The story in the game explores the past of the protagonist Faith. Like in the previous game, the main gameplay in Mirror's Edge Catalyst involves traversing the city using parkour to reach certain objectives. Unlike the linear levels in Mirror's Edge, Mirror's Edge Catalyst features an open-world free-roaming environment. Combat has been overhauled and emphasized compared to the first game and Catalyst no longer allows the player to use weapons, instead focusing on melee attacks.",EA Digital Illusions CE,Electronic Arts,https://images.igdb.com/igdb/image/upload/t_original/co28r2.png,https://images.igdb.com/igdb/image/upload/t_original/azipminxl1usmonzmjvr.png,2016-06-07T07:00:00.000Z,2016,XONE|PS4|PC,PC,,Collection,3,0,0,-1,0,0,70,0.0,0.0,,,,,,false,8.366111111111111,13.388333333333334,31.9525,0,-1,
62B8439E-700F-4524-BF38-33ED2C95F718,2113,Q54862,Star Wars Battlefront,"In 2004, the original Star Wars: Battlefront came onto the scene and took gamers – and Star Wars fans – by surprise. It was an ambitious action shooter that gave players the opportunity to step into the shoes of their favorite Star Wars characters, pilot quintessential Star Wars vehicles, and relive classic Star Wars battles.

Fast forward nearly 10 years and gamers still have many of those same Star Wars gaming fantasies – but now they wish to experience those larger-than-life battles in magnificent high definition, with all of the amazing special effects, vehicle physics and gameplay intensity that the next-generation has to offer.

Star Wars Battlefront, developed by DICE on Frostbite 3, will surprise and delight fans yet again with a new experience inside this beloved universe made with our signature DICE craftsmanship and commitment to excellence.",EA Digital Illusions CE,Electronic Arts,https://images.igdb.com/igdb/image/upload/t_original/co2res.png,https://images.igdb.com/igdb/image/upload/t_original/ao7ucz0yosbyvsrncym7.png,2015-11-17T00:00:00.000Z,2015,PS4|PC|XONE,PC,,Abandoned,5,0,0,-1,0,0,68,0.0,0.0,2021-05-02T19:00:44.000Z,2021-05-02T19:00:42.000Z,,,,false,4.848888888888889,4.875,9.0,0,-1,🔫 Shooter|💭 Strategy|🌍 Adventure
9E80D667-3B1D-4ADA-BE78-2F9FB4528EFE,2114,Q13431312,Tom Clancy's The Division,"After a deadly pandemic sweeps through New York, it's up to Agents to save what remains. Complete missions, explore the Dark Zone, and fight back enemy factions alone or with 3 friends. Experience a full endgame offering you new PvP and PvE modes.",Massive Entertainment - A Ubisoft Studio,,https://images.igdb.com/igdb/image/upload/t_original/co1yvf.png,https://images.igdb.com/igdb/image/upload/t_original/cxbek9fkak6hedfaoyop.png,2016-03-07T00:00:00.000Z,2016,XONE|PC|PS4,PC,,Abandoned,5,0,0,-1,0,0,79,0.06666666666666667,0.0,2020-11-05T20:16:53.000Z,2020-11-05T20:16:50.000Z,,,,false,23.404722222222222,46.41777777777778,86.4161111111111,0,-1,🔫 Shooter|⚔️ RPG|💭 Strategy|🤔 Tactical|🌍 Adventure
A8FA27FC-8DB0-4696-91E4-78EBBEAB93D8,2117,Q10279881,DayZ,"DayZ is a hardcore open-world survival game with only one rule: stay alive, no matter what. How long can you survive a post-apocalyptic world? A land overrun with an infected ""zombie"" population, where you compete with other survivors for limited resources. Will you team up with strangers and stay strong together? Or play as a lone wolf to avoid betrayal? This is DayZ, this is your story.",Bohemia Interactive Studio,Bohemia Interactive Studio,https://images.igdb.com/igdb/image/upload/t_original/co2dhb.png,https://images.igdb.com/igdb/image/upload/t_original/co4tcwsb0kxj9fojtehz.png,2018-12-13T08:00:00.000Z,2018,PC|PS4|XONE,PC,,Abandoned,5,0,0,-1,0,0,41,0.0,0.0,,,2020-09-29T18:50:57.000Z,,,false,52.65222222222222,88.51333333333334,121.48277777777778,0,1,🔫 Shooter|⚔️ RPG|✈️ Simulator|🤔 Tactical|😎 Indie
D202E05E-104E-470F-9EAB-F97CEEFD28D3,2368,Q3702740,Dark Souls II,"The unique old-school action rpg experience captivated imaginations of gamers worldwide with incredible challenge and intense emotional reward.
Dark Souls II brings the franchise’s renowned difficulty & gripping gameplay innovations to both single and multiplayer experiences.

Immerse yourself into mind-bending environments filled with new twisted monsters and deadly bosses that could only come from the imagination of from software. A wide range of threats will prey on human senses & phobias - auditory hallucinations, vertigo, acrophobia, etc.",FromSoftware,FromSoftware,https://images.igdb.com/igdb/image/upload/t_original/co2eoo.png,https://images.igdb.com/igdb/image/upload/t_screenshot_huge/r4q8uvm342zueakmmzqc.png,2014-04-25T10:00:00.000Z,2014,PC|X360|PS3,PC,,Completed,4,1,20,-1,0,8,88,8.8,0.0,2021-02-11T23:15:37.000Z,2022-08-12T17:51:04.838Z,2021-02-11T23:15:37.000Z,,,false,43.51444444444444,62.86472222222222,118.07638888888889,0,2,⚔️ RPG|🌍 Adventure
557B9C18-830B-41C7-AD73-E84D820DF989,2552,Q14126363,Mad Max,"In Mad Max, the player takes on the role of titular character Mad Max; a dangerous melee fighter and can use his attacks to kill almost anyone. His weapon of choice is his shotgun. He is assisted by another man called Chumbucket. Chum mainly works with Max to build and upgrade the Magnum Opus vehicle.

Mad Max will feature a variety of weapons which Max can use to defeat enemies. Though the shotgun is Max's weapon of choice, ammo is scarce, and so melee options are the smarter way to go. The 'thunderstick' is an explosive weapon that can be lanced into an enemy's chest, crackling like a lit dynamite fuse before blowing the victim to smithereens. The Harpoon is also one of Max's favorite weapon though it can only be used in-vehicle with Chum riding along. Max's Magnum Opus can be combined with a speedy V12 engine and powerful ramming ability to destroy enemies's vehicles and weaponry. When simultaneously driving and aiming, the game enters slow-motion and allows you to toggle between targets. Not much is known about the vehicular combat and its features.

Mad Max will feature crafting system which can be used to craft new weapons and tools. Max's garage can also be used to change and modify the car's engines, chassis, wheels, body works including paint treatment and the “shell” of the auto-mobile and the car’s weight and attributes update accordingly. Max can also be upgraded though it's plans hasn't fully been implemented.

Many choices are given in the game, such as, either playing silently or aggressively. Max can also get guidance from Chum about how he can complete his objectives strategically. However, its largely up to the player how he can complete the objectives.",Avalanche Studios,Feral Interactive,https://images.igdb.com/igdb/image/upload/t_original/co1uuh.png,https://images.igdb.com/igdb/image/upload/t_screenshot_huge/uygckgyrfl67gs1ksjzr.png,2015-09-01T07:00:00.000Z,2015,XONE|PS4|PC|Mac|Linux,XONE,,Completed,4,1,95,-1,0,7,69,0.0,0.0,2021-09-30T23:40:21.000Z,2022-09-23T21:49:55.640Z,2021-09-30T23:40:21.000Z,,,false,20.094722222222224,38.82472222222222,61.586666666666666,0,3,🔫 Shooter|🏁 Racing|🌍 Adventure
EBF79C63-3D46-48E3-84A3-F90E0EC034AE,2691,Q2543862,Rock Band 3,Rock Band 3 adds 83 new songs to the Rock Band library and for the first time supports a keyboard/keytar peripheral.,Harmonix Music Systems,MTV Games,https://images.igdb.com/igdb/image/upload/t_original/co1wpd.png,https://images.igdb.com/igdb/image/upload/t_original/lsofl1d1dhmj6im4sqxc.png,2010-10-26T00:00:00.000Z,2010,X360|Wii|PS3,X360,,Abandoned,5,0,5,-1,0,0,87,0.0,0.0,2010-10-26T00:00:00.000Z,2010-10-26T00:00:00.000Z,,,,false,9.0475,36.665,137.0313888888889,0,-1,🎤 Music
A7A3D26A-D080-4495-A1CB-7DA5E8CB1EAE,2920,Q11256854,FIFA 14,FIFA 14 is a 2013 sports association football simulation video game developed by EA Canada and published by Electronic Arts.,EA Canada,EA Sports,https://images.igdb.com/igdb/image/upload/t_original/co206x.png,https://images.igdb.com/igdb/image/upload/t_original/bxkzty0lzg8ytl28vbtj.png,2013-11-22T00:00:00.000Z,2013,PC|X360|PS3,XONE,,Abandoned,5,0,0,-1,0,0,86,0.0,0.0,2013-11-21T16:49:11.000Z,2013-11-21T16:17:10.000Z,2013-11-21T16:49:11.000Z,,,false,77.51305555555555,143.575,220.7075,0,-1,⚽️ Sport
F2726B9D-1371-49F3-B22B-D7EBC7A5A764,3025,Q15709637,Middle-earth: Shadow of Mordor,"Middle-earth: Shadow of Mordor is a open world third-person action role-playing video game developed by Monolith Productions and published by Warner Bros. Interactive Entertainment, which takes place in the world of J.R.R. Tolkien's Legendarium.

The game takes place in the 60-year gap between the events of Tolkien's The Hobbit and The Lord of The Rings. It is a story of revenge, slaughter, and mystery set entirely in Mordor, the Land of Shadows. At its center is Talion, an ordinary man who loses everything, including his mortal life.

The game is set in a fully open world, and features various role-playing game elements such as experience points and skills. There are various ways the player can complete their main objective. Aside from the main storyline, there are various side quests and random events the player can complete within Mordor.

The melee system is inspired by that of the Batman Arkham series. Getting into a good fighting rhythm, using both regular attacks and counter-attacks will improve the player's combo multiplier.

A unique feature of Middle-earth: Shadow of Mordor is the Nemesis system. Every enemy in the game has their own name, rank, and memory. These enemies will continue to do their own jobs and tasks even when they're off screen. If the player does not kill an enemy in an encounter, this enemy will remember the player and change their tactics and conversations based on the encounter.",Monolith Productions,WB Games,https://images.igdb.com/igdb/image/upload/t_original/co20pd.png,https://images.igdb.com/igdb/image/upload/t_original/anyfu26e1hfmr45gkozd.png,2014-09-30T07:00:00.000Z,2014,Mac|PS4|PC|XONE|Linux|PS3|X360,PC,,Completed,4,1,0,-1,0,7,85,74.1,0.0,2026-02-26T05:04:59.736Z,2025-03-14T00:15:42.547Z,,,,false,15.7375,23.95861111111111,32.89083333333333,0,3,
BF66F064-16E5-4AA2-AF02-DDC6B8E7C88D,3042,Q13415292,Dying Light,"Dying Light is a first-person, action survival horror game set in a vast and dangerous open world. During the day, players traverse an expansive urban environment overrun by a vicious outbreak, scavenging the world for supplies and crafting weapons to defend against the growing infected population. At night, the hunter becomes the hunted, as the infected become aggressive and more dangerous. Most frightening are the predators which only appear after sundown. Players must use everything in their power to survive until the morning’s first light.",Techland,WB Games,https://images.igdb.com/igdb/image/upload/t_original/co3wml.png,https://images.igdb.com/igdb/image/upload/t_screenshot_huge/y3mcevfaze2vqv1qmapj.png,2015-01-26T00:00:00.000Z,2015,PC|XONE|Linux|PS4|Mac,PC,XONE|PS4,Completed,4,1,55,-1,0,7,72,8.716666666666667,0.0,2021-11-21T00:32:08.864Z,2022-04-30T02:37:30.075Z,,,,false,17.280277777777776,35.090555555555554,55.94277777777778,0,-1,🔫 Shooter|⚔️ RPG|🌍 Adventure
28BC0B95-357C-4035-838D-708ACAFD118F,3225,Q15297043,No Man's Sky,"Inspired by the adventure and imagination that we love from classic science-fiction, No Man's Sky presents you with a galaxy to explore, filled with unique planets and lifeforms, and constant danger and action.

In No Man's Sky, every star is the light of a distant sun, each orbited by planets filled with life, and you can go to any of them you choose. Fly smoothly from deep space to planetary surfaces, with no loading screens, and no limits. In this infinite procedurally generated universe, you'll discover places and creatures that no other players have seen before - and perhaps never will again.",Hello Games,505 Games,https://images.igdb.com/igdb/image/upload/t_original/co5j66.png,https://images.igdb.com/igdb/image/upload/t_original/slbfwlrvqjrgvrvfghrk.png,2016-08-12T10:00:00.000Z,2016,PS4|PSVR2|Steam VR|Mac|PC|XONE|Series X|Oculus Rift|PS5|PlayStation VR,PC,,Abandoned,5,0,0,-1,0,0,71,0.23333333333333334,0.0,2021-09-13T19:02:41.000Z,2021-09-13T19:02:38.000Z,2021-09-13T19:02:41.000Z,,,false,30.325555555555557,74.67361111111111,139.66833333333332,0,3,⚔️ RPG|✈️ Simulator|🌍 Adventure|😎 Indie
C046A3C3-2A17-445A-A5AE-34A44EDB7959,3418,Q806598,Banjo-Tooie,"Colossal, immense, and gigantic; beautiful, gorgeous, and grandiose -- these are the words one thinks of when describing Rare's follow-up adventure to Banjo-Kazooie. Keeping consistent with the attitude found in this title, Rare has wittily named it Banjo-Tooie. Banjo-Tooie, simply put, is incredibly unimaginable. The worlds are ludicrous in size, the gameplay is polished and deep, and the soundtrack proves to be an immaculate compliment. When it comes to defining platform-based entertainment, Banjo-Tooie is filled with chapter after chapter of standards. Explore eight giant worlds, solve puzzles and help game characters to unearth jiggys, play as Mumbo, a T-Rex, Submarine, Money-Van, Washing Machine, and more, and learn more than 40 new moves on the way.",Rare,Nintendo,https://images.igdb.com/igdb/image/upload/t_original/co1yao.png,https://images.igdb.com/igdb/image/upload/t_original/ppgznqe4touixq64rhud.png,2000-11-20T10:00:00.000Z,2000,N64,N64,,Completed,4,3,0,-1,0,8,-1,0.0,0.0,2000-11-20T16:40:33.000Z,2000-11-20T16:17:10.000Z,2000-11-20T16:40:33.000Z,,,false,16.399166666666666,23.45,23.69,0,-1,🎮 Platformer|🌍 Adventure
35F56A72-4740-4177-9610-BE12E387F7DA,3471,Q1071278,DOOM 64,"You killed the Demons once, they were all dead. Or so you thought... A single Demon Entity escaped detection. Systematically it altered decaying, dead carnage back into grotesque living tissue. The Demons have returned - stronger and more vicious than ever before. You mission is clear, there are no options: kill or be killed!",Midway Games,Midway Games,https://images.igdb.com/igdb/image/upload/t_original/co2gro.png,https://images.igdb.com/igdb/image/upload/t_original/u6jbogozio0udmkghuuo.png,2020-03-20T00:00:00.000Z,2020,XONE|N64|PC|PS4|Stadia|Switch,PC,,Abandoned,5,0,0,-1,0,0,77,0.0,0.0,2020-08-09T17:53:11.000Z,2020-08-09T17:53:08.000Z,,,,false,7.081944444444445,8.669722222222223,10.701666666666666,0,-1,🔫 Shooter
2FD0B6A8-B584-4281-AA6B-AD069D6A22B1,3750,Q13361589,Quantum Break,"Fix Time Before It Destroys Everything!

When time breaks, catastrophe becomes your playground. As hero Jack Joyce, you'll fight your way through epic disasters that stutter back and forth in time. But surviving this unstable world--and halting the end of time itself--is only possible by mastering your new time powers.",Remedy Entertainment,Microsoft Studios,https://images.igdb.com/igdb/image/upload/t_original/co2dqe.png,https://images.igdb.com/igdb/image/upload/t_screenshot_huge/gkp2ofzniqqasv12s11d.png,2016-04-05T00:00:00.000Z,2016,PC|XONE,XONE,PC,Completed,4,3,60,-1,0,7,76,0.0,0.0,2020-10-13T02:19:42.000Z,2021-07-28T03:36:59.819Z,,,,false,10.109166666666667,13.10388888888889,18.560833333333335,0,-1,🔫 Shooter|🌍 Adventure
93D9438F-4BC3-4D8E-A25F-1458BFC284EA,3775,Q88321016,Assassin's Creed: Freedom Cry,"Born a slave, Adewale found freedom as a pirate aboard Edward Kenway’s ship, the Jackdaw. 15 years later, Adewale has become a trained Assassin who finds himself shipwrecked in Saint-Domingue without weapons or crew. He now has to acquire a ship and gather his own crew to free the slaves and avenge them. Over 3 hours of new single-player gameplay!",Ubisoft Montreal,,https://images.igdb.com/igdb/image/upload/t_original/co2gjy.png,https://images.igdb.com/igdb/image/upload/t_original/woli2zllnfsnzkoxu8xc.png,2014-02-25T08:00:00.000Z,2014,XONE|PC|X360|PS3|Stadia|PS4,PC,,Abandoned,5,0,0,-1,0,0,75,0.0,0.0,,,2020-10-13T18:04:43.000Z,,,false,4.233333333333333,6.054166666666666,7.279444444444445,0,2,👊 Fighting|🌍 Adventure
2BCA153F-4E4A-4D70-9CCC-5FD44C88DCDE,4843,Q15408545,Kingdom Come: Deliverance,"Story-driven open-world RPG that immerses you in an epic adventure in the Holy Roman Empire. Avenge your parents' death as you battle invading forces, go on game-changing quests, and make influential choices. Explore castles, forests, villages and other realistic settings in medieval Bohemia!",Warhorse Studios,Warhorse Studios,https://images.igdb.com/igdb/image/upload/t_original/co4aqi.png,https://images.igdb.com/igdb/image/upload/t_original/we7i6lksiieqlynlx1vf.png,2018-02-13T08:00:00.000Z,2018,Switch|PC|XONE|PS4,PC,,Abandoned,5,0,0,-1,0,0,71,0.4666666666666667,0.0,,2025-03-14T00:15:46.992Z,,,,false,41.83111111111111,79.67388888888888,134.58027777777778,0,2,
A6E1BC08-43DD-4AE4-87C1-4657049756E6,5328,Q11879017,Metal Gear Solid V: Ground Zeroes,"World-renowned Kojima Productions showcases another masterpiece in the Metal Gear Solid franchise with Metal Gear Solid V: Ground Zeroes. Metal Gear Solid V: Ground Zeroes is the first segment of the ‘Metal Gear Solid V Experience’ and prologue to the larger second segment, Metal Gear Solid V: The Phantom Pain launching thereafter.

MGSV: GZ gives core fans the opportunity to get a taste of the world-class production’s unparalleled visual presentation and gameplay before the release of the main game. It also provides an opportunity for gamers who have never played a Kojima Productions game, and veterans alike, to gain familiarity with the radical new game design and unparalleled style of presentation.

The critically acclaimed Metal Gear Solid franchise has entertained fans for decades and revolutionized the gaming industry. Kojima Productions once again raises the bar with the FOX Engine offering incredible graphic fidelity and the introduction of open world game design in the Metal Gear Solid universe. This is the experience that core gamers have been waiting for.",Kojima Productions,Konami,https://images.igdb.com/igdb/image/upload/t_original/co1v88.png,https://images.igdb.com/igdb/image/upload/t_original/dtvl38bwplplj36yxx86.png,2014-03-18T00:00:00.000Z,2014,PS4|PC|PS3|XONE|X360,PS4,,Completed,4,3,23,-1,0,8,79,0.0,0.0,2014-03-18T00:43:09.000Z,2015-09-01T00:43:07.000Z,,,,false,1.7963888888888888,6.533611111111111,20.21388888888889,0,-1,🔫 Shooter|⚔️ RPG|💭 Strategy|🌍 Adventure
FBF5241F-4ACA-40AF-9C3A-9D97C109358C,5606,Q15983778,Assassin's Creed Unity,"Assassin’s Creed Unity is an action-adventure game set in Paris during the French Revolution. The player controls Arno Dorian, an Assassin who seeks to uncover the forces behind the political unrest. The game introduces new weapons, including the Phantom Blade, a modified Hidden Blade with ranged capabilities.
Gameplay emphasizes stealth, parkour, and close combat, featuring updated free-running mechanics and a revised fighting system. The open-world setting recreates 18th-century Paris and includes historical events such as the storming of the Bastille and the execution of King Louis XVI. Unity also includes a cooperative multiplayer mode supporting up to four players.",Ubisoft Montreal,Ubisoft Entertainment,https://images.igdb.com/igdb/image/upload/t_original/co1xiq.png,https://images.igdb.com/igdb/image/upload/t_original/na3gtfcncvsxudkipg93.png,2014-11-11T08:00:00.000Z,2014,PC|XONE|PS4|Stadia,XONE,,Abandoned,5,0,0,-1,0,0,71,0.03333333333333333,0.0,,,2021-05-12T18:09:22.000Z,,,false,17.200277777777778,35.31194444444444,80.16416666666667,0,2,🌍 Adventure
24BC0CAD-DE31-43D3-8FB0-9A4FE2836D88,6358,,Divinity II: Ego Draconis,"Dragons: they have been hunted, they have been slain, but now the hour to strike back has come.

Divinity II is an action role-playing game developed by Larian Studios. Its first release in 2009 was subtitled Ego Draconis, and was published by DTP entertainment and in the United States by CDV Entertainment. The updated 2011 re-release The Dragon Knight Saga which included the expansion Flames of Vengeance, as well as the final 2012 release as Divinity II: Developer's Cut, were published by Focus Home Interactive.

The defining feature of Divinity II is the ability to switch between aerial combat as a dragon, and more traditional third-person action-role playing gameplay as a human. It is the third game in the Divinity franchise, and the first Divinity game to be released on consoles as well as for Windows.",Larian Studios,Larian Studios,https://images.igdb.com/igdb/image/upload/t_original/co25oq.png,https://images.igdb.com/igdb/image/upload/t_original/dgjxdpcyx7e7glngoxok.png,2010-01-05T08:00:00.000Z,2010,PC|X360,PC,,Abandoned,5,0,0,-1,0,0,64,0.0,0.0,,,,,,false,27.518333333333334,30.366944444444446,41.17777777777778,0,1,
CB1E03FE-EACD-4998-9638-47F070ABD306,6359,Q1799621,Team Fortress Classic,"One of the most popular online action games of all time, Team Fortress Classic features over nine character classes -- from Medic to Spy to Demolition Man -- enlisted in a unique style of online team warfare. Each character class possesses unique weapons, items, and abilities, as teams compete online in a variety of game play modes.",Valve Corporation,Sierra Entertainment,https://images.igdb.com/igdb/image/upload/t_original/co1tx2.png,https://images.igdb.com/igdb/image/upload/t_original/w20xkhiby7oyccv5xxed.png,1999-04-07T00:00:00.000Z,1999,Linux|Mac|PC,PC,,Abandoned,5,0,0,-1,0,0,0,0.0,0.0,2020-08-13T18:57:02.000Z,2020-08-13T18:57:00.000Z,,,,false,19.363333333333333,47.333333333333336,0.0,0,-1,🔫 Shooter
AE627853-20F9-4C44-980A-5353D8231C91,6578,Q1342528,Quake Live,"From the legendary series that founded the online shooter genre comes the most exciting, energetic, and fast-paced shooter on the Internet. Play against players around the world in over 100 arenas, and a dozen game modes, in one of the most competitive shooters online today. Welcome to Quake Live.",id Software,id Software,https://images.igdb.com/igdb/image/upload/t_original/co3y6a.png,https://images.igdb.com/igdb/image/upload/t_original/vgousnttrhbddge0coki.png,2010-08-06T07:00:00.000Z,2010,PC,PC,,Abandoned,5,0,0,-1,0,0,0,0.0,0.0,,,,,,false,0.7083333333333334,0.8,176.36666666666667,0,2,
597DBCB3-B54D-453C-82CC-7CB008C3ACBF,6634,Q4047754,Quake III: Team Arena,"Never before have the forces aligned. United by name and by cause, The Fallen, Pagans, Crusaders, Intruders, and Stroggs must channel their power into an allied operation where teamwork is the only method of mass destruction. Four distinct games test each troop's synthesis and strength to exacting degrees. Cooperation is the only course of action, and war, the only alternative. Soldiers once alone in their struggle, now face the Arena as one.",id Software,Activision,https://images.igdb.com/igdb/image/upload/t_original/co1yle.png,https://images.igdb.com/igdb/image/upload/t_original/kwti23ku7xjabwxgp5bt.png,2000-12-18T08:00:00.000Z,2000,PC,PC,,Abandoned,5,0,0,-1,0,0,70,0.0,0.0,,,,,,false,4.856388888888889,8.766666666666667,9.0,0,-1,
04F26E9F-72A7-402D-B7E0-22DE308F6C50,6744,Q1199351,Half-Life: Source,"Half-Life: Source is a port of Valve's original acclaimed game Half-Life to their new Source engine used for Half-Life 2.

It takes advantage of vertex and pixel shaders to create realistic water effects, and can now portray realistic physics effects. It also has new menus, improved lighting and soft shadows, ragdoll character animations, and a 3D skybox replacing the old 16-bit color prerendered bitmap skies.",Valve,Valve,https://images.igdb.com/igdb/image/upload/t_original/co1tfg.png,https://images.igdb.com/igdb/image/upload/t_original/xltxwbhueqmei6syqyuw.png,2004-06-01T10:00:00.000Z,2004,Mac|PC|Linux,PC,,Abandoned,5,0,0,-1,0,0,0,0.0,0.0,2020-08-13T17:29:09.000Z,2020-08-13T17:29:05.000Z,2020-08-13T17:29:09.000Z,,,false,11.197777777777778,12.833055555555555,13.170833333333333,0,2,🔫 Shooter|🎮 Platformer|🧩 Puzzle|🌍 Adventure
846F80E3-A4B0-4B2F-ACF1-BF6831E81C9A,6815,Q2278376,Sherlock Holmes: The Awakened,"Discover the adventures of Sherlock Holmes with a gripping atmosphere, for the first time ever delivered in a thoroughly intensive and wholly immersive real-time 3D world. Throughout your investigation you will meet more than sixty characters with whom you can interact freely. Hundreds of clues and objects will need to be scrutinized and utilized in order for the investigation to be solved.",Frogwares,Focus Entertainment,https://images.igdb.com/igdb/image/upload/t_original/co3muf.png,https://images.igdb.com/igdb/image/upload/t_original/ughkzuttvnqehtuwdexe.png,,0,PC,,,Abandoned,5,0,77,-1,0,0,74,0.0,0.0,,,,,,false,9.052222222222222,9.547777777777778,10.649722222222222,0,-1,
331AE855-CB6A-44C0-9218-6BC9F4201CAD,6844,Q55228,LEGO Star Wars III: The Clone Wars,"The Saga continues. Build, battle and laugh your way across the Star Wars universe like never before! Play as Anakin Skywalker and Obi-Wan Kenobi through a story spanning the entire Clone Wars era. LEGO Star Wars III: The Clone Wars combines epic space battles, challenging puzzles and of course, the imaginative gameplay of LEGO.

The Sith and their allies have declared war on the Jedi Council with an army of droids, and it’s up to you to stop them. With the Dark Side gathering power and entire star systems in turmoil, galactic freedom hangs in the balance.",Traveller's Tales,Feral Interactive,https://images.igdb.com/igdb/image/upload/t_original/co2qk2.png,https://images.igdb.com/igdb/image/upload/t_original/unmmzbrhqnrnjjqfighy.png,2011-03-22T07:00:00.000Z,2011,3DS|Mac|Wii|X360|PS3|PC,PC,,Abandoned,5,0,0,-1,0,0,70,0.0,0.0,,,2021-05-02T18:19:07.000Z,,,false,9.1225,15.031666666666666,30.261666666666667,0,3,🎮 Platformer|⏳ RTS|🌍 Adventure
2085B4B7-7A4D-428A-8A18-EABADA3BA147,6880,Q19906377,Metro Redux,"Metro Redux is the ultimate double game collection, including the definitive versions of both Metro 2033 and Metro: Last Light, each rebuilt in the latest and greatest iteration of the 4A Engine for next-gen consoles and PC.

For the first time, console owners can expect smooth 60FPS gameplay and state of the art visuals that were once only available on high-end PC hardware.

Newcomers to the series will get the chance to experience two of the finest story-driven shooters of all time in one vast package; an epic adventure combining gripping survival horror, exploration and tactical combat and stealth.

Fans of the original games will find the unique world of Metro transformed with incredible new lighting, physics and dynamic weather effects, as well as a host of gameplay improvements and new features.",4A Games,Deep Silver,https://images.igdb.com/igdb/image/upload/t_original/co4b2q.png,https://images.igdb.com/igdb/image/upload/t_original/ruqmy3typmzia67qogdu.png,2014-08-26T00:00:00.000Z,2014,Linux|PC|XONE|Switch|PS4|Series X|Mac,PC,,Abandoned,5,0,0,-1,0,0,82,0.0,0.0,2020-11-25T18:38:59.000Z,,2020-11-25T18:38:59.000Z,,,false,17.0325,25.07027777777778,50.835277777777776,0,3,🔫 Shooter|⚔️ RPG
DB3F7635-2BB0-41B9-A393-B1C5A8692E10,7046,Q16972008,Factorio,"You will be mining resources, researching technologies, building infrastructure, automating production and fighting enemies. Use your imagination to design your factory, combine simple elements into ingenious structures, apply management skills to keep it working and finally protect it from the creatures who don't really like you.",Wube Software,Wube Software,https://images.igdb.com/igdb/image/upload/t_original/co1tfy.png,https://images.igdb.com/igdb/image/upload/t_original/vvabkqjy3oqqwpzkpvui.png,2020-08-14T10:00:00.000Z,2020,Linux|Mac|Switch|PC,PC,,Abandoned,5,0,0,-1,0,0,81,0.016666666666666666,0.0,2022-09-28T17:30:41.000Z,2022-09-28T17:30:39.000Z,2022-09-28T17:30:41.000Z,,,false,49.32833333333333,90.81194444444445,222.18333333333334,0,3,✈️ Simulator|💭 Strategy|😎 Indie
3EA47329-D627-42E4-9329-9E25D46709DE,7323,Q17154489,Rise of the Tomb Raider,"Join Lara Croft on her first great tomb raiding expedition as she seeks to discover the secret of immortality. Featuring high-octane action set in the most beautiful and hostile environments on earth, Rise of the Tomb Raider delivers cinematic survival action-adventure.",Crystal Dynamics,Microsoft Studios,https://images.igdb.com/igdb/image/upload/t_original/co1rqa.png,https://images.igdb.com/igdb/image/upload/t_screenshot_huge/qgbk3c7ws8mapylzswat.png,2015-11-10T08:00:00.000Z,2015,PSVR|XONE|X360|Linux|Stadia|PC|Mac|PS4,XONE,Stadia|PS4|PC,Completed,4,3,60,-1,0,8,86,0.016666666666666666,0.0,2020-09-17T05:25:00.000Z,2021-08-03T01:42:23.180Z,2020-09-17T05:25:00.000Z,,,false,13.322222222222223,21.859166666666667,35.36805555555556,0,2,🔫 Shooter|🌍 Adventure
B8ED8928-22D8-4C5F-AA37-17E38253F5CC,7331,Q16681843,Uncharted 4: A Thief's End,"Several years after his last adventure, retired fortune hunter, Nathan Drake, is forced back into the world of thieves. With the stakes much more personal, Drake embarks on a globe-trotting journey in pursuit of a historical conspiracy behind a fabled pirate treasure. His greatest adventure will test his physical limits, his resolve, and ultimately what he's willing to sacrifice to save the ones he loves.",Naughty Dog,Sony Interactive Entertainment,https://images.igdb.com/igdb/image/upload/t_original/co1r7h.png,https://images.igdb.com/igdb/image/upload/t_screenshot_big/fn1wbuvikoacxt4zvfxl.png,2016-05-10T07:00:00.000Z,2016,PS4,PS4,,Completed,4,3,12,-1,0,9,92,0.6,0.0,2018-11-17T08:00:00.000Z,2020-08-24T22:37:52.973Z,2018-11-17T08:00:00.000Z,,,false,15.091666666666667,18.004166666666666,31.38,0,-1,🔫 Shooter|🌍 Adventure
86E4118B-4456-4ABD-88D3-5DDD4F9B205F,7334,Q17154554,Bloodborne,"An action RPG in which the player embodies a Hunter who, after being transfused with the mysterious blood local to the city of Yharnam, sets off into a ""night of the Hunt"", an extended night in which Hunters may phase in and out of dream and reality in order to thin the outbreak of abominable beasts that plague the land and, for the more resilient and insightful Hunters, uncover the answers to the Hunt's many mysteries.",FromSoftware,Sony Computer Entertainment,https://images.igdb.com/igdb/image/upload/t_original/cob99l.png,https://images.igdb.com/igdb/image/upload/t_screenshot_huge/adssvwsfbaxcrucjolv9.png,2015-03-24T07:00:00.000Z,2015,PS4,PS4,,Completed,4,3,0,-1,0,8,91,1.3,0.0,2026-02-23T06:26:17.745Z,2026-02-24T06:28:18.662Z,2021-02-02T19:05:26.213Z,,,false,32.521388888888886,43.5625,75.62027777777777,0,-1,⚔️ RPG|🌍 Adventure
8AAD5023-D3CF-41BA-BB22-B7E3EE3F9D7F,7342,Q22019785,Inside,"An atmospheric 2D side-scroller in which, hunted and alone, a boy finds himself drawn into the center of a dark project and struggles to preserve his identity.",Playdead,Playdead,https://images.igdb.com/igdb/image/upload/t_original/co2fca.png,https://images.igdb.com/igdb/image/upload/t_original/z4fkserflyby1nv5ispe.png,2016-07-07T07:00:00.000Z,2016,XONE|PC|iOS|Switch|Mac|PS4,PC,,Completed,4,3,100,-1,0,4,91,5.5,0.0,2023-11-27T07:34:02.816Z,2023-12-04T06:44:08.504Z,,,,false,3.5430555555555556,4.039166666666667,4.666666666666667,0,3,
C5D1FEF9-FB09-4AD9-A3D9-03A5A2623213,7344,Q17513672,Ori and the Blind Forest,"The forest of Nibel is dying. After a powerful storm sets a series of devastating events in motion, an unlikely hero must journey to find his courage and confront a dark nemesis to save his home. Ori and the Blind Forest tells the tale of a young orphan destined for heroics, through a visually stunning action-platformer crafted by Moon Studios for Xbox One and PC. Featuring hand-painted artwork, meticulously animated character performance, and a fully orchestrated score, Ori and the Blind Forest explores a deeply emotional story about love and sacrifice, and the hope that exists in us all.",Moon Studios,Microsoft Studios,https://images.igdb.com/igdb/image/upload/t_original/co1y41.png,https://images.igdb.com/igdb/image/upload/t_screenshot_huge/mflx0tyq2wusao1wq2ad.png,2015-03-11T10:00:00.000Z,2015,PC|Switch|XONE,XONE,,Completed,4,3,90,-1,0,6,90,0.0,0.0,2021-03-12T06:31:10.038Z,2021-05-20T00:34:29.157Z,2021-03-12T06:31:10.038Z,,,false,8.193888888888889,10.324166666666667,11.330555555555556,0,3,🎮 Platformer|🧩 Puzzle|🌍 Adventure|😎 Indie
2C5B9265-D698-438C-9E9A-086B5C365064,7360,Q17183996,Tom Clancy's Rainbow Six Siege,"Inspired by the reality of counter terrorist operatives across the world, Rainbow Six Siege invites players to master the art of destruction. Intense close quarters confrontations, high lethality, tactics, team play, and explosive action are at the center of the experience. The multiplayer gameplay of Rainbow Six Siege sets a new bar for intense firefights and expert strategy in the rich legacy of past Rainbow Six games.",Ubisoft Montreal,,https://images.igdb.com/igdb/image/upload/t_original/co5cxf.png,https://images.igdb.com/igdb/image/upload/t_original/uedjgwztllty0irrn5ql.png,2015-12-01T00:00:00.000Z,2015,Series X|PS4|Stadia|PC|XONE|PS5,PC,,Abandoned,5,0,0,-1,0,0,74,1.2833333333333334,0.0,2020-08-09T15:41:59.000Z,2020-08-09T15:17:10.000Z,,,,false,3.341666666666667,8.054166666666667,41.6175,0,-1,🔫 Shooter|🤔 Tactical
D176D8F9-AFB3-4CE7-822E-DAFFBA9E129D,7570,Q17486360,Assassin's Creed Rogue,"1751. North America. Amidst the chaos and violence of the French and Indian War, Shay Patrick Cormac, a fearless young member of the Assassins order, undergoes a dark transformation that will shape the future of the brotherhood forever. After arguing over a dangerous mission gone tragically wrong, Shay is betrayed by the Assassins who attempt to end his life. Cast aside by those he once called brothers, Shay sets out on a mission to wipe out all who turned against him and ultimately become the most feared Assassin hunter in history. Introducing Assassin’s Creed Rogue, the darkest chapter in the Assassin’s Creed franchise yet. As Shay, you will experience the slow transformation from Assassin to Assassin Hunter. Follow your own creed and set off on an extraordinary journey through New York City, the wild river valley, and far away to the icy cold waters of the North Atlantic in pursuit of your ultimate goal to bring down the Assassins.",Ubisoft Sofia,,https://images.igdb.com/igdb/image/upload/t_original/co1xir.png,https://images.igdb.com/igdb/image/upload/t_original/xeyi9yk9jejvyqfqxf6m.png,2015-03-09T07:00:00.000Z,2015,PC|PS3|X360|Switch,PC,,Abandoned,5,0,0,-1,0,0,70,0.016666666666666666,0.0,2022-09-16T15:24:00.000Z,,2022-09-16T15:24:00.000Z,,,false,10.760277777777778,22.325,40.00694444444444,0,2,🌍 Adventure
C17ACE21-606B-40D9-B65B-3CFE3A7E9D93,7627,Q17042829,RollerCoaster Tycoon World,"RollerCoaster Tycoon World™ is the newest installment in the legendary RCT franchise. This next-generation theme park simulation and building game includes fan-favorite features and incredible new advancements such as stunning 3D environments full of roller coaster thrills, exciting flat rides, eager guests, user-generated content, robust social features, and more – all in one massively fun game!",Nvizzio Creations,"Atari, Inc.",https://images.igdb.com/igdb/image/upload/t_original/hsehgad5biqbgdtxvsd4.png,https://images.igdb.com/igdb/image/upload/t_original/n9ikq3cxup0ohxtctqz8.png,2016-11-16T08:00:00.000Z,2016,Linux|PC,PC,,Abandoned,5,0,0,-1,0,0,45,0.0,0.0,,,,,,false,0.0,0.0,0.0,0,2,
5B207F28-05E3-4DCE-A645-A14A43EBA153,7767,Q16267881,Mini Metro,"In Mini Metro, you take on the task of designing the subway layout for a rapidly expanding city. Your city starts with three stations. Draw routes between these stations to connect them with subway lines. Commuters travel along your lines to get around the city as fast as they can. Each station can only hold a handful of waiting commuters so your subway network will need to be well-designed to avoid delays.

The city is growing. More stations are opening, and commuters are appearing faster. The demands on your network are ever-increasing. You'll be constantly redesigning your lines to maximise efficiency. The new assets you earn every week will help immensely — as long as they're used wisely.

Eventually your network will fail. Stations will open too quickly. Commuters will crowd the platforms. How long the city keeps moving is up to you.",Dinosaur Polo Club,Playdigious,https://images.igdb.com/igdb/image/upload/t_original/co2561.png,https://images.igdb.com/igdb/image/upload/t_original/u0rmlwatc1whsebc9sfv.png,2015-11-06T10:00:00.000Z,2015,Switch|Android|iOS|PS4|PC|Linux|Mac,PC,,Completed,4,1,0,-1,0,9,80,0.0,0.0,2021-07-31T17:31:12.000Z,2021-07-31T17:31:09.000Z,2021-07-31T17:31:12.000Z,,,false,5.581944444444445,11.412777777777778,43.39333333333333,0,3,🧩 Puzzle|✈️ Simulator|💭 Strategy|😎 Indie|🕹 Arcade
16E8D923-756F-4B67-AD8E-F30110C9F144,8173,Q18515944,Overwatch,"Join the fight for the future in the world of Overwatch and choose your hero from a diverse cast of soldiers, scientists, adventurers, and oddities. Bend time, defy physics, and unleash a dizzying array of extraordinary powers and weapons. Engage your enemies in iconic locations from around the globe in the ultimate team-based shooter.",Blizzard Entertainment,Blizzard Entertainment,https://images.igdb.com/igdb/image/upload/t_original/co1rcb.png,https://images.igdb.com/igdb/image/upload/t_screenshot_huge/xcyoi025lvvwnnrdargv.png,2016-05-24T00:00:00.000Z,2016,Switch|Series X|PS4|PS5|PC|XONE,PC,PS4,Completed,4,3,19,-1,0,8,89,28.9,0.0,2016-05-16T04:19:17.000Z,2020-11-24T20:24:17.286Z,,,,false,40.715555555555554,159.56833333333333,495.15944444444443,0,-1,🔫 Shooter|💭 Strategy
F4B0AFCD-8749-49A8-A8D7-AF9F2B2B72D5,8191,Q1088780,Final DOOM,"Final Doom is a compilation of two standalone episodes: TNT: Evilution and The Plutonia Experiment, which include full sets of new levels (both of them use the same level structure as Doom II with 30 regular levels and 2 secret levels), new graphics and textures, and new text interlude screens in addition to most of the resources from Doom II and some from Doom.",id Software,id Software,https://images.igdb.com/igdb/image/upload/t_original/co1xew.png,https://images.igdb.com/igdb/image/upload/t_original/mqbhwq52y8e1oqec8f1c.png,1997-01-01T07:59:59.000Z,1996,PC|DOS|PS1|Mac,PC,,Abandoned,5,0,0,-1,0,0,70,0.0,0.0,,,2020-08-09T19:15:14.000Z,,,false,13.110555555555555,15.905277777777778,16.610555555555557,0,1,🔫 Shooter
ACE9EB51-9258-4955-8A3B-7C2F5555EA07,8223,Q20057006,Assassin's Creed Chronicles: China,"Chronicles: China takes place after the film Assassin's Creed: Embers. It features the Chinese assassin Shao Jun in 1526. After being trained by legendary Italian assassin Ezio Auditore da Firenze, Shao Jun returns to her homeland to exact vengeance against the Templar group Eight Tigers, who wiped out the Chinese brotherhood. Shao Jun's quest took her through Macau, Nan'an, the Forbidden City and the Great Wall, as she killed the Tigers one by one and finally assassinating the final target, Zhang Yong. Years later, Shao Jun, who became an Assassin Mentor and had rebuilt the brotherhood, plotted the assassination of Jiajing Emperor by sending him an elixir of life.

Chronicles: China was originally announced in September 2014 as part of the season pass for Assassin's Creed Unity. It was released on April 21, 2015, in North America and April 22, 2015, in other territories, on Microsoft Windows, PlayStation 4 and Xbox One. Chronicles: China is the first title in the franchise to utilize Epic Games' Unreal Engine 3.",Climax Studios,Ubisoft Entertainment,https://images.igdb.com/igdb/image/upload/t_original/co1qy6.png,https://images.igdb.com/igdb/image/upload/t_original/ecr1dl0r200iziqhxltt.png,2015-04-21T07:00:00.000Z,2015,PS4|PC|XONE|Vita,PC,,Abandoned,5,0,0,-1,0,0,67,0.016666666666666666,0.0,2020-10-13T18:52:06.000Z,,2020-10-13T18:52:06.000Z,,,false,6.175277777777778,9.252777777777778,17.674444444444443,0,2,🎮 Platformer|🌍 Adventure
A3A30323-000C-4551-8321-F3C1A970BF99,8263,Q18602166,Assassin's Creed Syndicate,"London, 1868. The Industrial Revolution unleashes an incredible age of invention, transforming the lives of millions with technologies once thought impossible. Opportunities created during this period have people rushing to London to engage in this new world, a world no longer controlled by kings, emperors, politicians, or religion, but by a new common denominator: money.

Not everyone is able to enjoy the benefits of this boom, however. Despite fueling the engine of the British Empire, workers’ lives are little more than legalized slavery while the top few percent profit from their labor. Living poor and dying young, the lower class unite in protest as a new kind of family, gangs, who turn to a life in the underworld in their struggle to survive. A struggle, until watchful Assassins come to their side and re-ignite an age-old conflict involving London’s leaders that will echo throughout modern history, from the underground up.

Introducing Jacob Frye, who with the help of his twin sister Evie, will change the fate of millions in Assassin’s Creed Syndicate. Rise to rally and lead the underworld to break the corrupt stranglehold on London in a visceral adventure filled with action, intrigue, and brutal combat.",Ubisoft Québec,Ubisoft Entertainment,https://images.igdb.com/igdb/image/upload/t_original/co1xis.png,https://images.igdb.com/igdb/image/upload/t_original/hwxquluauq9w6k9v5hwn.png,2015-11-18T00:00:00.000Z,2015,PC|XONE|PS4|Stadia,PC,,Abandoned,5,0,0,-1,0,0,72,0.15,0.0,2015-11-18T16:47:58.000Z,2015-11-18T16:17:10.000Z,2015-11-18T16:47:58.000Z,,,false,18.985833333333332,33.94722222222222,55.83138888888889,0,2,🌍 Adventure
815EE302-51DA-483F-AB28-404023D6A739,8366,Q7547811,Sniper Elite III,"Observe. Plan. Execute. Adapt. The latest chapter in the award-winning series, SNIPER ELITE 3 takes players to the unforgiving yet exotic terrain of North Africa in a savage conflict against Germany’s infamous Afrika Korps.

Stalk your targets through the twisting canyons, lush oases and ancient cities of the Western Desert in the deadly rush to sabotage a Nazi super-weapons programme that could end Allied resistance for good.

Use stealth, planning and execution to hunt your targets – whether human or machine. From signature long distance kills, to melee takedowns, distractions and explosive traps, you are as deadly up close as you are from afar.

It must end here. You are the turning point. Because one bullet can change history...",Rebellion Developments,505 Games,https://images.igdb.com/igdb/image/upload/t_original/co2e40.png,https://images.igdb.com/igdb/image/upload/t_original/e7mglih4ucsrfhnkgb2b.png,2014-06-27T07:00:00.000Z,2014,XONE|PC|PS3|PS4|X360,PC,,Abandoned,5,0,0,-1,0,0,69,0.0,0.0,2020-10-20T17:57:43.000Z,,2020-10-20T17:57:43.000Z,,,false,9.055277777777778,14.295,29.311944444444446,0,2,🔫 Shooter|✈️ Simulator|🤔 Tactical|🌍 Adventure
9809F472-8AB3-4F57-BD15-6DAF188E033F,8852,Q838215,Master Levels for Doom II,"Introducing the Master Levels for Doom II. Twenty never-before-seen levels all with the same acid drenched, hell spawned horror of the originals. Each was created by independent designers and supervised by the demented minds of id Software. You might as well forget about seeing the light of day ever again.",id Software,id Software,https://images.igdb.com/igdb/image/upload/t_original/co21ka.png,https://images.igdb.com/igdb/image/upload/t_original/xj412m6kbezhs8niyd9u.png,2007-08-03T07:00:00.000Z,2007,DOS|Linux|PC,PC,,Abandoned,5,0,0,-1,0,0,0,0.0,0.0,,,2020-08-09T19:15:29.000Z,,,false,6.5377777777777775,8.055,8.842777777777778,0,2,🔫 Shooter
B8CA360F-C42A-429D-B0C7-13680F43BCFE,9073,Q647642,Deathmatch Classic,"Enjoy fast-paced multiplayer gaming with Deathmatch Classic (a.k.a. DMC). Valve's tribute to the work of id software, DMC invites players to grab their rocket launchers and put their reflexes to the test in a collection of futuristic settings.",Valve Corporation,Valve Corporation,https://images.igdb.com/igdb/image/upload/t_original/co2o9k.png,https://images.igdb.com/igdb/image/upload/t_original/dxxrub4m479vr0kc6ioc.png,2001-07-01T00:00:00.000Z,2001,Mac|PC|Linux,PC,,Abandoned,5,0,0,-1,0,0,0,0.0,0.0,2020-08-13T18:02:29.000Z,2020-08-13T18:02:27.000Z,,,,false,1.0,0.0,0.0,0,-1,🔫 Shooter
B0FEDE85-5A75-48DC-9E7F-A1BA7450674D,9254,Q21039915,Subnautica,"Descend into the depths of an alien underwater world filled with wonder and peril. Craft equipment, pilot submarines and out-smart wildlife to explore lush coral reefs, volcanoes, cave systems, and more, all while trying to survive.",Unknown Worlds,Gearbox Publishing,https://images.igdb.com/igdb/image/upload/t_original/coa938.png,https://images.igdb.com/igdb/image/upload/t_original/b0wy5anlht2k2mewjcya.png,2014-12-16T08:00:00.000Z,2014,Switch 2|Oculus Rift|PS4|iOS|PC|Mac|Switch|XONE|Android|Steam VR|Series X|S|PS5,PC,,Abandoned,5,0,0,-1,0,0,83,0.0,0.0,,2026-05-15T03:38:32.035Z,,,,false,29.851944444444445,42.03055555555556,52.39222222222222,0,3,
34A4934D-92C5-4511-AB82-E3EB1F637EE3,9495,Q19792993,Squad,"Squad is a large scale combined arms multiplayer first-person shooter emphasizing combat realism through communication, team play, emphasizing strong squad cohesion mechanics as well as larger-scale coordination, tactics, and planning. It features 20 large open maps, vehicle-based combined arms gameplay, and player-constructed bases to create a heart-thumping, visceral gaming experience with split-second decision-making in real-world scale firefights.",Offworld Industries,Offworld Industries,https://images.igdb.com/igdb/image/upload/t_original/co1nto.png,https://images.igdb.com/igdb/image/upload/t_original/bbwxoqatq8tlcxr7oq23.png,2020-09-23T10:00:00.000Z,2020,PC,PC,,Abandoned,5,0,0,-1,0,0,82,0.38333333333333336,0.0,2020-09-22T15:44:43.000Z,2020-09-22T15:17:10.000Z,2020-09-22T15:44:43.000Z,,,false,21.315833333333334,27.358888888888888,64.46833333333333,0,2,🔫 Shooter|💭 Strategy|😎 Indie
ADEFAC0A-C8C6-4F4B-96DB-F5A62C7A1570,9498,Q19772510,Deus Ex: Mankind Divided,"Deus Ex: Mankind Divided directly follows the aftermath of the Aug Incident, a day when mechanically augmented citizens all over the world were stripped of control over their minds and bodies, resulting in the deaths of millions of innocents. The year is now 2029, and the golden era of augmentations is over. Mechanically augmented humans have been deemed outcasts and segregated from the rest of society. Crime and acts of terror serve as a thin veil to cover up an overarching conspiracy aimed at controlling the future of mankind…",Eidos Montréal,Square Enix,https://images.igdb.com/igdb/image/upload/t_original/co25jt.png,https://images.igdb.com/igdb/image/upload/t_original/e8unuxdrdcsnp13cadnw.png,2016-08-23T07:00:00.000Z,2016,PC|Linux|XONE|PS4|Mac,PC,,Completed,4,3,100,-1,0,6,81,6.05,0.0,2024-08-15T23:31:46.838Z,2024-08-17T01:47:26.348Z,2020-11-25T22:33:54.000Z,,,false,16.099722222222223,30.752222222222223,52.51444444444444,0,2,🔫 Shooter|⚔️ RPG|🌍 Adventure
0CAD73BA-99AA-4FC3-A514-9485F30B7EBE,9509,Q19789342,Call of Duty: Black Ops III,"Call of Duty: Black Ops 3 deploys players into a dark, twisted future where a new breed of Black Ops soldier emerges and the lines are blurred between our own humanity and the technology we created to stay ahead, in a world where cutting-edge military robotics define warfare. With three unique game modes: Campaign, Multiplayer and Zombies, providing fans with the deepest and most ambitious Call of Duty ever.",Treyarch,Activision,https://images.igdb.com/igdb/image/upload/t_original/co20yw.png,https://images.igdb.com/igdb/image/upload/t_original/mvlkgxa1mxswaumd9ai4.png,2015-11-06T00:00:00.000Z,2015,Mac|PS4|X360|XONE|PC|PS3,PC,,Abandoned,5,0,0,-1,0,0,76,0.0,0.0,2021-02-11T19:07:48.000Z,2021-02-11T19:07:45.000Z,,,,false,8.988888888888889,13.788611111111111,73.7238888888889,0,-1,🔫 Shooter|🌍 Adventure
F5CE83D1-D59A-4805-B176-87AB2DFEA24B,9630,Q10493813,Fallout 4,"Bethesda Game Studios welcome you to the world of Fallout 4, their most ambitious game ever, and the next generation of open-world gaming. As the sole survivor of Vault 111, you enter a world destroyed by nuclear war. Every second is a fight for survival, and every choice is yours. Only you can rebuild and determine the fate of the Wasteland. Welcome home.",Bethesda Game Studios,Bethesda Softworks,https://images.igdb.com/igdb/image/upload/t_original/co1yc6.png,https://images.igdb.com/igdb/image/upload/t_original/ar74j.png,2015-11-09T08:00:00.000Z,2015,XONE|PS5|PS4|PC|Series X|S,PC,PC,Completed,4,1,50,-1,0,8,87,12.633333333333333,0.0,2020-10-27T02:19:45.000Z,2022-09-12T21:51:00.841Z,2020-10-27T02:19:45.000Z,,,false,27.739444444444445,83.15472222222222,160.7422222222222,0,3,🔫 Shooter|⚔️ RPG
63F3CE7D-C55E-48DA-916B-58162223400D,9781,Q750032,Beyond Divinity,"You were a disciple of the Divine, a servant of light on a never-ending crusade to fight evil. But fate has made a terrible turn on you. During an epic battle with a powerful necromancer, dreadful daemon named Samuel tricked you and dragged you to his dimension. There you were trapped and tortured. But like every typical daemon lord, he had a very twisted, sadistic sense of humour, so he decided to chain your soul to that of a Deathknight. Thus he cursed you to spend the rest of eternity bound to a creature you were fighting all you life. Now you must work together to escape your prison and find a way to break this curse!",Larian Studios,Hip Interactive,https://images.igdb.com/igdb/image/upload/t_original/co1qq6.png,https://images.igdb.com/igdb/image/upload/t_original/rrvsxlqxrqvzstoqbhr0.png,2004-04-27T07:00:00.000Z,2004,PC,PC,,Abandoned,5,0,0,-1,0,0,75,0.0,0.0,,,,,,false,20.621944444444445,35.32,56.361666666666665,0,0,
3435A3E0-223B-43B8-A804-ABF5AE87ADEC,9806,Q16457556,Hyper Light Drifter,"Echoes of a dark and violent past resonate throughout a savage land, steeped in treasure and blood. Hyper Light Drifter is an action adventure RPG in the vein of the best 16­-bit classics, with modernized mechanics and designs on a much grander scale.",Heart Machine,Heart Machine,https://images.igdb.com/igdb/image/upload/t_original/co2edn.png,https://images.igdb.com/igdb/image/upload/t_original/i343g9j3xf5zhkrfcq3u.png,2016-03-31T07:00:00.000Z,2016,XONE|Linux|WiiU|Mac|PS4|Vita|PC,PC,,Abandoned,5,0,0,-1,0,0,83,0.0,0.0,,2025-01-15T02:57:03.253Z,,,,false,7.746666666666667,11.70888888888889,27.107777777777777,0,3,
8839DE3F-28CB-4A33-8F33-90F998AD2946,9902,Q117841582,Age of Mythology: Extended Edition,"The classic real time strategy game that transports players to a time when heroes did battle with monsters of legend and the gods intervened in the affairs of mortals.

Use mythological creatures like Minotaurs and Cyclopes to bolster your armies' strength. Call upon the gods for assistance in flattening enemy towns with meteors or scatter opposing troops with lightning storms.

On May 8, 2014, Age of Mythology: Extended Edition was released on Steam. It features improved graphics, water, lighting, along with day/night cycles, Treaty gamemode, Steam achievements and mod workshop. Compared to the original release,",Ensemble Studios,Microsoft Studios,https://images.igdb.com/igdb/image/upload/t_original/co2xm0.png,https://images.igdb.com/igdb/image/upload/t_original/ixetfdcsuonmkrdbjuu1.png,2014-05-08T00:00:00.000Z,2014,PC,PC,,Abandoned,5,0,0,-1,0,0,68,0.0,0.0,2020-08-13T18:49:32.000Z,2020-08-13T18:49:29.000Z,,,,false,27.635277777777777,40.25083333333333,62.645833333333336,0,1,⏳ RTS|✈️ Simulator|💭 Strategy
FB87352E-95E3-4686-A8A5-D96B055185A2,10962,Q20059613,Uncharted: The Nathan Drake Collection,"Uncharted: The Nathan Drake Collection is a remastered compilation of the action-adventure shooter platform video games Drake's Fortune, Among Thieves, and Drake's Deception. Ported by Bluepoint Games, the collection was released exclusively for the PlayStation 4 on October 7, 2015 in Europe and October 9th, 2015 in North America.

The Nathan Drake Collection features the original three games in the Uncharted series with 1080p resolution, 60 frames per second, better lighting, textures and models. The collection also implements a ""Photo Mode"", a mode where the player can freeze the game at any moment to take personalized screenshots, derived from Naughty Dog's other remastered entry, The Last of Us Remastered, as well as new trophies. The ported games only include their respective single-player modes.

The pre-ordered version of The Nathan Drake Collection includes the ""Nathan Drake Pack"", which consists of single-player skins of iconic Nathan Drake outfits, as well as two weapons: the Golden AK-47 and Golden 92FS - 9mm. Pre-ordering the collection as a digital download through the PlayStation Store would also give an exclusive Uncharted: The Nathan Drake Collection PlayStation 4 dynamic theme.

Purchasing The Nathan Drake Collection, and owning a valid subscription to PlayStation Plus, before the expiry date of December 13, 2015 would grant the player exclusive access to the multiplayer beta of A Thief's End.",Naughty Dog,"Sony Computer Entertainment, Inc. (SCEI)",https://images.igdb.com/igdb/image/upload/t_original/co1tps.png,https://images.igdb.com/igdb/image/upload/t_original/uqgvxu06y3brb5jlvowl.png,2015-10-08T00:00:00.000Z,2015,PS4,PS4,,Completed,4,3,0,-1,0,9,85,25.2,0.0,2018-11-18T01:28:39.000Z,2020-08-02T00:28:36.000Z,,,,false,27.2625,32.11055555555556,63.15027777777778,0,-1,🔫 Shooter|🎮 Platformer|🌍 Adventure
71352C79-67D1-44B3-8627-CA544ADDBA70,11156,Q20155528,Horizon Zero Dawn,"Welcome to a vibrant world rich with the beauty of nature – but inhabited by awe-inspiring, highly advanced machines. As a young machine hunter named Aloy, you must unravel the mysteries of this world and find your own destiny.",Guerrilla Games,Sony Interactive Entertainment,https://images.igdb.com/igdb/image/upload/t_original/co2una.png,https://images.igdb.com/igdb/image/upload/t_original/fmvburhlunnhs3mdqysc.png,2020-08-07T00:00:00.000Z,2020,PS4|PC,PC,PS4,Completed,4,1,15,-1,0,6,88,9.916666666666666,0.0,2020-12-23T00:56:02.000Z,2022-02-03T00:55:58.000Z,,,,false,22.802222222222223,43.80638888888889,60.613055555555555,0,-1,🔫 Shooter|⚔️ RPG|🌍 Adventure
4CE24588-75DC-4C34-B8BE-ECC1CEF03A12,11157,Q15630929,HITMAN,"Become the Master Assassin in an intense spy-thriller story. As Agent 47, you perform contract hits on powerful, high-profile targets in exotic locations around the world. Gameplay focuses on taking out targets in huge and intricate sandbox levels with complete freedom of approach. Where to go, when to strike and who to kill – it is all up to you.

HITMAN is an expanding and evolving world of assassination. The experience began with a Prologue and Paris location in March, continued with Episode 2: Sapienza in April, Episode 3: Marrakesh in May, the Summer Bonus Episode in July, Episode 4: Bangkok in August and Episode 5: Colorado in September. The season finale in Hokkaido, Japan arrived on October 31st.

HITMAN also features a major live component, which is made up of Elusive Targets, Escalation Contracts, Community-inspired Challenge Packs and Contracts Mode.

An Elusive Target is the closest thing to the Hitman fantasy that we’ve ever created. These targets will be custom-created characters that are added to existing locations and are only there for a limited time in real-time. You’ll only have one chance to take them down. If they escape, they are gone for good. If you kill them, that’s the way that you killed them. There are no do-overs and no second chances. When an Elusive Target leaves the game world (one way or another) they never return.

Escalation Mode is something else completely new for HITMAN and was created as a way to regularly provide a fresh challenge to players. You’ll need to master the location as well as the gameplay mechanics to complete a hit that will escalate in difficulty by adding new elements. This mode has a strong focus on having fun with the game mechanics and mixing them up. It’s more about being playful than realistic.

Contracts Mode returns from Hitman Absolution; Play-to-create, mark your own targets, choose how to kill them and compete against your friends. We will also pick the best of the bunch and put them in the Featured Contracts list so you’ve got something fresh to play whenever you load up the game.",IO Interactive,Square Enix,https://images.igdb.com/igdb/image/upload/t_original/co2fgr.png,https://images.igdb.com/igdb/image/upload/t_screenshot_huge/icnpvwqyluerew4gp8rq.png,2016-03-11T00:00:00.000Z,2016,XONE|Stadia|PC|Mac|PS4|Linux,PS4,PC|,Completed,4,3,8,-1,0,10,78,0.0,0.0,2021-02-09T05:15:35.001Z,2021-02-10T21:08:17.519Z,,,,false,10.5,23.5,91.0,2,-1,🔫 Shooter|🤔 Tactical|🌍 Adventure
D10D1A5A-0034-4BA7-AE6C-143352B25CC4,11171,Q20155365,Tom Clancy's Ghost Recon: Wildlands,"Create a team with up to 3 friends in Tom Clancy's Ghost Recon Wildlands and enjoy the ultimate military shooter experience set in a massive, dangerous, and responsive open world.",Ubisoft Paris,Ubisoft Entertainment,https://images.igdb.com/igdb/image/upload/t_original/co1ku7.png,https://images.igdb.com/igdb/image/upload/t_original/o9ieibreka2vupprgoyb.png,2017-03-06T08:00:00.000Z,2017,PS4|Stadia|XONE|PC,PC,,Abandoned,5,0,1,-1,0,0,71,0.03333333333333333,0.0,2020-10-17T17:56:54.000Z,2020-10-17T17:56:52.000Z,2020-10-17T17:56:54.000Z,,,false,0.0,0.0,0.0,0,2,🔫 Shooter|🤔 Tactical|🌍 Adventure
063D658C-541B-41DF-8C22-5F86A79D577F,11182,Q23759338,Enter the Gungeon,"Enter the Gungeon is a gunfight dungeon crawler following a band of regretful misfits seeking to shoot, loot, dodge roll and table-flip their way to personal absolution by reaching the legendary Gungeon’s ultimate treasure: the gun that can kill the past. Select a hero and battle your way to the bot¬tom of the Gungeon by surviving a challenging and evolving series of floors filled with the dangerously adorable Gundead and fearsome Gungeon bosses armed to the teeth. Gather precious loot, discover hidden secrets, and chat with opportunistic merchants and shopkeepers to purchase powerful items to gain an edge.",Dodge Roll,Devolver Digital,https://images.igdb.com/igdb/image/upload/t_original/co1rdg.png,https://images.igdb.com/igdb/image/upload/t_original/saye37b3anr8pulxcqrv.png,2016-04-05T00:00:00.000Z,2016,XONE|Mac|Linux|PC|Switch|PS4|Stadia,PC,,Abandoned,5,0,0,-1,0,0,82,0.0,0.0,2016-04-04T15:43:10.000Z,2016-04-04T15:17:10.000Z,,,,false,22.06972222222222,59.79472222222222,158.04194444444445,0,-1,🔫 Shooter|🌍 Adventure|😎 Indie|🕹 Arcade
AA11F454-E5DC-4865-AFA0-B893769E1D11,11198,Q20031743,Rocket League,"Rocket League is a high-powered hybrid of arcade-style soccer and vehicular mayhem with easy-to-understand controls and fluid, physics-driven competition. Rocket League includes casual and competitive Online Matches, a fully-featured offline Season Mode, special “Mutators” that let you change the rules entirely, hockey and basketball-inspired Extra Modes, and more than 500 trillion possible cosmetic customization combinations.",Psyonix,Psyonix,https://images.igdb.com/igdb/image/upload/t_original/co4cfe.png,https://images.igdb.com/igdb/image/upload/t_original/x2ebxdsn5kfjcnjbo7q2.png,2015-07-07T00:00:00.000Z,2015,PC|Switch|XONE|PS4|Linux|Series X|PS5|Mac,PS4,,Abandoned,5,0,13,-1,0,0,88,2.6833333333333336,0.0,2023-06-16T17:07:00.000Z,2023-06-18T17:07:21.148Z,2015-07-07T00:55:48.000Z,,,false,4.654444444444445,24.661666666666665,72.10166666666667,0,3,⚽️ Sport|😎 Indie
C79B39BC-2808-4808-9346-C8BCF4DE499A,11346,Q20538669,Her Story,"Her Story is the new video game from Sam Barlow, creator of Silent Hill: Shattered Memories and Aisle. A crime fiction game with non-linear storytelling, Her Story revolves around a police database full of live action video footage. It stars Viva Seifert, actress and one half of the band Joe Gideon and the Shark.",Sam Barlow,Sam Barlow,https://images.igdb.com/igdb/image/upload/t_original/co2gzl.png,https://images.igdb.com/igdb/image/upload/t_original/mhznksylym6skphqjysd.png,2015-06-24T10:00:00.000Z,2015,PC|Mac|Linux|Android|iOS,PC,,Abandoned,5,0,0,-1,0,0,84,0.0,0.0,2022-09-01T18:13:19.000Z,2022-09-01T18:13:16.000Z,2022-09-01T18:13:19.000Z,,,false,2.371111111111111,3.2419444444444445,4.119722222222222,0,2,👾 Point-and-click|🧩 Puzzle|✈️ Simulator|🌍 Adventure|😎 Indie
D0439DB9-02F3-482D-88EF-9AAC01B4EFBD,11397,Q17634308,Yakuza 0,"The glitz, glamour, and unbridled decadence of the 80s are back! Yakuza 0 is a prequel set in 1988 to the Yakuza series, taking place before the first game. Fight like hell through Tokyo and Osaka with protagonist Kazuma Kiryu and series regular Goro Majima. Play as Kazuma Kiryu and discover how he finds himself in a world of trouble when a simple debt collection goes wrong and his mark winds up murdered. Then, step into the silver-toed shoes of Goro Majima and explore his “normal” life as the proprietor of a cabaret club.",Ryū Ga Gotoku Studios,Sega,https://images.igdb.com/igdb/image/upload/t_original/co252x.png,https://images.igdb.com/igdb/image/upload/t_original/cjqvi5f6jckhxiz6jarj.png,2020-02-25T00:00:00.000Z,2020,PC|PS3|XONE|PS4,XONE,,Abandoned,5,0,1,-1,0,0,86,0.0,0.0,2020-02-25T00:00:00.000Z,2020-02-25T00:00:00.000Z,,,,false,31.216944444444444,64.6061111111111,140.6302777777778,0,-1,⚔️ RPG|✈️ Simulator|👊 Beat 'em up|🌍 Adventure
7D3A333C-F6A7-4E45-A795-214C6F84858E,11563,Q22009602,Sherlock Holmes: The Devil's Daughter,"Sherlock Holmes: The Devil’s Daughter is a fantastic adventure with unique gameplay that blends investigation, action and exploration for an extraordinary experience that will test the limits of your nerves and intelligence.

Track down evil in the darkest corners of London and the human soul while playing as the great detective, as you untangle a web of intrigue leading to the final stunning revelation.

Each of your deductions and actions affects the rest of the story, for better or for worse…",Frogwares,Bigben Interactive,https://images.igdb.com/igdb/image/upload/t_original/co3wmc.png,https://images.igdb.com/igdb/image/upload/t_original/gee4cx0drvclgfftj0ou.png,2016-06-10T07:00:00.000Z,2016,PS4|XONE|Switch|PC,XONE,,Abandoned,5,0,0,-1,0,0,65,0.0,0.0,,,2021-12-25T22:26:23.000Z,,,false,10.175555555555556,11.6375,12.28111111111111,0,1,🧩 Puzzle|🌍 Adventure
E657ADF0-6030-46E2-B151-258B044C9A78,11657,Q23779414,Epistory: Typing Chronicles,"Epistory is an atmospheric adventure typing game that tells the story of a writer lacking inspiration who asks her muse to help write her latest book.

In Epistory you play the muse, a fictional character in a world where everything is untold. Your adventure begins on a blank page, but the world will soon become larger and livelier as you gather inspiration, solve its mysteries and defeat its enemies. From movement to opening chests and fighting in epic battles, every element in the game is controlled exclusively with the keyboard.

As you progress and explore the fantasy origami world, the story literally unfolds in the writer’s mind and the mysteries of the magic power of the words are revealed.",Fishing Cactus,Fishing Cactus,https://images.igdb.com/igdb/image/upload/t_original/co1xni.png,https://images.igdb.com/igdb/image/upload/t_original/l5rcxgws4465zbcdu8rj.png,2016-03-30T07:00:00.000Z,2016,PC|Stadia|Switch|Linux|Mac,PC,,Abandoned,5,0,0,-1,0,0,76,0.0,0.0,,2024-09-16T00:13:41.808Z,,,,false,5.4475,6.739166666666667,10.364722222222222,0,2,
B18C7095-46A8-45FD-99E8-E3355862CA2D,11800,Q20899735,Divinity: Original Sin II,"Divinity: Original Sin II is a single- and multiplayer top-down, party-based role-playing game with pen & paper RPG-like levels of freedom. It features turn-based combat, a strong focus on systematic gameplay and a well-grounded narrative.",Larian Studios,Larian Studios,https://images.igdb.com/igdb/image/upload/t_original/co1y5v.png,https://images.igdb.com/igdb/image/upload/t_original/dfeszjzcbjnampiuyrm1.png,2017-09-14T07:00:00.000Z,2017,Mac|PC|PS4|XONE|iOS,PC,Mac|iOS|XONE|PS4|Steam Deck,Completed,4,1,100,-1,0,9,91,17.566666666666666,0.0,2024-05-17T03:09:05.819Z,2024-07-14T05:51:49.467Z,,,,false,59.31861111111111,101.34138888888889,157.24305555555554,0,3,
2FF8A6E1-85F3-471C-A0A6-3043A52931FA,12571,Q7023416,Nioh,"In Nioh, players will traverse war-torn Japan as William, a blonde-haired swordsman whose background as a fierce warrior and seasoned knowledge of the blade allows him to survive in the demon-plagued land of the samurai. Known as Yokai, these demons inhabit a number of dangerous locations and lie in wait in the shadows to ambush unsuspecting victims. Players will also face off with other samurai in supernatural sword battles and intense, multi-target engagements offering a level of difficulty that will truly test even the most hardened samurai’s skills, patience, and strategy.

Offering a deep and original storyline that takes place during the Warring States Period of Japanese history alongside strategic sword-fighting action, Nioh will challenge players in a way that makes every mission and accomplishment feel earned and worthwhile.",Team NINJA,Koei Tecmo Games,https://images.igdb.com/igdb/image/upload/t_original/co20xg.png,https://images.igdb.com/igdb/image/upload/t_original/gwlzl1joc0vlmxz91pmg.png,2017-02-07T08:00:00.000Z,2017,PS3|PS4,PS4,,Abandoned,5,0,0,-1,0,0,87,0.1,0.0,2021-06-25T23:47:29.000Z,2022-01-12T00:47:26.000Z,2021-06-25T23:47:29.000Z,,,false,35.60138888888889,63.87694444444445,98.79833333333333,0,-1,⚔️ RPG|👊 Beat 'em up
C630C86F-283D-4697-92C8-562C6945440E,13182,Q21072291,Far Cry: Primal,"Gamers play as TAKKAR, a seasoned hunter and the last surviving member of his hunting group. Arriving in the majestic and savage land of Oros, players will pursue one single goal; survive in a world where humans are the prey. They will meet a cast of memorable characters who will help them push back and tame the dangers of the wild.

Players will journey as the first human to tame the wilderness and rise above extinction. Along the way, they will have to hunt for food, master fire, fend off fierce predators, craft weapons and tools partly from the bones of slain beasts, and face off against other tribes to conquer Oros.",Ubisoft Montreal,,https://images.igdb.com/igdb/image/upload/t_original/co28ha.png,https://images.igdb.com/igdb/image/upload/t_original/zeq2ua0mdmp1xkenqtwx.png,2016-02-29T00:00:00.000Z,2016,XONE|Stadia|PS4|PC,PC,,Abandoned,5,0,0,-1,0,0,76,0.016666666666666666,0.0,2020-09-16T18:03:29.000Z,2020-09-16T18:03:27.000Z,,,,false,0.0,0.0,0.0,0,-1,🔫 Shooter|🌍 Adventure
B5204548-8594-407A-BBB2-7197D42EA9C6,14144,Q17013575,Final Fantasy X/X-2 HD Remaster,"Based on the international versions of the games that were previously only released in Japan and Europe, FINAL FANTASY X/X-2 HD Remaster brings these timeless classics forward to the current generation of fans, old and new alike.",Virtuos,Square Enix,https://images.igdb.com/igdb/image/upload/t_original/co2zpl.png,https://images.igdb.com/igdb/image/upload/t_original/sc9idr.png,2016-05-12T00:00:00.000Z,2016,Vita|PS3|XONE|PC|Switch|PS4,PC,,Abandoned,5,0,0,-1,0,0,86,0.0,0.0,2021-12-26T20:02:11.000Z,2021-12-26T20:02:09.000Z,,,,false,50.283055555555556,80.8325,152.275,0,-1,⚔️ RPG|💭 Strategy
A9F8D512-B9B1-4591-A15F-20C55585A8B9,14741,Q22019734,Psychonauts 2,"Psychonauts 2 is a mind-bending trip through the strange worlds hiding inside our brains. Freshly-minted special agent and acrobat extraordinaire Razputin “Raz” Aquato returns to unpack emotional baggage and expand mental horizons. Along the way he’ll help new friends, like this magical mote of light voiced (and sung) by Jack Black. Raz must use his powers to unravel dark mysteries about the Psychonauts team and his own family origins.",Double Fine Productions,Xbox Game Studios,https://images.igdb.com/igdb/image/upload/t_original/co1sod.png,https://images.igdb.com/igdb/image/upload/t_screenshot_huge/sc8g23.png,2021-08-25T10:00:00.000Z,2021,Mac|Linux|PS4|PC|Series X|XONE,Series X,,Completed,4,1,80,-1,0,7,88,0.0,0.0,2021-09-05T23:08:28.507Z,2021-09-11T03:43:38.000Z,2021-09-05T23:08:28.507Z,,,false,15.033611111111112,19.623055555555556,26.678333333333335,0,2,🎮 Platformer|🌍 Adventure
861C0777-5C93-4A1D-B702-19FDDE310587,14801,,RollerCoaster Tycoon 3: Platinum,"Rollercoaster Tycoon 3 Platinum combines the excitement of rollercoasters with the fun of great strategy sim. RCT3 Platinum combines the roller coaster theme park fun of the Roller Coaster Tycoon 3 with included expansion packs Soaked! and Wild! Now enjoy more options than ever. Build your own water slide or create your own safari with real animals. Watch guest reactions to your ultimate theme park!

Grab a front seat for the ride of your life with the jaw-dropping Coaster Cam. See every detail in stunning 3D with fully controllable park cameras. Cope with changing weather patterns and enjoy beautiful vistas, sunsets, moonlight, and more. Experience the latest extreme coasters and heart-pumping rides! Live Every spine tingling detail in stunning 3-D with fully controllable cameras. Spice up any backgrounds, rides, fireworks display and laser light shows with your own music.
Create your own park guests and groups with the Peep Designer and experience their reactions to the rides you build! Soak them and watch their reactions! Send them on wild safari and let them pet the animals.

Create savage encounters and thrilling safaris! Conquer 12 Wild! Scenarios and experience cool jungle and prehistoric design themes. Play through dozens of scenarios in three difficulty modes or build without limits in Sandbox mode.",Frontier Developments,Aspyr Media,https://images.igdb.com/igdb/image/upload/t_original/co1v8j.png,https://images.igdb.com/igdb/image/upload/t_original/lvtkz2aqzhcdrhancq5x.png,2006-10-26T07:00:00.000Z,2006,PC|Mac,PC,,Abandoned,5,0,0,-1,0,0,0,0.0,0.0,,2025-09-27T05:35:32.120Z,,,,false,20.116944444444446,38.906666666666666,42.01166666666666,0,1,
DF1A7BB9-D582-4DAB-AC7D-A237554C7D18,14902,Q22245986,Assassin's Creed Chronicles: India,"Chronicles: India will feature Indian assassin Arbaaz Mir in 1841, while the Sikh Empire was at war with the East India Company. When a Master Templar arrives with a mysterious item that used to belong to the Assassin Order, Mir must discover why he has come, steal back the item, and protect his friends and his lover.",Climax Studios,Ubisoft Entertainment,https://images.igdb.com/igdb/image/upload/t_original/co1qy4.png,https://images.igdb.com/igdb/image/upload/t_original/sqqqjcbpdklrml5ahrks.png,2016-01-12T08:00:00.000Z,2016,PC|PS4|XONE|Vita,PC,,Abandoned,5,0,0,-1,0,0,62,0.016666666666666666,0.0,2020-10-13T18:52:20.000Z,,2020-10-13T18:52:20.000Z,,,false,5.724722222222222,7.178055555555556,14.256388888888889,0,2,🎮 Platformer|🌍 Adventure
6E128CA3-6374-4518-88E5-F81D6167CD9D,17000,Q23013817,Stardew Valley,"Stardew Valley is an open-ended country-life RPG! You’ve inherited your grandfather’s old farm plot in Stardew Valley. Armed with hand-me-down tools and a few coins, you set out to begin your new life. Can you learn to live off the land and turn these overgrown fields into a thriving home? It won’t be easy. Ever since Joja Corporation came to town, the old ways of life have all but disappeared. The community center, once the town’s most vibrant hub of activity, now lies in shambles. But the valley seems full of opportunity. With a little dedication, you might just be the one to restore Stardew Valley to greatness!",ConcernedApe,ConcernedApe,https://images.igdb.com/igdb/image/upload/t_original/xrpmydnu9rpxvxfjkiu7.png,https://images.igdb.com/igdb/image/upload/t_original/rhxs1x9w5hf5kde2osf5.png,2016-02-26T10:00:00.000Z,2016,Android|PC|iOS|Switch|Mac|XONE|Linux|PS4|Vita|WiiU,PC,,Abandoned,5,0,0,-1,0,0,89,0.0,0.0,2021-11-27T19:21:01.000Z,2021-11-27T19:20:59.000Z,2021-11-27T19:21:01.000Z,,,false,52.43388888888889,90.13472222222222,157.98222222222222,0,3,⚔️ RPG|✈️ Simulator|😎 Indie
3105C77D-D9AE-48D9-BABC-F6182EA7202E,18167,Q28127320,Hello Neighbor,Hello Neighbor is a stealth horror game about sneaking into Mr.Petersons house to figure out what horrible secrets he's hiding in the basement. You play against an advanced AI that learns from your every move. Really enjoying climbing through that backyard window? Expect a bear trap there. Sneaking through the front door? There'll be cameras there soon. Trying to escape? The Neighbor will find a shortcut and catch you.,DYNAMIC PIXELS,tinyBuild,https://images.igdb.com/igdb/image/upload/t_original/co1r7c.png,https://images.igdb.com/igdb/image/upload/t_original/y9s7qv25untipfcirlei.png,2017-12-08T10:00:00.000Z,2017,Android|Switch|XONE|PC|PS4|Stadia|iOS,XONE,XONE,Abandoned,5,0,0,-1,0,0,41,0.0,0.0,2017-12-07T16:46:03.000Z,2017-12-07T16:17:10.000Z,2017-12-07T16:46:03.000Z,,,false,9.223055555555556,15.479722222222222,17.357777777777777,0,1,🧩 Puzzle|⚔️ RPG|💭 Strategy|🌍 Adventure|😎 Indie
3593D7DE-2310-4AA9-AC47-237618DE7FD3,18819,Q23838183,NBA 2K17,"Following the record-breaking launch of NBA 2K16, the NBA 2K franchise continues to stake its claim as the most authentic sports video game with NBA 2K17. As the franchise that “all sports video games should aspire to be” (GamesRadar), NBA 2K17 will take the game to new heights and continue to blur the lines between video game and reality.",Visual Concepts,2K Sports,https://images.igdb.com/igdb/image/upload/t_original/co30v5.png,https://images.igdb.com/igdb/image/upload/t_original/kegz7opr5f5qy9ycxhow.png,2016-09-20T00:00:00.000Z,2016,PS3|X360|XONE|PS4|PC,PC,,Abandoned,5,0,0,-1,0,0,85,0.0,0.0,2016-09-19T15:46:51.000Z,2016-09-19T15:17:10.000Z,,,,false,39.81111111111111,59.77916666666667,126.80277777777778,0,-1,⚽️ Sport
4F26AEF9-C987-49F9-822A-967A6E6DE61F,18822,Q23947160,Pyre,"A party-based RPG/visual novel/sports game hybrid wherein the player, dubbed the Reader for their literacy by the group of scavengers who discovers them, is sent in exile to a lawless wasteland called the Downside and has to lead their ever-growing party of misfits to locations wherein many similar parties compete in Rites in order to attain freedom and be absolved of their crimes.",Supergiant Games,Supergiant Games,https://images.igdb.com/igdb/image/upload/t_original/co24r3.png,https://images.igdb.com/igdb/image/upload/t_original/km2klmcvgpz8fqwbnc8k.png,2017-07-25T07:00:00.000Z,2017,PS4|Linux|PC|Mac,PC,,Abandoned,5,0,0,-1,0,0,84,0.0,0.0,,,2021-08-16T18:27:14.000Z,,,false,11.113611111111112,14.676666666666666,20.809444444444445,0,2,⚔️ RPG|🌍 Adventure|😎 Indie|📖 Visual Novel
230CFE42-E04C-4157-92A7-78FEA841A2B2,18871,Q21850283,Parkitect,Parkitect is a business simulation game that charges you with the construction and management of theme parks.,Texel Raptor,Texel Raptor,https://images.igdb.com/igdb/image/upload/t_original/co1li8.png,https://images.igdb.com/igdb/image/upload/t_original/paestprugezhzvgwxkwt.png,2018-11-29T08:00:00.000Z,2018,Mac|PC|Linux,PC,,Abandoned,5,0,0,-1,0,0,83,0.03333333333333333,0.0,2022-09-28T18:21:31.000Z,,2022-09-28T18:21:31.000Z,,,false,47.63027777777778,61.40833333333333,113.55833333333334,0,2,✈️ Simulator|💭 Strategy|😎 Indie
ECBFC4B3-BF0C-48A3-A9F8-B43CB29FAC20,18968,Q23978200,Call of Duty: Infinite Warfare,"Call of Duty: Infinite Warfare delivers three unique game modes: Campaign, Multiplayer, and Zombies. Campaign is a return to the gritty, military roots of the franchise, while boldly looking ahead, delivering a rich and engaging narrative that is unlike anything to date in a Call of Duty game. The player will embark on a classically-styled story about grand scale warfare, set in a future where human conflict has spread throughout our solar system.

Multiplayer combines popular mechanics such as the chained-based movement system, with a load of gameplay innovations to deliver one of the deepest and most engaging online experiences in gaming. The new Zombies mode will thrill co-op players with an original, distinctive approach and an uproarious narrative sure to excite fans. The title introduces stunning, multi-planetary environments, new weaponry, and all-new player abilities.",Infinity Ward,Activision,https://images.igdb.com/igdb/image/upload/t_original/co1wkp.png,https://images.igdb.com/igdb/image/upload/t_original/s1ibtjmvd1iobsudmft7.png,2016-11-04T00:00:00.000Z,2016,PC|PS4|XONE,PC,,Abandoned,5,0,0,-1,0,0,77,0.0,0.0,2021-02-11T18:47:23.000Z,2021-02-11T18:47:20.000Z,,,,false,7.214722222222222,9.349166666666667,15.564444444444444,0,-1,🔫 Shooter|🌍 Adventure
B30BF921-B373-42C8-843E-667A15C462F4,18975,Q16259000,Oceanhorn: Monster of Uncharted Seas,"A remasterd version of Oceanhorn from iOS.

""You wake up and find a letter from your father. He is gone… The only lead is his old notebook and a mysterious necklace. What happened?

Oceanhorn: Monster of Uncharted Seas combines captivating storytelling, breathtaking 3D visuals and exciting gameplay into one epic action-adventure experience. In the game you explore the islands of Uncharted Seas, a world filled with many dangers, puzzles and secrets. You must fight monsters, learn to use magic and discover ancient treasures, which will help you on your quest. Use all of your wits and skill to unravel the mysteries of the ancient kingdom of Arcadia and the sea monster, Oceanhorn.""",Cornfox & Bros.,FDG Entertainment,https://images.igdb.com/igdb/image/upload/t_original/co262i.png,https://images.igdb.com/igdb/image/upload/t_original/tkhfqgfus9m6dtaqqjgl.png,2015-03-17T07:00:00.000Z,2015,Vita|Mac|PC|Switch|PS4|XONE|Android,PC,,Abandoned,5,0,0,-1,0,0,67,0.0,0.0,,2023-12-04T02:25:00.700Z,,,,false,9.394722222222223,11.5675,16.126666666666665,0,3,
4C972C9A-526B-4C4C-818E-5A3C64344A28,19128,Q96069035,Squadron 42,"Take the role of a rookie UEE Navy combat pilot in a cinematic single-player epic adventure set in the Star Citizen universe. Battle in the stars and face-to-face as you seamlessly transition between dogfighting and ground combat. Serve aboard a massive Navy capital ship as your custom character interacts and builds relationships with a living, breathing crew. Cutting-edge performance capture brings unprecedented emotion and life to some of your favorite actors. Powered by StarEngine, Squadron 42 pushes gaming graphics and fidelity to the next level.",Cloud Imperium Games Corporation,Cloud Imperium Games Corporation,https://images.igdb.com/igdb/image/upload/t_original/co90ek.png,https://images.igdb.com/igdb/image/upload/t_original/ik6iwbhf3n3nyzfdvcv0.png,2028-01-01T07:59:59.000Z,2027,PC,PC,,Wanted,6,0,0,-1,0,0,0,0.0,0.0,,,,,,false,0.0,0.0,0.0,0,-1,
C0533B10-4A35-4300-BB52-21E2BB0A8A04,19130,Q24050047,Sid Meier's Civilization VI,"Civilization is a turn-based strategy game in which you attempt to build an empire to stand the test of time. Become Ruler of the World by establishing and leading a civilization from the Stone Age to the Information Age. Wage war, conduct diplomacy, advance your culture, and go head-to-head with history’s greatest leaders as you attempt to build the greatest civilization the world has ever known.",Firaxis Games,Aspyr Media,https://images.igdb.com/igdb/image/upload/t_original/co28j8.png,https://images.igdb.com/igdb/image/upload/t_original/lhakpuiqvolnsgmh7d9q.png,2016-10-21T07:00:00.000Z,2016,Switch|PS4|Linux|Mac|PC|iOS|XONE,PC,,Abandoned,5,0,0,-1,0,0,89,1.15,0.0,2016-10-20T15:38:18.000Z,,2016-10-20T15:38:18.000Z,,,false,22.817222222222224,82.7275,327.97055555555556,0,2,✈️ Simulator|💭 Strategy|🧐 Turn Based
1A64AEC4-463C-433F-9D8B-871F6F1246CC,19164,Q62565771,Borderlands 3,"The original shooter-looter returns, packing bazillions of guns and a mayhem-fueled adventure! Blast through new worlds and enemies as one of four new Vault Hunters. Play solo or with friends to take on insane enemies, score loads of loot and save your home from the most ruthless cult leaders in the galaxy.",Gearbox Software,2K Games,https://images.igdb.com/igdb/image/upload/t_original/co20r3.png,https://images.igdb.com/igdb/image/upload/t_original/sc6cys.png,2019-09-13T00:00:00.000Z,2019,PS5|XONE|Series X|Mac|PS4|Stadia|PC,PC,,Abandoned,5,0,0,-1,0,0,81,0.4166666666666667,0.0,2020-09-19T17:44:51.000Z,2020-09-19T17:44:49.000Z,,,,false,22.854166666666668,43.025,70.7063888888889,0,-1,🔫 Shooter
5464B64E-5C3D-40EE-9E50-171B23F6C283,19241,Q54875419,Unravel Two,"Unravel two is the sequel to the 2015 puzzle platforming game Unravel. It was announced during E3 2018, that the game was actually already finished and available instantly! In the game there are two Yarny's (made out of yarn) which can be controlled by one player, though the game can also be played in co-op. Together the Yarny's explore area's and solve the puzzles within them.",ColdWood Interactive,Electronic Arts,https://images.igdb.com/igdb/image/upload/t_original/co269n.png,https://images.igdb.com/igdb/image/upload/t_screenshot_huge/iyj16hbpkgbf75v5jfen.png,2018-06-09T00:00:00.000Z,2018,XONE|Switch|PC|PS4,XONE,,Completed,4,3,100,-1,0,5,80,0.0,0.0,2021-04-07T01:10:07.000Z,2021-07-21T03:47:38.773Z,,,,false,5.061111111111111,6.751388888888889,12.556944444444444,0,-1,🎮 Platformer|🧩 Puzzle|🌍 Adventure|😎 Indie
94E2D6B4-A1CA-4B22-B97B-4179DFF447EF,19397,Q24256005,Dead Island Retro Revenge,"Time for some 16-bit retro revenge! Hell-bent on saving his cat, Max must carve a bloody path through a zombie-infested California, tearing his way through hordes of the undead, battalions of corrupt soldiers, and a slew of evil-minded ex-cons. Pull off crazy combos, collect power-ups, wield super weapons, and unleash insane magic attacks as you fight to become the amazing 16-bit side-scrolling hero you've always believed yourself to be!",Empty Clip Studios,Deep Silver,https://images.igdb.com/igdb/image/upload/t_original/co2pv8.png,https://images.igdb.com/igdb/image/upload/t_original/zpq4dch5hxijo7ekaquq.png,2016-06-01T07:00:00.000Z,2016,PS4|PC|XONE,PC,,Abandoned,5,0,0,-1,0,0,61,0.0,0.0,,,,,,false,3.9105555555555553,5.229722222222223,8.9825,0,1,
1E3901BF-984D-4F55-AD66-AC09896990E0,19441,Q24455756,Watch Dogs 2,"Explore a massive and dynamic open world offering an incredible variety of gameplay possibilities. Hack your way through traffic while you engage in dangerous car chases through the winding streets of San Francisco, traverse the rooftops of the colorful and vibrant neighborhoods of Oakland, and infiltrate the cutting-edge offices of Silicon Valley companies. There are many secrets to uncover in the birthplace of the tech revolution.",Ubisoft Montreal,Ubisoft Entertainment,https://images.igdb.com/igdb/image/upload/t_cover_big/co2crl.png,https://images.igdb.com/igdb/image/upload/t_screenshot_huge/jaj2rfqtl1sy7kpscva5.png,2016-11-15T00:00:00.000Z,2016,PS4|PC|Stadia|XONE,XONE,PS4|Stadia|XONE,Completed,4,1,50,-1,0,8,81,0.016666666666666666,0.0,2020-10-13T05:26:48.000Z,2022-08-07T21:32:27.845Z,,,,false,19.141666666666666,31.236944444444443,46.123333333333335,1,-1,🔫 Shooter|🌍 Adventure
A9555300-ADF0-4B13-B62F-89C9250DBA9D,19457,Q31602948,The Elder Scrolls V: Skyrim - Special Edition,"Skyrim special edition is a remaster of the classic from 2011. Now with upgraded visuals.
Skyrim reimagines and revolutionises the open-world fantasy epic, bringing to life a complete virtual world open for you to explore any way you choose.",Bethesda Game Studios,Bethesda Softworks,https://images.igdb.com/igdb/image/upload/t_original/co1vco.png,https://images.igdb.com/igdb/image/upload/t_original/jonqwskjocnykh9s6gug.png,2016-10-28T00:00:00.000Z,2016,PS5|PS4|Series X|XONE|PC,XONE,,Completed,4,1,20,-1,0,9,81,0.0,0.0,2020-12-25T16:27:09.000Z,2021-12-14T16:17:10.000Z,,,,false,26.011111111111113,111.82861111111112,204.4063888888889,0,-1,⚔️ RPG|🌍 Adventure
29241889-8594-40CB-9512-DA4321186876,19520,Q29344684,Far: Lone Sails,"Far: Lone Sails is a vehicle adventure game. The player needs to maintain and upgrade their unique vessel to traverse a dried-out sea, with the remains of a decaying civilization scattered out on the seabed. Keep your unique vessel going, overcome numerous obstacles and withstand the hazardous weather conditions.",Okomotive,Assemble Entertainment,https://images.igdb.com/igdb/image/upload/t_original/coa36a.png,https://images.igdb.com/igdb/image/upload/t_original/c5kuwnmzbyo3965lms2f.png,2018-05-17T07:00:00.000Z,2018,PS4|Mac|PC|XONE|Android|iOS|Switch,PC,,Abandoned,5,0,0,-1,0,0,79,0.0,0.0,,2025-08-22T01:14:56.574Z,,,,false,3.0555555555555554,3.3325,6.234166666666667,0,3,
FB7462E4-B3A2-45EF-A6AE-E35D2D13EA7F,19560,Q18345138,God of War,"God of War is the sequel to God of War III as well as a continuation of the canon God of War chronology. Unlike previous installments, this game focuses on Norse mythology and follows an older and more seasoned Kratos and his son Atreus in the years since the third game. It is in this harsh, unforgiving world that he must fight to survive… and teach his son to do the same.",SIE Santa Monica Studio,Sony Interactive Entertainment,https://images.igdb.com/igdb/image/upload/t_original/co1tmu.png,https://images.igdb.com/igdb/image/upload/t_screenshot_huge/r7hpzsqic1bjwyzn1bnq.png,2022-01-14T10:00:00.000Z,2022,PS4|PC,PC,PS4,Completed,4,1,80,-1,0,8,94,15.6,0.0,2020-11-14T08:34:22.586Z,2022-01-31T21:44:15.167Z,2020-11-14T08:34:22.586Z,,,false,20.578055555555554,32.77472222222222,51.096666666666664,0,3,⚔️ RPG|👊 Beat 'em up|🌍 Adventure
DCE6FB3D-B55F-491B-B51F-35DA443633E0,19561,Q24576564,Days Gone,"Days Gone is an open-world action-adventure game developed by Bend Studio and published by Sony Interactive Entertainment. Released in April 2019 for PlayStation 4 and later for PC in May 2021, the game is set in a post-apocalyptic world where players control Deacon St. John, a drifter and bounty hunter navigating a landscape overrun by ""Freakers,"" zombie-like creatures created by a global pandemic.

The gameplay focuses on exploration, combat, and survival elements, with players able to use various weapons, craft supplies, and upgrade Deacon’s motorcycle, essential for travelling across the vast and hostile environment. Days Gone combines narrative-driven missions with an open world filled with dynamic events, enemy camps, and environmental challenges.",Bend Studio,Sony Interactive Entertainment,https://images.igdb.com/igdb/image/upload/t_original/co1izz.png,https://images.igdb.com/igdb/image/upload/t_screenshot_huge/kjrtfpaex7mwrjazwv1m.png,2019-04-26T07:00:00.000Z,2019,PS4|PC,PS4,,Completed,4,3,65,-1,0,9,72,0.0,0.0,2021-04-15T19:21:05.866Z,2021-07-21T22:13:09.523Z,,,,false,36.52361111111111,50.62583333333333,65.51833333333333,1,3,🔫 Shooter|🌍 Adventure
D4EA5E3B-76B3-4B64-B455-F908978EC5C0,19562,Q24577667,Resident Evil 7: Biohazard,"Resident Evil 7: Biohazard is the first game of the Resident Evil series to switch from 3rd-person to fully 1st-person perspective. A complete refresh of gameplay systems simultaneously propels the survival horror experience to another level. It is as much horror as it is survival, boosting up scare elements and minimizing downright shooting action. The game allows use of Sony's PSVR Headset to play in VR mode.",Capcom Development Division 1,Capcom,https://images.igdb.com/igdb/image/upload/t_cover_big/co1vcl.png,https://images.igdb.com/igdb/image/upload/t_screenshot_huge/r03xsdmmrxyddimojni1.png,2022-06-13T00:00:00.000Z,2022,PS4|XONE|Mac|Stadia|Switch 2|PC|PSVR|Series X|S|iOS|PS5,PS5,,Completed,4,1,100,-1,0,8,85,0.0,0.0,2022-06-14T15:58:53.151Z,2022-06-21T01:42:47.036Z,2022-06-14T15:58:53.151Z,,,false,9.292777777777777,11.98,27.836111111111112,0,3,🔫 Shooter|🌍 Adventure
8D9A4E52-7456-4C43-8A7D-9307DE73CDD8,19564,Q24666782,Death Stranding,"Death Stranding is an action game set in a post-apocalyptic United States.

Players control Sam Porter Bridges, a courier tasked with reconnecting isolated cities via a communication network while delivering essential cargo. The gameplay blends traversal, resource management, and narrative elements, with a focus on social connectivity through asynchronous multiplayer. It is known for its unique mechanics, atmospheric world, and philosophical themes.",Kojima Productions,Sony Interactive Entertainment,https://images.igdb.com/igdb/image/upload/t_original/co316v.png,https://images.igdb.com/igdb/image/upload/t_original/ot22cc6wsmhbrcnuo8ti.png,2019-11-08T08:00:00.000Z,2019,PS4|PC,PS4,,Completed,4,1,17,-1,0,8,82,35.71666666666667,0.0,2019-07-26T05:23:18.000Z,2021-10-09T05:23:11.000Z,2019-07-26T05:23:18.000Z,,,false,40.49333333333333,60.02722222222222,112.7936111111111,0,3,🔫 Shooter|🌍 Adventure
C5BF6FC0-F3A2-49EC-8BC3-C9E4AEC2485D,19637,Q12072563,Star Wars: The Force Unleashed - Ultimate Sith Edition,"The story and action of Star Wars: The Force Unleashed expands with the release of Star Wars The Force Unleashed: Ultimate Sith Edition, a special new version of the game that will show gamers the deepest, darkest side of the Force in a story that puts them on a collision course with Luke Skywalker himself.

The Ultimate Sith Edition includes all of the original missions found in Star Wars: The Force Unleashed as well as content previously only available via download and an all-new exclusive bonus level.

Star Wars: The Force Unleashed completely re-imagines the scope and scale of the Force and casts players as Darth Vader’s ""Secret Apprentice,"" unveiling new revelations about the Star Wars galaxy seen through the eyes of a mysterious new character armed with unprecedented powers.",LucasArts,LucasArts,https://images.igdb.com/igdb/image/upload/t_original/co2e4e.png,https://images.igdb.com/igdb/image/upload/t_original/hgcqjsjnbbmsfiaai82i.png,2009-11-03T08:00:00.000Z,2009,Mac|X360|PS3|PC,PC,,Abandoned,5,0,0,-1,0,0,63,0.0,0.0,,,2021-05-02T18:53:58.000Z,,,false,8.160555555555556,11.374166666666667,16.33888888888889,0,1,⚔️ RPG|👊 Beat 'em up|🌍 Adventure
1BA0FA5F-63DC-4DDF-88BE-894DF155432D,20150,Q33101548,Katana Zero,"Katana Zero is a fast paced neo-noir action platformer, focusing on tight, instant-death acrobatic combat, and a dark 80's neon aesthetic. Aided with your trusty katana, the time manipulation drug Chronos and the rest of your assassin's arsenal, fight your way through a fractured city, and take back what's rightfully yours.",Askiisoft,Devolver Digital,https://images.igdb.com/igdb/image/upload/t_original/co1isp.png,https://images.igdb.com/igdb/image/upload/t_original/mff0scrleuvl3vpzavgj.png,2019-04-18T07:00:00.000Z,2019,PC|XONE|Mac|Switch,PC,,Abandoned,5,0,0,-1,0,0,84,0.0,0.0,,,2019-04-17T15:38:47.000Z,,,false,4.676388888888889,6.141388888888889,11.233611111111111,0,3,🎮 Platformer|💭 Strategy|🌍 Adventure|😎 Indie|🕹 Arcade
A7E3CFE6-F985-40FA-A8F6-90A3BAF31F36,20275,Q110752642,The Witcher: Enhanced Edition,"Based on the novels by a popular Polish writer Andrzej Sapkowski, The Witcher is an action-oriented, epic fantasy RPG that takes players on a journey through a world which in many ways mirrors our own. Take on the role of Geralt of Rivia, a professional monster hunter, as he embarks on a quest of self-discovery and revenge.

The game's time-delayed decision-consequence system ensures that the consequences of your choices will become apparent only in the following chapters of Geralt's story, discouraging returns to a previous save point.

The Enhanced Edition includes technical and gameplay improvements that bring shorter loading times, more natural animations, and improved inventory, among others. Two new adventures titled The Price of Neutrality and Side Effects will extend players' enjoyment of the game. Finally, the ""D'jinni Adventure Editor"" enables players to create their adventures and shared them with others.",CD Projekt RED,Atari,https://images.igdb.com/igdb/image/upload/t_original/co1wxs.png,https://images.igdb.com/igdb/image/upload/t_original/i1ucakdnk52r3i2rbpdm.png,2008-09-16T07:00:00.000Z,2008,PC|Mac,PC,,Abandoned,5,0,0,-1,0,0,85,0.0,0.0,,,2020-11-25T19:59:23.000Z,,,false,35.397777777777776,45.96194444444444,64.12083333333334,0,2,⚔️ RPG|🌍 Adventure
528B844B-DD7C-4EC1-8A62-5E13B735DE67,20546,,Plants vs. Zombies: GOTY Edition,"Zombies are invading your home, and the only defense is your arsenal of plants! Armed with an alien nursery-worth of zombie-zapping plants like peashooters and cherry bombs, you'll need to think fast and plant faster to stop dozens of types of zombies dead in their tracks.",PopCap Games,PopCap Games,https://images.igdb.com/igdb/image/upload/t_original/co5gh6.png,https://images.igdb.com/igdb/image/upload/t_original/ezpm3akymxnz1qsmqiai.png,2010-08-09T00:00:00.000Z,2010,PC|Mac,PC,,Abandoned,5,0,0,-1,0,0,80,0.25,0.0,2011-05-04T18:16:28.000Z,2011-05-04T18:16:26.000Z,,,,false,0.0,0.0,0.0,0,-1,🧩 Puzzle|⏳ RTS|✈️ Simulator|💭 Strategy|🤔 Tactical
3127BADD-4D03-45E2-ABDE-4571D5AF72A6,20740,Q100984696,The Witcher 2: Assassins of Kings - Enhanced Edition,"All existing owners of The Witcher 2 received free upgrades to the Enhanced Edition, and could pre-load the update starting 11 April 2012. All new copies on PC and Xbox 360 shipped with the additional content on board. The Witcher 2: Assassins of Kings - Enhanced Edition added over 10GB of new content, including four hours of gameplay, arena mode, new tutorial, 36 minutes of cinematics including a new intro created by Platige Image and an outro, as well as a host of fixes to gameplay and the interface.",CD Projekt RED,CD Projekt,https://images.igdb.com/igdb/image/upload/t_original/co1ykc.png,https://images.igdb.com/igdb/image/upload/t_original/qrjkxziraowrmhclwv9h.png,2012-04-17T00:00:00.000Z,2012,PC|X360|Linux|Mac,PC,,Abandoned,5,0,0,-1,0,0,88,0.0,0.0,,,2020-11-25T19:59:40.000Z,,,false,0.0,0.0,0.0,0,1,⚔️ RPG|🌍 Adventure
C4435D83-565E-4352-BDE9-2EDECF6A3074,20863,,Dishonored: Definitive Edition,"Arkane Studios’ 2012 Game of the Year, Dishonored, and all of its additional content - Dunwall City Trials, The Knife of Dunwall, The Brigmore Witches and Void Walker’s Arsenal – comes to PlayStation 4 and Xbox One in Dishonored: Definitive Edition! Experience Dishonored plus all of its additional content on the new console systems for the first time, complete with enhanced graphics that take full advantage of the powerful hardware of this generation.",Arkane Studios,Zenimax Europe,https://images.igdb.com/igdb/image/upload/t_original/co1kor.png,https://images.igdb.com/igdb/image/upload/t_screenshot_huge/cknxefnbrlfw6ewtmjtn.png,2015-08-27T00:00:00.000Z,2015,PC|XONE|PS4,XONE,,Completed,4,3,95,-1,0,9,79,12.0,0.0,2021-11-21T00:17:32.000Z,2022-01-28T19:22:59.207Z,,,,false,12.274444444444445,22.933888888888887,48.62388888888889,0,-1,🔫 Shooter|🌍 Adventure
2BBFC51E-1D0C-4291-A0DC-581C116B5F63,20910,Q56218638,World War Z,"Humanity is on the brink of extinction. From New York to Moscow and Jerusalem, the undead apocalypse continues to spread. As the end looms, a hardened few bands together to defeat the horde and outlive the dead.

World War Z is a heart-pounding co-op third-person shooter for up to 4 players featuring swarms of hundreds of zombies. Based on the Paramount Pictures film, World War Z focuses on fast-paced gameplay while exploring new storylines from around the world.",Saber Interactive,Paramount Pictures,https://images.igdb.com/igdb/image/upload/t_cover_big/co1j80.png,https://images.igdb.com/igdb/image/upload/t_screenshot_huge/wcdsou4fr1powvgupvm8.png,2019-04-16T00:00:00.000Z,2019,PC|XONE|Switch|Stadia|PS4,PC,PS4,Completed,4,1,0,-1,0,6,73,11.483333333333333,0.0,2019-05-10T02:19:57.000Z,2020-12-31T19:12:21.951Z,,,,false,7.309444444444445,12.272777777777778,34.15611111111111,0,-1,🔫 Shooter
D1EB161B-F0EC-469A-AB03-F0CFC24A17B5,21580,Q20712110,Hitman GO: Definitive Edition,"Hitman GO is a simple to play, but difficult to master turn-based strategy game set in a stunning interpretation of the Hitman universe. You will strategically navigate fixed spaces on a grid to avoid enemies and take out your target or infiltrate well-guarded locations.

This award-winning, beautifully rendered diorama-style turn-based strategy game focuses on forward thinking to progress through challenging levels and stylish freeze frame environments, to challenge even the most accomplished Hitman fan.

With Hitman GO, you’ll experience:

○ Challenging puzzles that put your assassination skills to the test

○ Beautiful scale model-style visuals

○ Environments with secret passageways and off-limit areas

○ Agent 47’s tools of the trade: Distractions, disguises, hiding spots, sniper rifles and even the iconic Silverballers

○ Different enemy types with unique and deadly behaviors

○ Different ways of completing each level, silently or forcefully",Square Enix Montréal,Square Enix,https://images.igdb.com/igdb/image/upload/t_original/co42hn.png,https://images.igdb.com/igdb/image/upload/t_original/kfirc0wdnrjvzymy4fdb.png,2016-02-23T00:00:00.000Z,2016,PS4|Vita|Linux|PC,PC,,Completed,4,3,0,-1,0,9,77,0.0,0.0,2021-05-23T19:05:10.000Z,2021-05-23T19:05:07.000Z,,,,false,5.016666666666667,6.189722222222223,7.1925,0,-1,🧩 Puzzle|💭 Strategy|🧐 Turn Based
6E9BBCBE-CB12-40AD-982F-0DC07FF62660,21593,Q106906209,Lords of the Fallen,"A vast world awaits in all-new, dark fantasy action-RPG, Lords of the Fallen. As one of the fabled Dark Crusaders, embark on an epic quest to overthrow Adyr, the demon God.",HEXWORKS,CI Games,https://images.igdb.com/igdb/image/upload/t_original/co72u9.png,https://images.igdb.com/igdb/image/upload/t_original/scii6z.png,2023-10-13T06:00:00.000Z,2023,Series X|PC|PS5,PC,,Abandoned,5,0,0,-1,0,0,69,0.45,0.0,2023-10-14T23:12:00.000Z,2023-10-14T23:12:17.031Z,,,,false,31.33861111111111,43.69083333333333,82.57916666666667,0,3,
C16ABB00-396D-4EC1-81B9-78C9BC850B24,21704,,Batman: Arkham City - Game of the Year Edition,"Batman: Arkham City - Game of the Year Edition includes the following DLC:

Catwoman Pack
Nightwing Bundle Pack
Robin Bundle Pack
Harley Quinn’s Revenge
Challenge Map Pack
Arkham City Skins Pack

Batman: Arkham City - Game of the Year Edition packages new gameplay content, seven maps, three playable characters, and 12 skins beyond the original retail release:

Maps: Wayne Manor, Main Hall, Freight Train, Black Mask, The Joker's Carnival, Iceberg Long, and Batcave
Playable Characters: Catwoman, Robin and Nightwing
Skins: 1970s Batsuit, Year One Batman, The Dark Knight Returns, Earth One Batman, Batman Beyond Batman, Animated Batman, Sinestro Corps Batman, Long Halloween Catwoman, Animated Catwoman, Animated Robin, Red Robin and Animated Nightwing",Rocksteady Studios,Warner Bros. Entertainment Inc.,https://images.igdb.com/igdb/image/upload/t_original/co2kia.png,https://images.igdb.com/igdb/image/upload/t_original/nknxxvw0ezxuwwfj5dxj.png,2012-09-07T07:00:00.000Z,2012,X360|Mac|PS3|PC,PC,,Completed,4,1,0,-1,0,8,94,0.0,0.0,2020-11-25T20:13:20.000Z,2020-11-25T20:13:18.000Z,2020-11-25T20:13:20.000Z,,,false,0.0,0.0,0.0,0,2,👊 Fighting|👊 Beat 'em up|🌍 Adventure
3900FE38-5C81-44E2-B028-C7E7E96F77D7,23331,Q92204235,Rise of the Tomb Raider: 20 Year Celebration,"Rise of the Tomb Raider: 20 Year Celebration includes the critically acclaimed Rise of the Tomb Raider. With over 50 hours of gameplay and all-new content created to celebrate 20 years of the iconic Lara Croft. In the critically acclaimed Tomb Raider, Lara Croft was forged into a true survivor, but she glimpsed a deeper, secret world.",Crystal Dynamics,Feral Interactive,https://images.igdb.com/igdb/image/upload/t_original/co3ib1.png,https://images.igdb.com/igdb/image/upload/t_original/oo7mqjgyorifwvgpvkv4.png,2016-10-11T07:00:00.000Z,2016,Mac|XONE|Linux|PS4|PSVR|PC|Stadia,PS4,,Completed,4,3,0,-1,0,8,86,0.08333333333333333,0.0,2020-09-17T00:17:03.000Z,2021-08-03T00:17:01.000Z,2020-09-17T00:17:03.000Z,,,false,14.263333333333334,23.719444444444445,38.81638888888889,0,-1,🔫 Shooter|🌍 Adventure
E00F3F09-17EB-4227-9813-105EAEFAA3FB,24654,Q61643718,New World,"Explore a thrilling, open-world MMO filled with danger and opportunity where you'll forge a new destiny for yourself as an adventurer shipwrecked on the supernatural island of Aeternum. Endless opportunities to fight, forage, and forge await you among the island's wilderness and ruins. Channel supernatural forces or wield deadly weapons in a classless, real-time combat system, and fight alone, with a small team, or in massed armies for PvE and PvP battles—the choices are all yours.",Amazon Game Studios,Amazon Game Studios,https://images.igdb.com/igdb/image/upload/t_original/co1uwf.png,https://images.igdb.com/igdb/image/upload/t_screenshot_huge/sc6dro.png,2021-09-27T17:00:00.000Z,2021,PC|PS5|Series X,PC,,Abandoned,5,0,0,-1,0,0,69,1.8833333333333333,0.0,2021-10-05T03:55:33.383Z,2021-11-22T21:13:43.099Z,2021-10-05T03:55:33.383Z,,,false,58.05388888888889,163.66166666666666,544.7880555555555,0,2,⚔️ RPG|🌍 Adventure
F9B1EBD9-EFB6-4BF4-AEAF-E490F60528DD,24869,Q622336,Resident Evil,"Resident Evil is the 2002 remake of the original 1996 video game of the same name featuring various improvements and gameplay overhaul. The game features all-new graphics and sound, and also incorporates gameplay elements from the earlier installments. While the overall plot remained mostly unchanged, several new areas and rooms were added to the game. This remake also features many additional modes, secrets and various endings over the original.",Capcom Production Studio 4,Capcom,https://images.igdb.com/igdb/image/upload/t_original/co2vz8.png,https://images.igdb.com/igdb/image/upload/t_original/scica9.png,,0,NGC,,,Abandoned,5,0,0,-1,0,0,80,0.1,0.0,,,,,,false,11.273333333333333,13.314444444444444,20.5375,0,-1,
270178F9-EB26-49D1-8215-3FED0BDB5478,24920,Q28869873,Call of Duty: Modern Warfare Remastered,"One of the most critically-acclaimed games in history. Call of Duty 4: Modern Warfare is back, remastered in true high-definition, featuring enhanced textures, rendering, high-dynamic range lighting, and much more to bring a new generation experience to fans.",Raven Software,Activision,https://images.igdb.com/igdb/image/upload/t_original/co1wla.png,https://images.igdb.com/igdb/image/upload/t_original/mguo3tf0c2i4atgsu6ep.png,2016-11-04T00:00:00.000Z,2016,XONE|PS4|PC,PC,,Abandoned,5,0,0,-1,0,0,86,0.0,0.0,2021-02-11T18:47:42.000Z,2021-02-11T18:47:40.000Z,,,,false,6.151944444444444,8.3325,16.480833333333333,0,-1,🔫 Shooter
9AAD5BBD-FCCD-44AE-8BF2-F934D5890135,25076,Q27438121,Red Dead Redemption 2,"Red Dead Redemption 2 is the epic tale of outlaw Arthur Morgan and the infamous Van der Linde gang, on the run across America at the dawn of the modern age.",Rockstar Games,Take-Two Interactive,https://images.igdb.com/igdb/image/upload/t_original/co1q1f.png,https://images.igdb.com/igdb/image/upload/t_screenshot_huge/xegpfnsvlyeld0zkjnrc.png,2018-10-26T00:00:00.000Z,2018,XONE|PC|PS4|Stadia,PS4,PC,Completed,4,3,38,-1,0,10,95,0.0,0.0,2018-10-24T16:42:58.000Z,2021-01-03T00:21:13.000Z,2018-10-24T16:42:58.000Z,,,false,50.19861111111111,81.32722222222222,180.6263888888889,0,2,🔫 Shooter|⚔️ RPG|🌍 Adventure
D11C6CE1-39FA-4159-BBF0-1D596409DA7B,25358,,Deus Ex: Game of the Year Edition,"The year is 2052 and the world is a dangerous and chaotic place. Terrorists operate openly - killing thousands; drugs, disease and pollution kill even more. The world's economies are close to collapse and the gap between the insanely wealthy and the desperately poor grows ever wider.",Ion Storm,Square Enix,https://images.igdb.com/igdb/image/upload/t_original/co2hm2.png,https://images.igdb.com/igdb/image/upload/t_original/k0lzonhinpsgaj3xy9vj.png,2000-06-22T07:00:00.000Z,2000,PC,PC,,Abandoned,5,0,0,-1,0,0,0,0.0,0.0,,,2020-11-25T18:50:33.000Z,,,false,22.911666666666665,28.571666666666665,39.003055555555555,0,2,🔫 Shooter|⚔️ RPG|🌍 Adventure
041584AE-C17F-4FCE-A4A7-40832B805328,25657,Q29045915,Destiny 2,"Dive into the world of Destiny 2 to explore the mysteries of the solar system and experience responsive first-person shooter combat. Unlock powerful elemental abilities and collect unique gear to customize your Guardian's look and playstyle. Enjoy Destiny 2’s cinematic story, challenging co-op missions, and a variety of PvP modes alone or with friends. Download for free today and write your legend in the stars.",Bungie,Activision,https://images.igdb.com/igdb/image/upload/t_original/co1n6x.png,https://images.igdb.com/igdb/image/upload/t_screenshot_huge/m9mdkmpv1efkc2nmxqlt.png,2017-10-24T00:00:00.000Z,2017,PS5|XONE|Stadia|Series X|PC|PS4,PC,Stadia,Abandoned,5,0,0,-1,0,5,82,0.3333333333333333,0.0,2016-09-25T17:49:12.000Z,2020-09-20T21:59:50.000Z,,,,false,12.126111111111111,34.3375,137.95055555555555,0,-1,🔫 Shooter|⚔️ RPG|🌍 Adventure
B2B7A73F-1AEC-427D-BA64-A7FED372696F,26192,Q27950674,The Last of Us Part II,"The Last of Us Part II is an action-adventure game set five years after the events of The Last of Us. The player traverses post-apocalyptic environments such as buildings and forests to advance the story. They can use firearms, improvised weapons, and stealth to defend against hostile humans and cannibalistic creatures infected by a mutated strain of the Cordyceps fungus. The game intermittently switches control between Ellie and Abby, and also briefly Joel in the opening sequence. The nimble nature of the player character introduces platforming elements, allowing the player to jump and climb to traverse environments and gain advantages during combat.",Naughty Dog,Sony Interactive Entertainment,https://images.igdb.com/igdb/image/upload/t_original/co1r0o.png,https://images.igdb.com/igdb/image/upload/t_screenshot_big/oh8a5shtmdbqx73cv765.png,2020-06-19T07:00:00.000Z,2020,PS5|PS4,PS4,,Completed,4,3,33,-1,0,10,92,2.2,0.0,2019-12-18T05:19:49.000Z,2020-10-17T02:31:55.762Z,2019-12-18T05:19:49.000Z,,,false,24.101666666666667,29.500833333333333,43.45472222222222,0,-1,🔫 Shooter|🌍 Adventure
0CD07D03-E7D5-450A-AC8C-B4DD113325AB,26602,Q119362054,Metaphor: ReFantazio,"From the creative minds of the Persona series – Metaphor: ReFantazio marks ATLUS’ first ever, full-scale fantasy RPG, brought to you by director Katsura Hashino, character designer Shigenori Soejima, and composer Shoji Meguro.

Write your destiny and rise above fear as you step into a fantasy world unlike anything you’ve seen before. Fraught with unsettling mystery, the kingdom stands on a precipice. Now, you must embark on a journey, overcoming obstacles and forging bonds with friends.",Studio Zero,Atlus,https://images.igdb.com/igdb/image/upload/t_original/co8d9t.png,https://images.igdb.com/igdb/image/upload/t_original/scmwmq.png,2024-10-11T07:00:00.000Z,2024,PC|PS5|Series X|S|PS4,PS5,,Abandoned,5,0,0,-1,0,0,92,0.43333333333333335,0.0,2024-10-28T21:45:15.945Z,2024-10-28T22:11:35.889Z,2024-10-28T21:45:14.502Z,,,false,63.53861111111111,76.5513888888889,98.36222222222223,0,2,
4F9679FC-0DAE-4DB8-8687-4CEC013887D7,26948,Q28532756,Dirt 4,"Dirt 4 is all about embracing danger. It’s about the thrill, exhilaration and adrenaline that is absolutely vital to off-road racing. It’s about loving the feeling of pushing flat out next to a sheer cliff drop, going for the gap that’s too small and seeing how much air you can get. Be Fearless.",Codemasters,Codemasters,https://images.igdb.com/igdb/image/upload/t_original/co1srr.png,https://images.igdb.com/igdb/image/upload/t_original/usijggxeal60erkz8dyc.png,2017-06-09T07:00:00.000Z,2017,PC|XONE|Mac|Linux|PS4,PC,,Abandoned,5,0,0,-1,0,0,83,0.0,0.0,,,2020-11-25T19:12:55.000Z,,,false,29.951944444444443,54.504444444444445,83.06194444444445,0,3,🏁 Racing|✈️ Simulator|⚽️ Sport
1F153313-076E-4DA3-BCB7-4CAE8BEB6DD0,27270,Q85130376,Payday 3,"Payday 3 is the much anticipated sequel to one of the most popular co-op shooters ever. Since its release, Payday-players have been reveling in the thrill of a perfectly planned and executed heist. That’s what makes Payday a high-octane, co-op FPS experience without equal. Step out of retirement back into the life of crime in the shoes of the Payday Gang, the envy of their peers and the nightmare of law-enforcement wherever they go. Several years after the crew’s reign of terror over Washington DC has ended, they assemble once again to deal with the threat that roused them out of early retirement.",Starbreeze Studios,Prime Matter,https://images.igdb.com/igdb/image/upload/t_original/co6m2i.png,https://images.igdb.com/igdb/image/upload/t_original/scked8.png,2023-09-21T07:00:00.000Z,2023,PS5|Series X|S|PC,PC,PC,Completed,4,1,4,-1,0,6,62,0.0,0.0,2023-09-27T04:55:00.000Z,2023-12-10T00:48:05.082Z,2023-09-20T15:07:37.903Z,,,false,7.187777777777778,20.259166666666665,78.83,0,2,
CFCF821B-BF02-4D82-82BF-64E07BA865D7,27316,Q54577668,A Plague Tale: Innocence,"A Plague Tale: Innocence, on PlayStation 4, Xbox One and PC, tells the grim story of two siblings fighting together for survival in the darkest hours of History. This new video game from Asobo Studio sends you on an emotional journey through 14th-century France, with gameplay combining adventure, action and stealth, supported by a compelling story. Follow the young Amicia and her little brother Hugo, who face the brutality of a ravaged world as they discover their purpose to expose a dark secret. On the run from the Inquisition's soldiers, surrounded by unstoppable swarms of rats incarnating the Black Death, Amicia and Hugo will learn to know and trust each other as they struggle for their lives against all odds.",Asobo Studio,Focus Entertainment,https://images.igdb.com/igdb/image/upload/t_original/co1lat.png,https://images.igdb.com/igdb/image/upload/t_screenshot_huge/yl6vcx14pyvwfdf3epew.png,2021-07-06T00:00:00.000Z,2021,PC|XONE|PS5|PS4|Series X|S,Series X,,Completed,4,3,100,-1,0,8,81,0.0,0.0,2021-11-01T05:00:07.385Z,2021-12-04T00:35:10.889Z,2021-11-01T05:00:07.385Z,,,false,10.920833333333333,12.598333333333333,15.949722222222222,0,2,⚔️ RPG|🌍 Adventure
00A71A2F-960A-4B29-A650-9D24CB51B63B,27421,Q28859887,Middle-earth: Shadow of War,"Go behind enemy lines to forge your army, conquer Fortresses and dominate Mordor from within. Experience how the award winning Nemesis System creates unique personal stories with every enemy and follower, and confront the full power of the Dark Lord Sauron and his Ringwraiths in this epic new story of Middle-earth.",Monolith Productions,WB Games,https://images.igdb.com/igdb/image/upload/t_original/co20pq.png,https://images.igdb.com/igdb/image/upload/t_original/qfxnxpyj7dnjfxcfbhvg.png,2017-10-10T07:00:00.000Z,2017,PC|XONE|PS4,PC,,Completed,4,1,30,-1,0,7,81,14.95,0.0,2026-06-20T00:04:35.260Z,2025-03-14T00:15:37.645Z,2026-06-20T00:04:35.260Z,,,false,21.000833333333333,36.50416666666667,56.943333333333335,0,3,
54AD1078-30BF-4FC3-A1E8-4020B7802299,27575,Q106645214,Onward,"Onward is a Mil-Sim paced tactical multiplayer shooter, being developed for virtual reality head mounted displays. Players will use coordination, communication, and marksmanship skill to complete objectives in online infantry combat.",Downpour Interactive,Downpour Interactive,https://images.igdb.com/igdb/image/upload/t_original/co2a4e.png,https://images.igdb.com/igdb/image/upload/t_original/wygxcfutqktrzy3mwla8.png,2016-08-30T10:00:00.000Z,2016,Oculus VR|Oculus Quest|Steam VR|Meta Quest 2|Oculus Rift|PC,PC,,Abandoned,5,0,0,-1,0,0,-1,0.18333333333333332,0.0,2020-10-08T18:20:32.000Z,2020-10-08T18:20:30.000Z,2020-10-08T18:20:32.000Z,,,false,3.0,0.0,0.0,0,1,🔫 Shooter|✈️ Simulator|💭 Strategy|🤔 Tactical|😎 Indie
7B928D4D-FFD5-4228-8B69-484186B9F780,27789,Q28937399,PUBG: BATTLEGROUNDS,PUBG: BATTLEGROUNDS is a battle royale shooter that pits 100 players against each other in a struggle for survival. Gather supplies and outwit your opponents to become the last person standing.,PUBG Corp,Bluehole Studio,https://images.igdb.com/igdb/image/upload/t_original/co4c1x.png,https://images.igdb.com/igdb/image/upload/t_original/jj2skjcwdnv0qavbutlh.png,2018-12-07T00:00:00.000Z,2018,PC|Stadia|XONE|PS4,PS4,,Abandoned,5,0,0,-1,0,0,75,12.716666666666667,0.0,2017-08-29T00:17:27.000Z,2018-12-07T01:17:25.000Z,,,,false,91.17027777777778,258.3161111111111,544.9975,0,-1,🔫 Shooter|😎 Indie
277FD17F-623B-4AAF-A100-F414A36A808E,27849,Q127938122,Sherlock Holmes: The Awakened - Remastered Edition,"The Sherlock Holmes series returns with this updated version of The Awakened, which brings a whole new dimension to the original title developed by Frogwares. Keeping with the traditional Point & Click gameplay style of the original adventure games, The Awakened has been totally rethought, offering players a new third-person view while keeping the original first-person view available also.",Frogwares,Focus Entertainment,https://images.igdb.com/igdb/image/upload/t_original/co3mtx.png,https://images.igdb.com/igdb/image/upload/t_original/wlfewqyudgfqqmvvmejx.png,2009-08-06T07:00:00.000Z,2009,PC|iOS,PC,,Abandoned,5,0,0,-1,0,0,0,0.0,0.0,,,,,,false,0.0,0.0,0.0,0,0,
810C0955-2F63-44A4-86E0-810BDD4F143D,27911,Q141482240,Dragon Age: Origins - Ultimate Edition,"Dragon Age: Origins - Ultimate Edition includes Dragon Age: Origins, Dragon Age: Origins - Awakening and all nine content packs.",BioWare,Electronic Arts,https://images.igdb.com/igdb/image/upload/t_original/co868g.png,https://images.igdb.com/igdb/image/upload/t_original/vf6fre6p4xrq4gs0bl6j.png,2010-10-26T07:00:00.000Z,2010,X360|PC|Mac|PS3,PC,,Abandoned,5,0,0,-1,0,0,0,0.0,0.0,,2026-08-05T20:26:12.426Z,,,,false,49.42388888888889,70.86111111111111,104.2875,0,-1,
43EBFE2F-BE97-4375-90D9-F0EE8EE95F7C,28489,Q50424297,Ready or Not,"Ready or Not is a tactical first person shooter which places you in the boots of an elite SWAT team, tasked with diffusing hostile situations in intense, claustrophobic environments. It's set in a nondescript modern America, where an income disparity between the classes have become unsustainable and the country has been plunged into havoc. Bring order to chaos with up to 8 players in cooperative play, battle enemy squads in a close player-vs-player environment, or command AI in a striking single-player mode.",Void Interactive,Void Interactive,https://images.igdb.com/igdb/image/upload/t_original/co2m9w.png,https://images.igdb.com/igdb/image/upload/t_original/rat6vz621wujeit7byrn.png,2021-12-17T08:00:00.000Z,2021,PC,PC,,Abandoned,5,0,0,-1,0,0,82,0.13333333333333333,0.0,,2023-12-07T21:39:14.771Z,,,,false,8.883333333333333,18.25,0.0,0,0,
336DFE41-39E0-4A4C-9835-26B7A588D39E,28989,,Tom Clancy's Rainbow Six 3: Gold Edition,"Raven Shield: Command an elite multinational squad of special operatives against hidden terrorist forces. In Tom Clancy's Rainbow Six 3: Raven Shield, the third installment to the wildly popular Rainbow Six series, Team Rainbow faces the hidden global forces of a new and secretive foe.

Rainbow Six 3 Gold Download Features:
- All-new eight-mission campaign in locations from Italy and Croatia to Greece.
- Five new multiplayer levels (Chemical Factory, Ferry Boat, University, Italian Alleys, and Jungle).
- Three new multiplayer game modes (Adversarial Terrorist Hunt, Adversarial Scattered Hunt, and Capture the Enemy).
- Seven additional real-world weapons (for a total of 64) with sound effects from the team that worked on the blockbuster movie The Matrix.",Red Storm Entertainment,,https://images.igdb.com/igdb/image/upload/t_original/co3aoc.png,https://images.igdb.com/igdb/image/upload/t_original/z4fqepo5qijdgndtqrln.png,2008-09-25T00:00:00.000Z,2008,PC,PC,,Abandoned,5,0,0,-1,0,0,0,0.1,0.0,2020-08-09T19:21:15.000Z,2020-08-09T19:21:13.000Z,,,,false,9.229444444444445,16.116666666666667,51.28138888888889,0,-1,🔫 Shooter|🤔 Tactical
1095BBF6-5DB9-4636-B602-1F0ED42F4F67,30208,Q104651901,Dragon Age: The Veilguard,"Select from different races and combat classes, customize your appearance, choose your character’s backstory and begin your journey as Rook, Dragon Age’s newest hero.

Select from three classes (Warrior, Mage, and Rogue), each with two distinct weapon types and unique abilities you can select between mid-combat. Experience new strategic depth as you combine fast-paced attacks, parries, and dodges with the companion ability wheel to exploit enemy weaknesses and seize victory with devastating combat combos.

The Veilguard contains several different factions, any of these could prove to be important ally during the story. Your faction choice will influence Rook's backstory, conversation options and more.",BioWare,Electronic Arts,https://images.igdb.com/igdb/image/upload/t_original/co8gj5.png,https://images.igdb.com/igdb/image/upload/t_screenshot_huge/sc8g0z.png,2024-10-31T07:00:00.000Z,2024,PC|Series X|S|PS5,PC,,Abandoned,5,0,0,-1,0,0,79,1.5166666666666666,0.0,2025-02-16T20:46:04.222Z,2025-02-21T22:59:31.103Z,2025-02-16T20:46:04.222Z,,,false,28.385555555555555,62.17777777777778,78.84333333333333,0,3,⚔️ RPG
BCE8485C-11F9-4DCB-BB10-E43CDE7D24FC,33161,Q29582645,Star Wars: Rebel Assault I + II,Take your T16 through Beggar's Canyon...Then dodge asteroids and blast TIE fighters in a deep space rumble... tackle a fleet of menacing AT-ATs on the icy tundra of Hoth...and ultimately annihilate Vader and the evil Empire with a kamikaze trench run on the infamous Death Star.,,Lucasfilm,https://images.igdb.com/igdb/image/upload/t_original/co2c0i.png,https://images.igdb.com/igdb/image/upload/t_original/wiw3jhsitc9vsoai4pl7.png,2016-03-29T07:00:00.000Z,2016,Mac|PC,PC,,Abandoned,5,0,0,-1,0,0,0,0.0,0.0,,,2021-05-02T17:36:59.000Z,,,false,0.0,0.0,0.0,0,1,🔫 Shooter|✈️ Simulator|🕹 Arcade
4AC557BC-84E9-41DE-9FDA-B8EC7FDC861D,34293,Q115562285,BioShock Remastered,"BioShock Remastered was released as a part of BioShock: The Collection and also available separately for PC. The remastered version has achievements, full controller support, high resolution textures, models and interface, and 4K resolution support.",2K Australia,2K Games,https://images.igdb.com/igdb/image/upload/t_cover_big/co1qq8.png,https://images.igdb.com/igdb/image/upload/t_screenshot_huge/o6u0eng2qsww2dt3oiou.png,2016-09-15T10:00:00.000Z,2016,PC|Mac|Switch|XONE|PS4,PC,,Completed,4,3,50,-1,0,6,-1,5.716666666666667,0.0,2020-10-07T06:50:01.000Z,2022-02-07T21:33:30.890Z,2020-10-07T06:50:01.000Z,,,false,12.0,15.5,22.0,0,2,🔫 Shooter|⚔️ RPG|🌍 Adventure
04D7B36B-9B7D-44ED-93D6-B723740561DF,34951,Q61517648,Dead Island: Definitive Edition,"Welcome to the zombie apocalypse experience of a lifetime – and now more beautiful than ever. Caught in the midst of an epic zombie outbreak on the tropical island of Banoi, your only thought is: Survive!",Techland,Deep Silver,https://images.igdb.com/igdb/image/upload/t_original/co1x4d.png,https://images.igdb.com/igdb/image/upload/t_original/stl1nmuckcibpwt6ereo.png,2016-05-31T07:00:00.000Z,2016,Linux|PC|PS4|XONE,PC,,Abandoned,5,0,0,-1,0,0,0,0.0,0.0,,,,,,false,15.717222222222222,24.441111111111113,51.856944444444444,0,2,
A6D49470-E896-4617-A041-B9489BAB97F5,35968,Q29646926,Star Wars: TIE Fighter - Special Edition,"The Imperial Navy is called upon to eradicate the last of the rebellion and restore law and order. As an Imperial navy starfighter pilot, you will safeguard imperiled lives thoughout the galaxy. Join the Emperor's cause in eliminating the Rebel uprising as the Empire strikes back!",,Lucasfilm,https://images.igdb.com/igdb/image/upload/t_original/co2ac6.png,https://images.igdb.com/igdb/image/upload/t_original/edap1tyouwu2yp5l8aom.png,2014-10-28T07:00:00.000Z,2014,PC,PC,,Abandoned,5,0,0,-1,0,0,0,0.0,0.0,,,2021-05-02T17:59:11.000Z,,,false,30.025,59.79888888888889,59.974444444444444,0,0,🔫 Shooter|✈️ Simulator
A37F0728-452A-41B0-9D91-8A6ACE9776A7,36240,Q19636615,Icewind Dale: Enhanced Edition,"Originally released in 2000, Icewind Dale is a Dungeons & Dragons game set in Wizards of The Coast's legendary Forgotten Realms. This Enhanced Edition allows players to experience the epic adventure on PC, Mac, Linux, iPad, iPhone, and Android tablets and phones, and includes a host of new features: 
 
• Swords and Sorcery: Discover dozens of new spells and items, including new magic armor and weapons. 
• Blackguards and Wizard Slayers: Select from over 30 new kits and classes to create the perfect adventuring party. 
• Bring A Friend: Join your fellow adventurers in cooperative, cross-platform multiplayer games. 
• See The Unseen: Explore quest content cut from the original game, now finished and restored. 
• More to Experience: Icewind Dale: Enhanced Edition includes both the Heart of Winter and Trials of the Luremaster expansion packs.",Overhaul Games,Beamdog,https://images.igdb.com/igdb/image/upload/t_original/co1t8i.png,https://images.igdb.com/igdb/image/upload/t_original/do7r5nffq1vead8c0ab3.png,2014-10-30T07:00:00.000Z,2014,Android|PC|Switch|Linux|XONE|PS4|Mac,PC,,Abandoned,5,0,0,-1,0,0,70,0.0,0.0,,,,,,false,30.70638888888889,40.90472222222222,59.73888888888889,0,3,
53491CA0-A618-4E47-89E6-5831FFC0888B,36872,Q30339213,Forza Motorsport 7,"Forza Motorsport 7 immerses players in the exhilarating thrill of competitive racing. From mastering the new motorsport-inspired campaign to collecting a wide range of cars to experiencing the excitement of driving at the limit, this is Forza reimagined.",Turn 10 Studios,Microsoft Studios,https://images.igdb.com/igdb/image/upload/t_original/co24hd.png,https://images.igdb.com/igdb/image/upload/t_original/n7pnupiqcpep3toxen3r.png,2017-10-03T00:00:00.000Z,2017,XONE|PC,PC,,Abandoned,5,0,7,-1,0,0,86,0.0,0.0,2017-10-02T15:37:26.000Z,2017-10-02T15:17:38.000Z,,,,false,28.873055555555556,74.78416666666666,166.11694444444444,0,-1,🏁 Racing|✈️ Simulator
1EE8D3CB-D00D-472E-A3D7-2C3E6AB85104,36897,Q30229306,A Way Out,"From the creators of Brothers: A Tale of Two Sons comes A Way Out, an exclusively co-op adventure where you play the role of one of two prisoners making their daring escape from prison. What begins as a thrilling breakout quickly turns into an unpredictable, emotional adventure unlike anything seen or played before. A Way Out is an experience that must be played with two players. Each player controls one of the main characters, Leo and Vincent, in a reluctant alliance to break out of prison and gain their freedom.",Hazelight Studios,Electronic Arts,https://images.igdb.com/igdb/image/upload/t_original/co1vca.png,https://images.igdb.com/igdb/image/upload/t_screenshot_huge/whgl6wi39lv8u5w89o63.png,2018-03-23T00:00:00.000Z,2018,PS4|XONE|PC,XONE,,Completed,4,3,10,-1,0,7,79,0.0,0.0,2021-02-04T01:44:15.706Z,2021-02-07T04:46:35.581Z,2021-02-04T01:44:15.706Z,,,false,6.0311111111111115,6.645277777777777,7.322222222222222,0,2,🌍 Adventure
3A63C699-CDDD-4C76-9A79-A6CE702BBE77,36926,Q30252256,Monster Hunter: World,"Welcome to a new world! Take on the role of a hunter and slay ferocious monsters in a living, breathing ecosystem where you can use the landscape and its diverse inhabitants to get the upper hand. Hunt alone or in co-op with up to three other players, and use materials collected from fallen foes to craft new gear and take on even bigger, badder beasts!",Capcom,Capcom,https://images.igdb.com/igdb/image/upload/t_original/co1rst.png,https://images.igdb.com/igdb/image/upload/t_original/c9rskkieuhapebstfxys.png,2018-08-09T10:00:00.000Z,2018,PS4|PC|XONE,PC,,Abandoned,5,0,0,-1,0,0,89,0.0,0.0,2020-12-22T19:54:48.000Z,2020-12-22T19:54:45.000Z,2020-12-22T19:54:48.000Z,,,false,47.55555555555556,110.03,404.77916666666664,0,2,⚔️ RPG|🌍 Adventure
FE3A5028-4B7C-412E-9C3A-1C8D1C08BBD2,37001,Q30325568,Ori and the Will of the Wisps,"The little spirit Ori is no stranger to peril, but when a fateful flight puts the owlet Ku in harm’s way, it will take more than bravery to bring a family back together, heal a broken land, and discover Ori’s true destiny. From the creators of the acclaimed action-platformer Ori and the Blind Forest comes the highly anticipated sequel. Embark on an all-new adventure in a vast world filled with new friends and foes that come to life in stunning, hand-painted artwork. Set to a fully orchestrated original score, Ori and the Will of the Wisps continues the Moon Studios tradition of tightly crafted platforming action and deeply emotional storytelling.",Moon Studios,Xbox Game Studios,https://images.igdb.com/igdb/image/upload/t_original/co2e1l.png,https://images.igdb.com/igdb/image/upload/t_screenshot_huge/sc8fwl.png,2020-11-10T10:00:00.000Z,2020,Switch|Series X|S|XONE|PC,Series X,PC,Completed,4,3,29,-1,0,8,90,0.0,0.0,2021-01-31T07:24:03.157Z,2021-03-11T19:54:03.754Z,2021-01-31T07:24:03.157Z,,,false,11.97888888888889,15.622222222222222,18.28472222222222,1,2,🎮 Platformer|🌍 Adventure
959268D1-2891-4E72-882A-8FC559C5750D,37059,Q37673361,Age of Empires: Definitive Edition,"Age of Empires, the pivotal RTS that launched a 20-year legacy returns in definitive form for Windows 10 PCs. Bringing together all of the officially released content with modernized gameplay, all-new visuals and a host of other new features, Age of Empires: Definitive Edition is the complete RTS package. Engage in over 40 hours of updated campaign content with new narration and pacing, jump online in up to 8-player battles with new competitive features and modes, experience 4K HD visuals with overhauled animations, get creative with the scenario builder and share your creations with easy mod support. There’s never been a better time to jump in to Age of Empires. Welcome back to history.",Forgotten Empires LLC,Microsoft Studios,https://images.igdb.com/igdb/image/upload/t_original/co1rdy.png,https://images.igdb.com/igdb/image/upload/t_original/pkabxbpedeyxx4qpmduz.png,2018-02-20T00:00:00.000Z,2018,PC,PC,,Abandoned,5,0,0,-1,0,0,70,0.0,0.0,2020-08-13T18:50:22.000Z,2020-08-13T18:50:20.000Z,,,,false,31.59027777777778,51.39611111111111,65.12666666666667,0,-1,⏳ RTS|✈️ Simulator|💭 Strategy|🌍 Adventure
BBD82F11-3EB2-41E3-BDBF-2AB9113D2FA0,37092,Q30612014,Hidden Agenda,"Hidden Agenda is an action-adventure game played from a third-person perspective.

The player takes control of homicide detective Becky Marnie and district attorney Felicity Graves, both of whom are involved in the case of a serial killer known as The Trapper. The game features quick time events that determine the outcome of the story, including a character's death or survival.

With the PlayLink feature, others may join the game to vote for a specific decision to be made, using their Android or iOS smartphones. One player will at some point receive a secret objective, or Hidden Agenda, which is intended to create conflict between the players as they try to prevent it from happening",Supermassive Games,Sony Interactive Entertainment,https://images.igdb.com/igdb/image/upload/t_original/co280a.png,https://images.igdb.com/igdb/image/upload/t_original/nj6dxbxmlzaivhsyqvra.png,2017-10-24T00:00:00.000Z,2017,PS4,PS4,,Completed,4,3,95,-1,0,6,66,1.8166666666666667,0.0,2022-12-12T02:27:00.000Z,2022-12-18T20:36:12.682Z,,,,false,2.1127777777777776,4.674166666666666,11.936666666666667,0,-1,
39C3F466-AB13-4AE2-B172-E1BFFC433895,37094,Q47474153,Shadow of the Colossus,"Tales speak of an ancient land where creatures the size of mountains, roam the majestic landscape. Bound to the land, these creatures hold a key to a mystical power of revival - a power you must obtain to waken a loved one.

Shadow of the Colossus is a majestic journey through ancient lands to seek out and destroy gigantic mythical beasts. With your trusty horse at your side, explore the spacious lands and unearth each Colossi. Armed with your wits, a sword and a bow, use cunning and strategy to topple each behemoth.

A remake of the critically-claimed game of the same title. Also from the minds that brought you The Last Guardian & ICO",Bluepoint Games,Sony Interactive Entertainment,https://images.igdb.com/igdb/image/upload/t_original/co272w.png,https://images.igdb.com/igdb/image/upload/t_original/iwqviaxaicyhc2elvpla.png,2018-02-06T10:00:00.000Z,2018,PS4,PS4,,Completed,4,3,100,-1,0,5,91,6.3,0.0,2018-02-06T01:59:41.000Z,2022-12-15T22:14:34.326Z,2018-02-06T01:59:41.000Z,,,false,7.105833333333333,9.325277777777778,25.837222222222223,0,-1,🎮 Platformer|🧩 Puzzle|🌍 Adventure
E4F3AFFC-44CB-42CF-AEAB-FCF9FB859EC5,37777,Q50562677,Shadow of the Tomb Raider,"Experience Lara Croft's defining moment.

As Lara Croft races to save the world from a Maya apocalypse, she must become the Tomb Raider she is destined to be.

Become the Tomb Raider",Eidos Montréal,Square Enix,https://images.igdb.com/igdb/image/upload/t_original/co1vcn.png,https://images.igdb.com/igdb/image/upload/t_screenshot_huge/ulni2tys2xuxx7hjzxsn.png,2018-09-14T00:00:00.000Z,2018,PC|XONE|Stadia|PS4|Series X|Mac|Linux,PC,PS4|Stadia|XONE,Completed,4,3,70,-1,0,7,80,9.1,0.0,2020-09-17T05:25:00.000Z,2021-08-07T00:52:52.285Z,,,,false,13.293611111111112,29.006666666666668,42.9675,0,-1,🔫 Shooter|🌍 Adventure
712FE264-4825-4287-9309-BBC49CF0DF69,40477,Q48078440,Slay the Spire,"We fused card games and roguelikes together to make the best single player deckbuilder we could. Craft a unique deck, encounter bizarre creatures, discover relics of immense power, and Slay the Spire!",Mega Crit Games,Humble Games,https://images.igdb.com/igdb/image/upload/t_original/co1iyf.png,https://images.igdb.com/igdb/image/upload/t_original/sxcn4siijskumtcdr44e.png,2019-01-23T08:00:00.000Z,2019,PS4|Switch|Mac|PC|XONE|Linux|iOS|Android,PC,,Abandoned,5,0,0,-1,0,0,89,0.0,0.0,,2026-03-11T02:26:19.885Z,,,,false,12.136944444444444,47.452222222222225,186.3838888888889,0,-1,
15FD970B-166C-4895-8E9B-34D7A86A29C8,45178,,Metal Gear Solid: Peace Walker - HD Edition,"Stories tell of a legendary soldier who, with Metal Gear in his command, had once waged war against the world. His name was Naked Snake, a.k.a. Big Boss. Now, in response to a world hungry for answers, the truth behind this legend will finally be told.
Developed by legendary Hideo Kojima -- the mastermind behind the most successful video game tactical-espionage series of all time -- this game lets players take control of the famed Naked Snake at a critical junction in modern history. Advanced co-operative techniques allows multiple players to sneak into the fray and accomplish the mission together.",Kojima Productions,Konami,https://images.igdb.com/igdb/image/upload/t_original/co983b.png,https://images.igdb.com/igdb/image/upload/t_original/vofbdpjg0kjbmohwujyw.png,2011-11-08T08:00:00.000Z,2011,X360|PS3,X360,,Completed,4,1,0,-1,0,0,0,0.0,0.0,,2011-01-15T15:49:00.000Z,2023-07-02T23:53:19.418Z,,,false,0.0,0.0,0.0,0,-1,
94F8C3F0-7C42-45E2-84E4-8A403911647B,50531,Q119846458,BattleBit Remastered,"BattleBit Remastered is a low-poly, massive multiplayer FPS, supporting 254 players per server. Battle on a near-fully destructible map with various vehicles!",OkiGames,OkiGames,https://images.igdb.com/igdb/image/upload/t_original/co6m2s.png,https://images.igdb.com/igdb/image/upload/t_original/scmwyt.png,2023-06-15T07:00:00.000Z,2023,PC,PC,,Abandoned,5,0,0,-1,0,0,-1,0.45,0.0,2023-07-02T21:57:44.846Z,2023-07-02T21:57:48.543Z,2023-06-29T15:33:15.858Z,,,false,21.0,84.66666666666667,0.0,0,2,
F612A4A5-3B50-4C13-9051-F6B2395C92BC,51528,Q62529754,Telling Lies,Four private lives. One big lie. Search through secretly recorded video conversations to discover the truth. The successor to the acclaimed Her Story.,Furious Bee Limited,Annapurna Interactive,https://images.igdb.com/igdb/image/upload/t_original/co1m4z.png,https://images.igdb.com/igdb/image/upload/t_screenshot_huge/sc6cqd.png,2019-08-23T00:00:00.000Z,2019,Mac|PC|XONE|Switch|PS4,PC,,Completed,4,3,0,-1,0,4,85,0.0,0.0,2021-08-04T04:35:45.752Z,2021-08-04T05:51:55.005Z,,,,false,4.215833333333333,7.076944444444444,10.005,0,-1,🧩 Puzzle|✈️ Simulator|🌍 Adventure|😎 Indie
B79A0175-C3DF-4F6F-B7E5-F712991E98A1,52189,Q23648408,Grand Theft Auto VI,"Grand Theft Auto VI heads to the state of Leonida, home to the neon-soaked streets of Vice City and beyond in the biggest, most immersive evolution of the Grand Theft Auto series yet.",Rockstar Games,Rockstar Games,https://images.igdb.com/igdb/image/upload/t_original/co9rwo.png,https://images.igdb.com/igdb/image/upload/t_original/scpsp6.png,2026-11-19T08:00:00.000Z,2026,Series X|S|PS5,PS5,,Queued,2,0,0,-1,0,0,-1,0.0,0.0,,,2026-06-27T00:37:14.246Z,,,false,0.0,0.0,0.0,0,-1,
B4C800B8-0302-4AE7-9759-51B351DDC0C3,52638,,Battlefield Hardline: Ultimate Edition,"Battlefield Hardline - Ultimate Edition includes:

The Deluxe Edition of Battlefield Hardline with 3 specialized and 10 gold battlepacks.

BattlefieldHardline Premium to extend your Battlefield experience and unlock early access to themed digital expansion packs, Exclusive items and more at a great value.",,,https://images.igdb.com/igdb/image/upload/t_original/co3m01.png,https://images.igdb.com/igdb/image/upload/t_original/sc9wux.png,2015-03-17T10:00:00.000Z,2015,PC|XONE,PC,,Abandoned,5,0,0,-1,0,0,0,0.0,0.0,2020-08-13T18:17:26.000Z,2020-08-13T18:17:25.000Z,2020-08-13T18:17:26.000Z,,,false,0.0,0.0,0.0,0,1,
9E3E2D80-7304-460F-A5CF-8E49593B5AB3,52642,Q92203579,Battlefield 4: Premium Edition,"Embrace unrivaled destruction in Battlefield 4. Revel in the glorious chaos of all-out war packed with rewarding, tactical challenges in an interactive environment.",,,https://images.igdb.com/igdb/image/upload/t_original/co3aan.png,https://images.igdb.com/igdb/image/upload/t_original/sc9wus.png,2014-10-21T00:00:00.000Z,2014,PS4|XONE|PC,PC,,Completed,4,1,0,-1,0,7,0,0.2833333333333333,0.0,2020-07-29T19:26:26.000Z,2020-07-29T19:26:23.000Z,,,,false,0.0,0.0,0.0,0,-1,
29E64C77-E35A-411A-AEA8-6872F6B106FD,55029,Q134967367,Age of Empires IV,"One of the most beloved real-time strategy games returns to glory with Age of Empires IV, putting you at the center of epic historical battles that shaped the world. Featuring both familiar and innovative new ways to expand your empire in vast landscapes with stunning 4K visual fidelity, Age of Empires IV brings an evolved real-time strategy game to a new generation.",Relic Entertainment,Xbox Game Studios,https://images.igdb.com/igdb/image/upload/t_original/co39tg.png,https://images.igdb.com/igdb/image/upload/t_screenshot_huge/hge2lickdajypgqz6j73.png,2021-10-28T10:00:00.000Z,2021,PC,PC,,Abandoned,5,0,4,-1,0,6,83,0.0,0.0,2021-10-28T20:58:07.365Z,2021-12-15T21:37:10.000Z,2021-10-28T20:58:07.365Z,,,false,27.656666666666666,34.79083333333333,107.83583333333333,0,2,🤔 RTS|🤔 Strategy
9847ADAF-829F-4A43-9463-F92E3C61FBC4,55041,Q135014173,Metal Gear Solid 2: Sons of Liberty - HD Edition,"Metal Gear Solid 2: Sons of Liberty - HD Edition feature an increased 720p resolution and a 16:9 aspect ratio, providing a clearer and wider view of the player's surroundings compared to the original 480p resolution and 4:3 ratio of the PlayStation 2 version. Cutscenes can now be viewed in full-screen or letterboxed format, while online achievements/trophies have been added as well. Most of the additional content from Metal Gear Solid 2: Substance has also been ported in this version, such as the Missions and Snake Tales modes, although the Skateboarding mini-game that was present in the PlayStation 2 version of Substance is absent.",Konami Computer Entertainment Japan,Konami,https://images.igdb.com/igdb/image/upload/t_original/co2gkh.png,https://images.igdb.com/igdb/image/upload/t_original/ib2r1juykydjy4oo1ziw.png,2011-11-08T08:00:00.000Z,2011,Android|Vita|PC|Switch|X360|Series X|PS3|PS5,X360,,Completed,4,3,0,-1,0,10,0,0.8833333333333333,0.0,,2023-11-12T22:02:07.327Z,,,,false,0.0,0.0,0.0,0,0,
8AD846B9-DECE-4841-9B91-BDFF24475EA2,55056,Q63463133,Age of Empires II: Definitive Edition,"Age of Empires II: Definitive Edition celebrates the 20th anniversary of one of the most popular strategy games ever with stunning 4K Ultra HD graphics, a new and fully remastered soundtrack, and brand-new content, “The Last Khans” with 3 new campaigns and 4 new civilizations.",Forgotten Empires LLC,Xbox Game Studios,https://images.igdb.com/igdb/image/upload/t_original/co1n24.png,https://images.igdb.com/igdb/image/upload/t_original/sc6ro4.png,2019-11-14T00:00:00.000Z,2019,PC|Series X,PC,,Completed,4,1,0,-1,0,9,77,0.8833333333333333,0.0,2019-11-14T00:00:00.000Z,2019-11-14T00:00:00.000Z,,,,false,35.556111111111115,113.1875,185.77777777777777,0,-1,⏳ RTS|💭 Strategy
9D237257-D56E-4819-B04F-D4475EF3E603,55198,,Kentucky Route Zero: TV Edition,"Kentucky Route Zero is a magical realist adventure game about a secret highway in the caves beneath Kentucky, and the mysterious folks who travel it. Gameplay is inspired by point-and-click adventure games (like the classic Monkey Island or King's Quest series, or more recently Telltale's Walking Dead series), but focused on characterization, atmosphere and storytelling rather than clever puzzles or challenges of skill.

The game is developed by Cardboard Computer (Jake Elliott, Tamas Kemenczy, and Ben Babbitt), and features an original electronic score by Ben Babbitt along with a suite of old hymns & bluegrass standards recorded by The Bedquilt Ramblers.",Cardboard Computer,Annapurna Interactive,https://images.igdb.com/igdb/image/upload/t_original/co1xix.png,https://images.igdb.com/igdb/image/upload/t_original/illg1jieyhc6ysqcqhr8.png,2020-01-28T00:00:00.000Z,2020,PS4|XONE|Switch,XONE,,Completed,4,3,0,-1,0,3,77,0.0,0.0,2022-12-26T05:20:05.892Z,2022-12-31T20:28:22.977Z,,,,false,8.743611111111111,11.351666666666667,13.62,0,-1,
C7E957AF-EEBF-4C9F-B77C-2E793DD64790,59587,Q113336217,L.A. Noire: The VR Case Files,"L.A. Noire: The VR Case Files for HTC Vive delivers seven of the original engrossing, self-contained cases from L.A. Noire rebuilt specifically for virtual reality, blending breathtaking action with true detective work to deliver an unprecedented interactive experience.",Rockstar Games,,https://images.igdb.com/igdb/image/upload/t_original/co252t.png,https://images.igdb.com/igdb/image/upload/t_original/byyeqwqijiczqq3acabb.png,2017-12-15T00:00:00.000Z,2017,PC|PlayStation VR,PC,,Completed,4,3,10,-1,0,6,83,0.0,0.0,2020-09-16T18:07:24.000Z,2020-09-16T18:07:22.000Z,,,,false,6.0,9.025,32.0,0,-1,🧩 Puzzle|🌍 Adventure
896BB82E-F46D-4527-B2F7-5AAA32CF77FB,68461,,Nioh: Complete Edition,"Steel your mind and ready your blade for an intense action RPG experience set in bloody Sengoku era Japan. Combining real life historical events with dark fantasy and folklore, face off against bloodthirsty warlords and otherworldly demons – using an arsenal of weaponry, magic, and ninjutsu to defy death.

In this edition of Nioh, discover William’s complete journey along the path of the samurai with three huge add-ons, including:
- Dragon of the North
- Defiant Honor
- Bloodshed’s End

Equip yourself for the adventure with five powerful Nioh weapons, the Nioh Armor set, and three all-new pieces of headgear; the Visitor’s Dragon Kabuto, the Good Fox Kabuto and the Lucky Tanuki Kabuto. Additionally, enjoy wearing the Dharmachakra Kabuto as a Steam exclusive bonus.",Team NINJA,Koei Tecmo Games,https://images.igdb.com/igdb/image/upload/t_original/co21e6.png,https://images.igdb.com/igdb/image/upload/t_original/rwelahmqug9v6rjioq2g.png,2017-11-07T08:00:00.000Z,2017,PC|PS4,PC,,Abandoned,5,0,0,-1,0,0,83,0.0,0.0,2022-11-23T01:53:52.000Z,2022-11-23T01:54:01.000Z,2022-11-23T01:53:52.000Z,,,false,43.47527777777778,74.4125,143.91333333333333,0,2,
26D6C445-CF8E-4232-BF15-7CF11D7A2D5A,72813,Q59618073,Untitled Goose Game,"It's a lovely morning in the village and you are a horrible goose.

Untitled Goose Game is a slapstick-stealth-sandbox, where you are a goose let loose on an unsuspecting village. Make your way around town, from peoples' back gardens to the high street shops to the village green, setting up pranks, stealing hats, honking a lot, and generally ruining everyone’s day.",House House,Panic,https://images.igdb.com/igdb/image/upload/t_original/co1vqc.png,https://images.igdb.com/igdb/image/upload/t_screenshot_huge/onko9hruvdv63darqinn.png,2019-09-20T00:00:00.000Z,2019,PC|PS4|XONE|Mac|Switch,Switch,Switch|PC,Completed,4,3,8,-1,0,7,82,0.0,0.0,2020-09-25T00:31:41.000Z,2019-12-21T07:30:28.000Z,,,,false,3.012777777777778,4.046666666666667,5.880277777777778,0,-1,🧩 Puzzle|✈️ Simulator|🌍 Adventure|😎 Indie
EEB6A419-EB82-4497-8796-E9773D712C53,74701,Q55449345,Star Wars Jedi: Fallen Order,"Star Wars Jedi: Fallen Order is a narratively driven, single-player game puts you in the role of a Jedi Padawan who narrowly escaped the purge of Order 66 following the events of Episode III: Revenge of the Sith. On a quest to rebuild the Jedi Order, you must pick up the pieces of your shattered past to complete your training, develop new powerful Force abilities and master the art of the iconic lightsaber - all while staying one step ahead of the Empire and its deadly Inquisitors.",Respawn Entertainment,Electronic Arts,https://images.igdb.com/igdb/image/upload/t_original/co1rbi.png,https://images.igdb.com/igdb/image/upload/t_screenshot_huge/sc6e0v.png,2019-11-15T08:00:00.000Z,2019,Stadia|Series X|S|XONE|PS4|PS5|PC,XONE,PC||PS4,Completed,4,3,90,-1,0,9,82,0.65,0.0,2019-12-16T03:48:45.000Z,2021-06-25T22:01:09.600Z,,,,false,17.258333333333333,22.245555555555555,31.81138888888889,0,2,🌍 Adventure
7C0B3E73-E3D6-413C-A64D-04DDD7ED498E,76253,Q55076932,Devil May Cry 5,"Devil May Cry 5 is a brand-new entry in the legendary over-the-top action series Devil May Cry. The game features three playable characters, each with a radically different stylish combat play style as they take on the city overrun with demons. Developed with Capcom’s in-house proprietary RE engine, the series continues to achieve new heights in fidelity with graphics that utilize photorealistic character designs and stunning lighting and environmental effects.",Capcom Development Division 1,Capcom,https://images.igdb.com/igdb/image/upload/t_original/co1rb4.png,https://images.igdb.com/igdb/image/upload/t_original/x8zdwtbu8jscpfwilutp.png,2019-03-08T08:00:00.000Z,2019,PS4|PC|XONE,PC,PC,Abandoned,5,0,0,-1,0,0,88,0.2833333333333333,0.0,2024-04-07T23:10:26.494Z,2024-04-07T23:21:38.565Z,,,,false,11.140833333333333,16.77166666666667,71.49527777777777,0,3,
86CEED1B-B10F-4386-A534-635F771176C8,76747,Q60850588,Atomic Heart,"Atomic Heart is an adventure first-person shooter, events of which unfolds in an alternate universe during the high noon of the Soviet Union. The principal character of the game is a special agent P-3, who after an unsuccessful landing on enterprise ""3826"" is trying to figure out what went wrong.",Mundfish,Focus Entertainment,https://images.igdb.com/igdb/image/upload/t_original/co5qdi.png,https://images.igdb.com/igdb/image/upload/t_original/iwerdkfk7ghxkq2xwt66.png,2023-02-21T08:00:00.000Z,2023,PC|PS5|Series X|XONE|PS4,Series X,,Completed,4,3,90,-1,0,7,73,0.11666666666666667,0.0,2023-02-21T20:47:04.048Z,2023-03-06T21:31:57.683Z,2023-02-21T00:38:26.405Z,,,false,16.15222222222222,24.8025,34.80361111111111,0,3,
C21735F3-7799-4780-8DDA-24710C2F4020,78511,Q107611729,Forza Motorsport,"Out-build the competition in the new career. Race your friends in adjudicated multiplayer events. Compete in over 500 cars on world-famous tracks with cutting-edge AI, advanced physics, tire and fuel strategy, and driver and safety ratings.",Turn 10 Studios,Xbox Game Studios,https://images.igdb.com/igdb/image/upload/t_original/co6lzd.png,https://images.igdb.com/igdb/image/upload/t_original/sc8gr5.png,2023-10-10T06:00:00.000Z,2023,PC|Series X,Series X,,Abandoned,5,0,0,-1,0,0,83,0.0,0.0,2023-10-10T23:23:00.000Z,2023-10-10T23:24:00.000Z,2023-10-04T17:16:12.656Z,,,false,32.35027777777778,51.3925,87.46333333333334,0,1,🏁 Racing|✈️ Simulator
05FB013C-55BA-47E9-83AE-437557A9BAB7,81249,Q54933101,The Elder Scrolls VI,The long awaited next installment in the Elder Scrolls franchise.,Bethesda Game Studios,Bethesda Softworks,https://images.igdb.com/igdb/image/upload/t_original/co1ycv.png,https://images.igdb.com/igdb/image/upload/t_screenshot_huge/mqigp2o68gdskjmarrog.png,4001-01-01T00:00:00.000Z,3000,Series X|PC,PC,PC,Wanted,6,0,0,-1,0,0,0,0.0,0.0,,,,,,false,0.0,0.0,0.0,0,-1,⚔️ RPG|🌍 Adventure
A8E66BBE-C4D2-4353-AF80-339ED7B48BBD,90099,Q50376754,Tom Clancy's The Division 2,"The Division 2 is an action-shooter RPG set in an open-world. Play in co-op and PvP modes that offer more variety in missions and challenges, new progression systems with unique twists and surprises, and fresh gaming innovations to engage players for years to come.",Massive Entertainment,Ubisoft Entertainment,https://images.igdb.com/igdb/image/upload/t_original/co1xrm.png,https://images.igdb.com/igdb/image/upload/t_screenshot_huge/pibpdtallkxr1lacqvlu.png,2019-03-15T07:00:00.000Z,2019,XONE|PS4|Stadia|PC,PC,Stadia,Completed,4,1,60,-1,0,7,83,0.0,0.0,2020-12-20T03:19:50.154Z,2021-05-01T18:15:13.000Z,2020-12-20T03:19:50.154Z,,,false,25.989444444444445,48.249722222222225,97.66472222222222,1,2,🔫 Shooter|⚔️ RPG
41557096-48CD-4E04-82F3-F9EAB8216D43,90558,Q62049495,Satisfactory,"Satisfactory is an FPS open-world factory building sim. You play as an engineer on an alien planet tasked to complete ‘Project Assembly’ - a massive machine for a mysterious purpose. Conquer nature, build multi-story factories, and automate to satisfaction!",Coffee Stain Studios,Coffee Stain Studios,https://images.igdb.com/igdb/image/upload/t_original/co1i2d.png,https://images.igdb.com/igdb/image/upload/t_original/npweeoo70ddlquksyt4o.png,2019-03-19T00:00:00.000Z,2019,PC,PC,,Abandoned,5,0,0,-1,0,0,91,1.9333333333333333,0.0,2020-12-22T19:00:31.000Z,2020-12-22T19:00:28.000Z,,,,false,90.08555555555556,131.8225,210.4411111111111,0,-1,✈️ Simulator|💭 Strategy|🌍 Adventure|😎 Indie
E37DE28A-5369-4D7C-AEF5-673EECA28EDD,96437,Q55286432,Starfield,"In this next generation role-playing game set amongst the stars, create any character you want and explore with unparalleled freedom as you embark on an epic journey to answer humanity’s greatest mystery.",Bethesda Game Studios,Bethesda Softworks,https://images.igdb.com/igdb/image/upload/t_original/co39vv.png,https://images.igdb.com/igdb/image/upload/t_screenshot_huge/ygiajg3ypevvmhoo0cea.png,2023-09-06T07:00:00.000Z,2023,PS5|Series X|S|PC,PC,PC|Series X,Completed,4,3,45,-1,0,9,85,63.0,0.0,2023-09-02T22:14:27.822Z,2023-12-09T23:17:10.630Z,2023-09-01T00:00:00.000Z,,,false,23.816388888888888,74.66305555555556,148.1775,2,1,⚔️ RPG|🌍 Adventure
C94A3129-7E10-4799-8025-9A47D4A8C49B,99821,,Metal Gear Solid 3: Snake Eater - HD Edition,"A remastered version of Metal Gear Solid 3: Snake Eater, featuring updated controls and graphical improvements.",Konami Digital Entertainment,Konami Digital Entertainment,https://images.igdb.com/igdb/image/upload/t_original/co2gki.png,https://images.igdb.com/igdb/image/upload/t_original/sc79cx.png,2023-10-24T07:00:00.000Z,2023,PS5|X360|Switch|PS3|PS4|Android|Vita|PC|Series X|S,PC,,Completed,4,3,100,-1,0,8,0,9.116666666666667,0.0,2024-01-13T22:06:18.089Z,2024-01-14T07:16:55.783Z,2023-07-02T23:53:07.801Z,,,false,15.811111111111112,19.473055555555554,25.09722222222222,0,3,
865BE556-4417-4ADF-B049-5CE54CF43BC6,101006,Q18345763,Gran Turismo 7,"Gran Turismo 7 brings together the very best features of the Real Driving Simulator. Whether you’re a competitive or casual racer, collector, tuner, livery designer or photographer – find your line with a staggering collection of game modes including fan-favorites like GT Campaign, Arcade and Driving School. With the reintroduction of the legendary GT Simulation Mode, buy, tune, race and sell your way through a rewarding solo campaign as you unlock new cars and challenges. And if you love going head-to-head with others, hone your skills and compete in the GT Sport Mode.",Polyphony Digital,Sony Interactive Entertainment,https://images.igdb.com/igdb/image/upload/t_original/co2g84.png,https://images.igdb.com/igdb/image/upload/t_original/sc8bjb.png,2022-03-04T00:00:00.000Z,2022,PS5|PS4,PS5,,Abandoned,5,0,5,-1,0,0,86,0.5333333333333333,0.0,2022-03-04T00:54:45.000Z,2022-03-23T23:54:43.000Z,,,,false,24.586944444444445,34.40138888888889,120.48166666666667,0,-1,🏁 Racing|✈️ Simulator|⚽️ Sport
40F87018-CABD-4488-A7F6-692BB52FEF86,102058,Q86252643,Outriders,"Outriders is a 1-3 player co-op RPG shooter set in an original, dark and desperate sci-fi universe. As mankind bleeds out in the trenches of Enoch, you’ll create your own Outrider and embark on a journey across the hostile planet. With rich storytelling spanning a diverse world, you’ll leave behind the slums and shanty towns of the First City and traverse forests, mountains and desert in the pursuit of a mysterious signal. Combining intense gunplay with violent powers and an arsenal of increasingly twisted weaponry and gear-sets, Outriders offers countless hours of gameplay.",People Can Fly,Square Enix,https://images.igdb.com/igdb/image/upload/t_original/co2e4r.png,https://images.igdb.com/igdb/image/upload/t_screenshot_huge/sc8g13.png,2021-04-01T00:00:00.000Z,2021,PC|Series X|XONE|Stadia|PS4|PS5,Series X,,Abandoned,5,0,2,-1,0,0,77,0.0,0.0,2021-04-08T03:14:26.331Z,2021-04-27T00:51:55.727Z,,,,false,15.5825,35.855555555555554,61.2875,0,-1,🔫 Shooter|⚔️ RPG|🌍 Adventure
D040F8BF-14D4-4647-AC7D-833886B595D0,102584,Q55004330,Dying Light 2: Stay Human,"The last great human settlement exists within an unforgiving, infected world. Exceptional agility and combat skills make you a powerful ally and a valuable commodity. With your unique abilities you have the power to be an agent of change within this decaying metropolis. Use it wisely.",Techland Publishing,Techland Publishing,https://images.igdb.com/igdb/image/upload/t_original/co31k4.png,https://images.igdb.com/igdb/image/upload/t_screenshot_huge/pncwkkatkhnsq9agmq0b.png,2022-02-03T10:00:00.000Z,2022,Series X|PS5|PC|XONE|PS4,PC,,Completed,4,1,65,-1,0,7,75,28.15,0.0,2022-01-15T06:16:50.000Z,2022-02-23T02:49:35.203Z,2022-01-15T06:16:50.000Z,,,false,24.22138888888889,46.9425,94.98055555555555,1,3,⚔️ RPG|🌍 Adventure
A2F77A4A-8ABF-4941-8CF4-A1E5190E37CC,103016,Q125768610,Yakuza 4 Remastered,"The game from 2010 has been remastered for the PS4 with one of Yakuza 4's main protagonists, Masayoshi Tanimura, being recast and getting a visual makeover.

Kamuro Chou, the entertainment district is about to be bloodbath again. This time, we have four rising dragons. Each of the protagonists has a different fighting style and each of them has to go through sets of impossible trials to find their destiny. The line between game and reality is further blurred, earlier, in 2009, Sega hosts a beauty pageant, and the seven winners became models of their game avatars. Some of them are bar girls, some are hostesses, visit the ""play spots"" with them, ask them to date in the spas and sing karaoke with them. The Rising Dragon is looking for a successor, will you be it?",Ryū Ga Gotoku Studios,Sega,https://images.igdb.com/igdb/image/upload/t_original/co2s10.png,https://images.igdb.com/igdb/image/upload/t_original/sc5qjb.png,2021-01-28T08:00:00.000Z,2021,PS4|PC|XONE,PC,,Abandoned,5,0,0,-1,0,0,77,0.0,0.0,,2024-05-04T01:17:10.012Z,,,,false,20.571666666666665,39.4625,92.0963888888889,0,-1,
5704EF9A-2533-442A-AFFA-CDA44697E2B5,103020,Q54497595,Fallout 76,"Bethesda Game Studios welcome you to Fallout 76. Twenty-five years after the bombs fall you and your fellow Vault Dwellers, chosen from the nation’s best and brightest, emerge into post-nuclear America on Reclamation Day, 2102. Play solo or join together as you explore, quest, build, and triumph against the wasteland’s greatest threats. Explore a vast wasteland, devastated by nuclear war, in this open-world multiplayer addition to the Fallout story. Experience the largest, most dynamic world ever created in the legendary Fallout universe.",Bethesda Game Studios,Bethesda Softworks,https://images.igdb.com/igdb/image/upload/t_original/co1yc4.png,https://images.igdb.com/igdb/image/upload/t_original/mfrt5ebad0hfgh019bfm.png,2020-04-14T07:00:00.000Z,2020,PS4|Series X|S|XONE|PC|PS5,PC,PS4|XONE|Steam Deck,Abandoned,5,0,50,-1,0,5,53,18.466666666666665,0.0,2022-07-10T17:54:22.000Z,2024-08-15T01:35:00.144Z,2022-07-10T17:54:22.000Z,,,false,36.03861111111111,114.56527777777778,308.30944444444447,0,1,🔫 Shooter|⚔️ RPG
77BBEB6A-347E-4CD0-957A-AACAF6AF6E50,103292,Q55128278,Gears 5,"From one of gaming’s most acclaimed sagas, Gears is bigger than ever, with five thrilling modes and the deepest campaign yet. With all-out war descending, Kait Diaz breaks away to uncover her connection to the enemy and discovers the true danger to Sera – herself.",The Coalition,Xbox Game Studios,https://images.igdb.com/igdb/image/upload/t_original/co2oz5.png,https://images.igdb.com/igdb/image/upload/t_original/sc8gd2.png,2019-09-09T00:00:00.000Z,2019,PC|XONE|Series X,PC,,Abandoned,5,0,0,-1,0,0,87,0.0,0.0,2019-09-09T15:52:06.000Z,2019-09-09T15:17:10.000Z,,,,false,11.053611111111111,14.833333333333334,18.941666666666666,0,-1,🔫 Shooter|🌍 Adventure
F63EF2D1-2AF0-4918-851A-76F8221C3492,103294,,Nier: Automata - Become as Gods Edition,"The NieR:Automata BECOME AS GODS Edition includes the action-packed 3C3C1D119440927 downloadable content* which features “Revealing Outfit” costume for 2B, “Young Man’s Outfit” costume for 9S and “Destroyer Outfit” costume for A2. After completing new sub-quests in this downloadable content, you can enjoy playing the game while wearing these costumes from NieR Replicant. Sub-quests take the form of three different battle challenges at three different colosseums. Special music video: NieR:Automata meets amazarashi “Deserving of Life,” from collaboration with rock band amazarashi, is also included as part of the scenario.

The NieR:Automata BECOME AS GODS Edition also includes the following content:
• Machine Mask Accessory
• Grimoire Weiss Pod
• Cardboard Pod Skin
• Retro Grey Pod Skin
• Retro Red Pod Skin

NieR:Automata BECOME AS GODS Edition supports 4K resolution (2160P) and HDR on Xbox One X.",PlatinumGames,Square Enix,https://images.igdb.com/igdb/image/upload/t_original/co2yg9.png,https://images.igdb.com/igdb/image/upload/t_screenshot_huge/ivphflczxrak4r8yc2dz.png,2021-03-18T07:00:00.000Z,2021,PC|XONE,PC,XONE,Completed,4,1,45,-1,0,6,91,9.0,0.0,2021-08-09T03:19:23.000Z,2022-07-15T21:43:44.833Z,2021-08-09T03:19:23.000Z,,,false,21.0,37.0,61.5,0,-1,⚔️ RPG|🌍 Adventure
F5FCBC2C-DD03-40BB-97E0-54F5DA681EC3,103298,Q55662649,DOOM Eternal,Hell’s armies have invaded Earth. Become the Slayer in an epic single-player campaign to conquer demons across dimensions and stop the final destruction of humanity. The only thing they fear... is you.,id Software,Bethesda Softworks,https://images.igdb.com/igdb/image/upload/t_cover_big/co1lvj.png,https://images.igdb.com/igdb/image/upload/t_screenshot_huge/dkjdvrbqaoyyh4klvbwb.png,2020-03-19T00:00:00.000Z,2020,Switch|PS5|Series X|PC|XONE|PS4|Stadia,PC,PS4,Abandoned,5,0,0,-1,0,0,86,0.6,0.0,2020-08-10T04:20:51.000Z,2020-11-27T21:28:27.996Z,,,,false,14.268055555555556,19.24138888888889,26.654166666666665,0,3,🔫 Shooter
D7AE0946-21A3-458B-8DAB-895FB0A3AA32,103301,Q54913467,Wolfenstein: Youngblood,"Wolfenstein: Youngblood is a brand-new co-op experience from MachineGames, the award-winning studio that developed the critically acclaimed Wolfenstein II: The New Colossus. 
 
Set in 1980, 19 years after BJ Blazkowicz ignited the second American Revolution, Wolfenstein: Youngblood introduces the next Blazkowicz generation to the fight against the Nazis. Play as one of BJ’s twin daughters, Jess and Soph, as you search for your missing father in Nazi-occupied Paris.",MachineGames,Bethesda Softworks,https://images.igdb.com/igdb/image/upload/t_cover_big/co21by.png,https://images.igdb.com/igdb/image/upload/t_screenshot_huge/sc6djy.png,2019-07-25T00:00:00.000Z,2019,PS4|XONE|Stadia|PC|Switch,PC,,Abandoned,5,0,35,-1,0,5,71,5.583333333333333,0.0,2020-12-20T03:18:41.885Z,2021-01-01T19:43:05.262Z,,,,false,9.0,14.5,28.5,1,-1,🔫 Shooter
DCE7B2DA-D88E-4F97-8EF3-89E97B71B7CA,103320,Q108139991,The Forgotten City,"The Forgotten City is a mystery adventure game of exploration and deduction, and a re-imagining of the critically acclaimed mod of the same name. Combat is an option, but violence will only get you so far. Only by questioning an intertwined community of colorful characters, cleverly exploiting the time loop, and making difficult moral choices can you hope to solve this epic mystery. Here, your decisions matter. The fate of the city is in your hands.",Modern Storyteller,Dear Villagers,https://images.igdb.com/igdb/image/upload/t_original/co3muu.png,https://images.igdb.com/igdb/image/upload/t_screenshot_huge/r15mbjnp2mthyu3wxjve.png,2021-07-28T10:00:00.000Z,2021,PS5|Mac|XONE|PC|PS4|Series X,Series X,PC|PS5|Switch,Completed,4,3,100,-1,0,9,83,0.0,0.0,2021-12-28T23:46:00.602Z,2022-01-01T19:14:40.534Z,2021-12-28T23:46:00.602Z,,,false,5.660277777777778,8.451666666666666,10.306111111111111,0,3,⚔️ RPG|🌍 Adventure|😎 Indie
0F523646-E82F-486D-ACA8-4AE8896E4699,103329,Q54935655,Control,"Control is a supernatural 3rd person action-adventure will challenge you to master the combination of supernatural abilities, modifiable loadouts and reactive environments while fighting through a deep and unpredictable world.",Remedy Entertainment,505 Games,https://images.igdb.com/igdb/image/upload/t_original/co2evj.png,https://images.igdb.com/igdb/image/upload/t_screenshot_huge/sq0fojs2sff78e1bhl0v.png,2019-08-27T07:00:00.000Z,2019,PS5|PC|Stadia|XONE|Series X|S|PS4,PC,PS4,Completed,4,3,0,-1,0,10,83,38.78333333333333,0.0,2020-09-05T21:50:26.000Z,2020-10-08T04:57:29.895Z,2020-09-05T21:50:26.000Z,,,false,11.688055555555556,19.22388888888889,28.8975,2,3,🔫 Shooter|🌍 Adventure
27382A2B-FC25-411E-A29C-8F812B45229D,103330,Q67482292,Nioh 2,"Master the lethal arts of the samurai as a mysterious half-human, half-supernatural Yokai warrior, in this challenging action RPG sequel. Explore violent Sengoku-era Japan and the deadly Dark Realm, both plagued with grotesque, merciless demons. Unsheathe your deadly weapons and cut down all enemies in your path using a revamped combat system and the ability to transform into a full Yokai to unleash devastating paranormal powers.",Team NINJA,Sony Interactive Entertainment,https://images.igdb.com/igdb/image/upload/t_original/co1sh7.png,https://images.igdb.com/igdb/image/upload/t_original/gksjtycnde8mywkqaqcn.png,2021-02-05T00:00:00.000Z,2021,PS4|PS5,PS5,,Abandoned,5,0,0,-1,0,0,84,0.06666666666666667,0.0,2021-06-25T23:48:06.000Z,2022-01-12T00:48:04.000Z,,,,false,43.94305555555555,80.97166666666666,112.66527777777777,0,-1,⚔️ RPG|👊 Beat 'em up|🌍 Adventure
283635C2-2465-4585-BE09-328557F0AAEE,104967,Q105100327,Valheim,"Valheim is a brutal exploration and survival game for 1-10 players set in a procedurally-generated world inspired by Norse mythology. Craft powerful weapons, construct longhouses, and slay mighty foes to prove yourself to Odin!",Iron Gate Studios,Coffee Stain Publishing,https://images.igdb.com/igdb/image/upload/t_original/co2x61.png,https://images.igdb.com/igdb/image/upload/t_original/sc5ifr.png,2021-02-02T10:00:00.000Z,2021,Linux|XONE|PC|Series X,PC,,Abandoned,5,0,0,-1,0,0,85,1.9833333333333334,0.0,2021-02-02T00:00:00.000Z,2021-02-02T00:00:00.000Z,2021-02-02T00:00:00.000Z,,,false,74.96194444444444,94.91472222222222,138.39638888888888,0,3,⚔️ RPG|🌍 Adventure|😎 Indie
8B1119AB-3AB0-44EE-8798-5C858BF645E9,104970,Q121773652,En Garde!,"En Garde! is a swashbuckler action game! Battle graceless guards and nefarious noblemen in fast-paced fights full of spectacle. Use the environment, your wit and your blade to teach them all a lesson!",Fireplace Games,Fireplace Games,https://images.igdb.com/igdb/image/upload/t_original/co6slv.png,https://images.igdb.com/igdb/image/upload/t_original/scnebb.png,2023-08-16T07:00:00.000Z,2023,PC,PC,,Completed,4,3,100,-1,0,6,77,2.033333333333333,0.0,2023-08-23T17:32:13.829Z,2023-08-29T17:37:19.747Z,,,,false,3.8516666666666666,5.298611111111111,12.439722222222223,0,3,
FFA9DC81-C77E-463B-B9D2-2C5906EECA22,105049,Q66975659,Remnant: From the Ashes,"The world is in ruins. Only a remnant of mankind remains, hunted to near extinction by horrors from another world. As one of the few survivors left, you will venture into portals to fantastic realms to gather the resources and firepower needed to fight back and retake what was lost.

Remnant: From the Ashes is a third-person survival-action game set in a post-apocalyptic world overrun by mythical creatures. The game provides players and up to three of their friends with a unique, customizable gameplay experience filled with intense shooting and melee combat, gear and weapon crafting, character progression and dynamically-generated levels that offer an infinite number of ways to explore and take on deadly monsters and epic bosses.",Gunfire Games,Perfect World Entertainment,https://images.igdb.com/igdb/image/upload/t_original/co1m4w.png,https://images.igdb.com/igdb/image/upload/t_original/sc6dwu.png,2019-08-20T07:00:00.000Z,2019,PS4|PC|Switch|Series X|PS5|XONE,PC,,Abandoned,5,0,0,-1,0,0,77,0.0,0.0,,2023-12-02T03:10:40.585Z,,,,false,13.229166666666666,20.4375,56.624722222222225,0,3,
C425E09D-BD78-4D98-B50D-E03883E8010D,106107,Q135081488,Hellblade: Senua's Sacrifice - VR Edition,"The VR Edition of the critically acclaimed BAFTA award-winning Hellblade: Senua's Sacrifice.

From the makers of Heavenly Sword, Enslaved: Odyssey to the West, and DmC: Devil May Cry, comes a warrior’s brutal journey into myth and madness.

Set in the Viking age, a broken Celtic warrior embarks on a haunting vision quest into Viking Hell to fight for the soul of her dead lover.",Ninja Theory,Ninja Theory,https://images.igdb.com/igdb/image/upload/t_original/co2l7t.png,https://images.igdb.com/igdb/image/upload/t_original/sc9pv4.png,,0,Steam VR|Oculus Rift,,,Abandoned,5,0,0,-1,0,0,0,0.0,0.0,,,,,,false,6.616666666666666,7.461666666666667,8.7375,0,1,
09BB7FD0-C044-4741-9F35-AAD3AFFED742,109532,Q66763775,Assassin's Creed III Remastered,"Relive the American Revolution or experience it for the first time in Assassin's Creed III Remastered, with enhanced graphics and improved gameplay mechanics.
Also includes all the original solo DLC, including The Tyranny of King Washington.",Ubisoft Barcelona,Ubisoft Entertainment,https://images.igdb.com/igdb/image/upload/t_original/co2gjw.png,https://images.igdb.com/igdb/image/upload/t_original/sc671o.png,2019-03-29T00:00:00.000Z,2019,Stadia|PC|XONE|PS4|Switch,XONE,,Completed,4,1,17,-1,0,3,80,0.1,0.0,2020-10-13T15:29:10.000Z,2022-07-13T15:29:08.000Z,2020-10-13T15:29:10.000Z,,,false,14.725833333333334,30.084722222222222,56.61083333333333,0,-1,⚔️ RPG|💭 Strategy|🌍 Adventure
16D05127-6C7D-4E96-A6E3-C251A21EA9C2,110248,Q96247255,Stray,"Lost, alone, and separated from family, a stray cat must untangle an ancient mystery to escape a long-forgotten cybercity and find the way home.",BlueTwelve Studio,Annapurna Interactive,https://images.igdb.com/igdb/image/upload/t_original/co4tt2.png,https://images.igdb.com/igdb/image/upload/t_screenshot_huge/sc8bii.png,2022-07-19T10:00:00.000Z,2022,PC|PS5|PS4|XONE|Mac|Series X,PS5,PC,Completed,4,3,90,-1,0,7,83,0.0,0.0,2022-06-06T16:24:48.000Z,2022-07-25T21:35:35.616Z,2022-06-06T16:24:48.000Z,,,false,5.078055555555555,6.405555555555556,9.896944444444445,0,3,🌍 Adventure|😎 Indie
C4F658DF-2123-4F00-8D34-AA209BBB70D8,110411,Q59627588,DiRT Rally 2.0,"DiRT Rally 2.0 dares you to carve your way through a selection of iconic rally locations from across the globe, in the most powerful off-road vehicles ever made, knowing that the smallest mistake could end your stage.",Codemasters,Codemasters,https://images.igdb.com/igdb/image/upload/t_original/co1sro.png,https://images.igdb.com/igdb/image/upload/t_original/sc5iqf.png,2019-02-26T00:00:00.000Z,2019,PC|PS4|XONE,PS4,,Abandoned,5,0,0,-1,0,0,80,0.0,0.0,2020-10-07T00:17:50.000Z,2020-10-07T00:17:48.000Z,,,,false,11.0075,44.47638888888889,172.13361111111112,0,-1,🏁 Racing|✈️ Simulator|⚽️ Sport
6C439BB8-8CAB-47AE-8FF3-F7157899F018,111469,Q96417649,Among Us,"Join your crew-mates in a multiplayer game of teamwork and betrayal! Play with 4-15 players online or via local WiFi as you attempt to prepare your spaceship for departure, but beware as one or more random players among the Crew are Impostors bent on killing everyone!",InnerSloth,InnerSloth,https://images.igdb.com/igdb/image/upload/t_original/co45rg.png,https://images.igdb.com/igdb/image/upload/t_original/sceeq2.png,2018-11-16T00:00:00.000Z,2018,PC|Series X|Android|XONE|PS5|Switch|iOS|PS4,PC,,Completed,4,1,0,-1,0,5,81,0.6666666666666666,0.0,2018-11-15T16:43:44.000Z,2018-11-15T16:17:10.000Z,,,,false,7.748611111111111,14.242777777777778,18.246388888888887,0,-1,💭 Strategy|😎 Indie
0293111E-42E5-4BF4-ACA9-930571640BAB,112378,Q104376651,Nanotale: Typing Chronicles,"Something is wrong with the heart of magic. Play a young archivist venturing out into a dying world, cataloging its mysteries and its wonders to unearth the truth. Nanotale is the new adventure from the Typing Chronicles franchise and the spiritual successor to the acclaimed Epistory.",Fishing Cactus,Fishing Cactus,https://images.igdb.com/igdb/image/upload/t_original/co1j4z.png,https://images.igdb.com/igdb/image/upload/t_original/sc77wi.png,2019-10-23T07:00:00.000Z,2019,PC|Stadia,PC,,Abandoned,5,0,0,-1,0,0,75,0.0,0.0,,2024-09-16T00:13:37.992Z,,,,false,0.0,0.0,0.0,0,2,
9766A757-ECD8-4CE6-91EA-ACF54B47A855,112875,Q99397916,God of War Ragnarök,"God of War: Ragnarök is the ninth installment in the God of War series and the sequel to 2018's God of War. Continuing with the Norse mythology theme, the game is set in ancient Norway and features series protagonists Kratos, the former Greek God of War, and his young son Atreus. The game kicked off the events of Ragnarök, where Kratos and Atreus must journey to each of the Nine Realms in search of answers as they prepare for the prophesied battle that will end the world.",SIE Santa Monica Studio,Sony Interactive Entertainment,https://images.igdb.com/igdb/image/upload/t_original/co5s5v.png,https://images.igdb.com/igdb/image/upload/t_original/scd71x.png,2022-11-09T08:00:00.000Z,2022,PS4|PS5|PC,PS5,,Completed,4,1,100,-1,0,8,92,0.0,0.0,2022-11-12T20:36:25.463Z,2023-01-04T04:44:55.157Z,2022-11-12T20:36:25.463Z,,,false,26.51861111111111,40.62694444444445,55.52916666666667,0,3,👊 Beat 'em up|🌍 Adventure
4DF4A95C-24AF-4289-B6F5-F990F2D13D1A,113111,Q59536524,Far Cry New Dawn,"Dive into a transformed vibrant post-apocalyptic Hope County, Montana, 17 years after a global nuclear catastrophe. Lead the fight against the Highwaymen, as they seek to take over the last remaining resources.",Ubisoft Montreal,Ubisoft,https://images.igdb.com/igdb/image/upload/t_original/co1vpg.png,https://images.igdb.com/igdb/image/upload/t_screenshot_huge/sc5r8o.png,2019-02-15T00:00:00.000Z,2019,PS4|XONE|PC|Stadia,PC,,Completed,4,3,80,-1,0,6,72,12.166666666666666,0.0,2020-09-17T02:19:09.000Z,2021-02-10T18:24:23.108Z,,,,false,11.105,17.495555555555555,28.118333333333332,0,-1,🔫 Shooter|🌍 Adventure
BA0D835E-DE20-4090-8460-9BA9EBA1081E,113112,Q59756366,Hades,"A rogue-lite hack and slash dungeon crawler in which Zagreus, son of Hades the Greek god of the dead, attempts to escape his home and his oppressive father by fighting the souls of the dead through the various layers of the ever-shifting underworld, while getting to know and forging relationships with its inhabitants.",Supergiant Games,Supergiant Games,https://images.igdb.com/igdb/image/upload/t_cover_big/co1qub.png,https://images.igdb.com/igdb/image/upload/t_screenshot_huge/sc5r7v.png,2020-09-17T07:00:00.000Z,2020,iOS|XONE|Mac|PS4|Switch|PS5|Series X|S|PC,Switch,PC,Completed,4,3,65,-1,0,9,93,0.16666666666666666,0.0,2020-11-21T04:09:27.000Z,2020-12-03T06:51:05.327Z,2020-11-21T04:09:27.000Z,,,false,23.363333333333333,48.515,95.22694444444444,0,3,⚔️ RPG|👊 Beat 'em up|🌍 Adventure|😎 Indie
22CCCC5A-B3D6-48E3-81B0-104CD41DAF1D,113118,Q63994801,The Pathless,"The Pathless is a mythic adventure where you play as the Hunter, a skilled archer who explores a mysterious cursed island with an eagle companion. Your goal is to lift an unnatural shroud of darkness that plagues the world. As you bound acrobatically through dense forests, you will hunt prey, discover ancient ruins, and form a deep bond with your eagle. But beware: dangerous spirits also lurk in the woods. If you aren’t careful, you may become the hunted yourself.",Giant Squid,Annapurna Interactive,https://images.igdb.com/igdb/image/upload/t_cover_big/co2hm5.png,https://images.igdb.com/igdb/image/upload/t_screenshot_huge/sc6dbj.png,2020-11-12T00:00:00.000Z,2020,PS4|Mac|PS5|PC|iOS,PS5,iOS,Completed,4,3,26,-1,0,7,82,0.0,0.0,2021-01-04T18:40:45.945Z,2021-01-08T22:10:31.779Z,,,,false,6.0,10.0,13.0,0,-1,🌍 Adventure
192129E2-B967-4318-813A-AC0627005FD8,113598,Q96240037,DEATHLOOP,"Deathloop transports players to the lawless island of Blackreef in an eternal struggle between two extraordinary assassins. Explore stunning environments and meticulously designed levels in an immersive gameplay experience that lets you approach every situation any way you like. Hunt down targets all over the island in an effort to put an end to the cycle once and for all, and remember, if at first you don’t succeed… die, die again.",Arkane Studios,Bethesda Softworks,https://images.igdb.com/igdb/image/upload/t_cover_big/co2cge.png,https://images.igdb.com/igdb/image/upload/t_screenshot_huge/sc6lcf.png,2021-09-14T00:00:00.000Z,2021,PS5|Series X|PC,PS5,PC,Completed,4,3,85,-1,0,9,89,0.0,0.0,2021-08-24T20:51:10.000Z,2021-09-22T22:47:11.021Z,,,,false,15.990555555555556,22.81222222222222,33.69416666666667,2,-1,🔫 Shooter|🌍 Adventure
4334EF9B-8016-4617-BECB-12E9EBA16AEA,113866,Q96394151,Moving Out,"Moving Out is a cooperative moving simulation game. In a local cooperative experience, players move objects from houses into a moving van while coping with exaggerated physics.

It was followed by Moving Out 2.",DEVM Games,Team17,https://images.igdb.com/igdb/image/upload/t_original/co1xlt.png,https://images.igdb.com/igdb/image/upload/t_original/sc5yqt.png,2020-04-28T07:00:00.000Z,2020,PS4|PC|Switch|XONE,PC,,Abandoned,5,0,0,-1,0,0,77,0.0,0.0,,2025-02-15T21:02:26.535Z,,,,false,5.221111111111111,10.0225,18.1625,0,3,
9FEC2BFA-8307-4BB0-B200-A9FBBFF2E468,114283,Q63385672,Persona 5 Royal,An enhanced version of Persona 5 with some new characters and a third semester added to the game. Released Internationally in 2020.,Atlus,Sega,https://images.igdb.com/igdb/image/upload/t_original/co1nic.png,https://images.igdb.com/igdb/image/upload/t_original/sc6vps.png,2022-10-21T10:00:00.000Z,2022,PC|PS5|Switch|Series X|S|PS4|XONE,Series X,PC|PS5,Abandoned,5,0,5,-1,0,0,94,0.8,0.0,2022-10-29T18:43:00.000Z,2023-01-30T17:51:09.313Z,2022-10-29T18:43:00.000Z,,,false,101.23916666666666,122.85527777777777,140.33666666666667,0,3,⚔️ RPG|🧐 Turn Based|🌍 Adventure
7D2E6F47-5FE4-4026-B5CE-3C1B57CA36BA,114286,Q63494531,Madden NFL 20,"Feel like an NFL Superstar in Madden NFL 20. Be the Face of an NFL franchise where the decisions you make matter in your journey to become an NFL Superstar in ‘FACE OF THE FRANCHISE: QB1’. Feel the emotion, personality, and power of NFL Superstars with ‘SUPERSTAR X-FACTOR’, an all-new abilities progression system that reveals special abilities for today’s most exciting NFL Superstars heightening the level strategy and excitement in every game.",EA Tiburon,Electronic Arts,https://images.igdb.com/igdb/image/upload/t_original/co1nh7.png,https://images.igdb.com/igdb/image/upload/t_original/sc6kha.png,2019-08-02T00:00:00.000Z,2019,PC|PS4|XONE,XONE,,Abandoned,5,0,0,-1,0,0,75,0.0,0.0,2019-08-02T00:00:00.000Z,2019-08-02T00:00:00.000Z,,,,false,21.065833333333334,71.67361111111111,175.90277777777777,0,-1,⚽️ Sport
D231F686-8E18-4AEF-A719-942F9A31BDC2,115060,Q112609559,Dragon's Dogma II,"Dragon's Dogma is a single player, narrative driven action-RPG that challenges players to choose their own experience – from the appearance of their Arisen, their vocation, their party, how to approach different situations and more.

On your journey, you’ll be joined by Pawns, mysterious otherworldly beings, in an adventure so unique you will feel as if accompanied by other players while on your own adventure.

All of these elements are elevated further by the latest in graphics, artificial intelligence (AI) and physics technology to create a truly immersive fantasy world in Dragon's Dogma 2.",Capcom,Capcom,https://images.igdb.com/igdb/image/upload/t_original/co7fah.png,https://images.igdb.com/igdb/image/upload/t_original/scmnda.png,2024-03-22T07:00:00.000Z,2024,PS5|Series X|S|PC,PC,PS5|Series X,Completed,4,1,100,-1,0,8,0,16.75,0.0,2024-03-23T03:12:27.141Z,2024-04-07T05:51:21.887Z,2023-11-28T22:51:02.000Z,,,false,30.883055555555554,56.04194444444445,93.67888888888889,0,1,
C97013E6-3F27-4DEB-9841-B3DBB6AAC770,115284,Q61745904,The Legend of Zelda: Link's Awakening,"The Legend of Zelda: Link's Awakening is a remake of the 1993 game of the same name.
After defeating Ganon in ""A Link to the Past"", Link decides to go on a journey to prepare himself in case such an evil returns. During this journey, Link's ship falls prey to a storm. Link wakes up on the beach of the mysterious island of Koholint, where he must gather eight instruments in order to wake the Wind Fish sleeping atop Mt. Tamaranch and leave the island.",GREZZO,Nintendo,https://images.igdb.com/igdb/image/upload/t_original/co1qve.png,https://images.igdb.com/igdb/image/upload/t_original/sc636a.png,2019-09-20T00:00:00.000Z,2019,Switch,Switch,,Completed,4,3,0,-1,0,10,86,0.0,0.0,2019-09-19T23:10:35.000Z,2019-11-01T23:10:51.000Z,,,,false,14.0,16.5,21.0,0,-1,🌍 Adventure
6EBF7D09-9BF9-40DA-9C50-6EC067502044,115843,Q105063670,Unpacking,"Unpacking is a zen puzzle game about the familiar experience of pulling possessions out of boxes and fitting them into a new home. Part block-fitting puzzle, part home decoration, you are invited to create a satisfying living space while learning clues about the life you’re unpacking.

Over the course of eight house moves, you are given a chance to experience a sense of intimacy with a character you never see and a story you’re never told.",Witch Beam,Humble Games,https://images.igdb.com/igdb/image/upload/t_original/co1t45.png,https://images.igdb.com/igdb/image/upload/t_original/sc68o4.png,2021-11-02T10:00:00.000Z,2021,XONE|Series X|Android|PC|Switch|PS4|iOS|PS5|Linux|Mac,PC,,Abandoned,5,0,2,-1,0,0,82,0.0,0.0,2021-11-02T00:00:00.000Z,2021-11-02T00:00:00.000Z,2021-11-02T00:00:00.000Z,,,false,3.6633333333333336,4.207222222222223,4.389722222222222,0,3,👾 Point-and-click|🧩 Puzzle|✈️ Simulator|😎 Indie
5959EC81-09B8-423A-919F-0A471D30D7E1,116133,Q64024095,Islanders,"Islanders is a minimalist strategy game about building cities on colorful islands. Explore an infinite number of ever-changing new lands, expand your settlements from sprawling villages to vast cities and enjoy the relaxing atmosphere.",GrizzlyGames,GrizzlyGames,https://images.igdb.com/igdb/image/upload/t_original/co1s93.png,https://images.igdb.com/igdb/image/upload/t_original/sc691v.png,2019-04-04T07:00:00.000Z,2019,Linux|PC|Mac,PC,,Abandoned,5,0,0,-1,0,0,77,0.0,0.0,,2025-07-14T23:29:30.163Z,,,,false,3.0413888888888887,6.315277777777778,7.188055555555556,0,-1,
0B4AC776-9D10-4520-A125-782F7E22B374,116156,Q64589985,Solar Ash,"Journey through a surreal, vivid and highly stylized world filled with mystery, wild high-speed traversal, endearing characters, and massive enemy encounters. The Void beckons…",Heart Machine,Annapurna Interactive,https://images.igdb.com/igdb/image/upload/t_original/co49qe.png,https://images.igdb.com/igdb/image/upload/t_screenshot_huge/sc8bhb.png,2021-12-02T00:00:00.000Z,2021,PS4|PS5|XONE|PC|Series X,PS5,,Completed,4,3,100,-1,0,7,80,0.0,0.0,2021-12-07T17:39:52.560Z,2021-12-14T17:40:30.696Z,,,,false,5.121388888888889,7.009166666666666,8.58611111111111,0,-1,🌍 Adventure
F4BC872B-E401-452F-893F-51DF1F83A4B4,116200,Q104223925,Back 4 Blood,"Back 4 Blood is a thrilling cooperative first-person shooter from the creators of the critically acclaimed Left 4 Dead franchise. You are at the center of a war against the Ridden. These once-human hosts of a deadly parasite have turned into terrifying creatures bent on devouring what remains of civilization. With humanity’s extinction on the line, it’s up to you and your friends to take the fight to the enemy, eradicate the Ridden, and reclaim the world.",Turtle Rock Studios,Warner Bros. Interactive Entertainment,https://images.igdb.com/igdb/image/upload/t_original/co2mhj.png,https://images.igdb.com/igdb/image/upload/t_screenshot_huge/.png,2021-10-12T00:00:00.000Z,2021,Series X|PS4|XONE|PS5|PC,PC,PS5|Series X,Completed,4,1,32,-1,0,6,78,2.6,0.0,2021-08-09T18:27:36.000Z,2021-12-20T21:16:49.000Z,2021-08-09T18:27:36.000Z,,,false,11.796944444444444,20.41777777777778,164.205,0,2,🔫 Shooter
885E3C50-35A5-4AF0-BC3A-4BB1CA94F497,116238,Q63464391,Sniper Elite 5,"The latest instalment in the award-winning series, Sniper Elite 5 offers unparalleled sniping, tactical third-person combat and an enhanced kill cam. Fight your way across the most immersive maps yet, with many real-world locations captured in stunning detail, and an improved traversal system that lets you explore more of them than ever before.

France, 1944 – As part of a covert US Rangers operation to weaken the Atlantikwall fortifications along the coast of Brittany, elite marksman Karl Fairburne makes contact with the French Resistance. Soon they uncover a secret Nazi project that threatens to end the war before the Allies can even invade Europe: Operation Kraken.",Rebellion,Rebellion,https://images.igdb.com/igdb/image/upload/t_original/co4ehj.png,https://images.igdb.com/igdb/image/upload/t_screenshot_huge/scf29o.png,2022-05-25T00:00:00.000Z,2022,PC|XONE|PS5|PS4|Series X,PC,Series X,Completed,4,1,100,-1,0,8,80,0.0,0.0,2022-05-27T17:03:09.493Z,2022-07-23T00:12:06.675Z,,,,false,9.613333333333333,19.5975,40.76583333333333,0,-1,🔫 Shooter|🌍 Adventure
3E746A86-8DE2-4BC9-9E7E-CC84C455D88F,117170,Q108481438,Stellar Blade,"Eve and her comrades land on the surface to reclaim the extinct Earth and cross paths with a survivor named Adam. Eve is then led by Adam to the last surviving city, Xion, where she meets the elder of the town Orcal and is told many stories. In order to serve her mission to save Earth, Eve develops close relationships with the key members of Xion and contributes to rebuilding the city.

On a mission to save Earth from the NA:tive, Eve is also faced with helping out the citizens of Xion. Whether you will help the survivors or not, depends purely on your decision as the player.

The game originally was announced as ""Project Eve"" in 2019. It was set to release for PS4/Xbox One consoles and PC, but a September 2022 State of Play revealed the game would instead launch only on PS5 and PC.",SHIFT UP,Sony Interactive Entertainment,https://images.igdb.com/igdb/image/upload/t_original/co7p80.png,https://images.igdb.com/igdb/image/upload/t_original/sc6dq3.png,2024-04-26T07:00:00.000Z,2024,PS5|PC,PS5,,Completed,4,3,100,-1,0,10,81,0.0,0.0,2024-04-29T23:54:41.025Z,2024-07-24T23:31:24.456Z,2024-04-24T15:35:22.024Z,,,false,21.441388888888888,36.20638888888889,55.15777777777778,1,3,
74CDBE7D-DAF5-41CE-A63C-3DE6D78E2071,117748,Q97089275,Prey: Typhon Hunter,"Typhon Hunter is a lethal game of hide-and-seek between a single survivor (Morgan Yu) and five other players who stalk, hunt, and hide in plain sight as shape-shifting Mimic aliens. Every object is a potential enemy. Will Morgan or the Mimics prevail?

TranStar VR is a single player VR-only campaign included in the Typhon Hunter update. This campaign puts you in the shoes of various TranStar employees as you complete objectives and solve intricate puzzles on Talos I, just days before the events of Prey.",Arkane Studios,Bethesda Softworks,https://images.igdb.com/igdb/image/upload/t_original/co2jm5.png,https://images.igdb.com/igdb/image/upload/t_original/sc6g0c.png,2018-12-11T07:00:00.000Z,2018,PS4|PC|XONE|PSVR,PC,,Abandoned,5,0,0,-1,0,0,0,0.0,0.0,,2025-04-12T01:53:41.738Z,,,,false,1.3816666666666666,0.0,10.077777777777778,0,2,
46BF4A35-B64D-481F-80F1-D3D13CF7728C,118218,Q63675773,Tom Clancy's Ghost Recon: Breakpoint,"Tom Clancy's Ghost Recon Breakpoint is a military shooter set in a diverse and hostile open world entirely playable solo or in up to four-player co-op. Players will discover Auroa, a mysterious island where the most technically advanced facilities meet wild and untamed nature. Home to drone creators, tech giant Skell Technology, Auroa has fallen into the wrong hands and all contact has been lost.",Ubisoft Paris,Ubisoft Entertainment,https://images.igdb.com/igdb/image/upload/t_original/co1xro.png,https://images.igdb.com/igdb/image/upload/t_original/sc6k0j.png,2019-10-04T07:00:00.000Z,2019,XONE|PS4|Stadia|PC,PC,,Abandoned,5,0,0,-1,0,0,56,0.4166666666666667,0.0,,2024-04-07T23:04:14.021Z,2024-03-29T19:27:58.593Z,,,false,0.0,0.0,0.0,0,2,
7AC7B6C5-32FD-4780-91E7-767C0213F771,118882,Q141482377,Tom Clancy's Rainbow Six Siege: Deluxe Edition,"This version contains:

- Base Game
- Year 1 Operators
- Year 2 Operators",,,https://images.igdb.com/igdb/image/upload/t_original/co20iq.png,https://images.igdb.com/igdb/image/upload/t_original/sc81d6.png,2020-02-18T00:00:00.000Z,2020,PS5|Series X|PC|XONE|PS4,PS4,,Abandoned,5,0,0,-1,0,0,0,0.016666666666666666,0.0,2020-08-10T00:16:02.000Z,2020-08-10T00:15:58.000Z,,,,false,0.0,0.0,0.0,0,-1,🔫 Shooter|🤔 Tactical
32F9D91B-56F1-4246-868F-2CABF1786BA4,119133,Q64826862,Elden Ring,"Elden Ring is an action RPG developed by FromSoftware and published by Bandai Namco Entertainment, released in February 2022. Directed by Hidetaka Miyazaki, with world-building contributions from novelist George R. R. Martin, the game features an expansive open world called the Lands Between. Players assume the role of a customisable character known as the Tarnished, who must explore this world, battle formidable enemies, and seek to restore the Elden Ring to become the Elden Lord.

The game builds on the challenging gameplay mechanics familiar from the Dark Souls series but introduces a more open-ended structure with vast exploration, dynamic weather, and a day-night cycle. It offers deep lore, complex characters, and an interconnected world filled with secrets, dungeons, and powerful bosses.",FromSoftware,Bandai Namco Entertainment,https://images.igdb.com/igdb/image/upload/t_cover_big/co391c.png,https://images.igdb.com/igdb/image/upload/t_screenshot_huge/scagdm.png,2022-02-25T08:00:00.000Z,2022,Series X|S|Switch 2|PS5|PS4|PC|XONE,PS5,PC|Series X,Completed,4,3,95,-1,0,10,95,202.9,0.0,2023-01-12T15:49:00.000Z,2022-04-10T14:44:00.000Z,2021-11-10T19:41:55.000Z,,,false,59.97944444444445,101.18527777777778,135.69055555555556,2,3,⚔️ RPG|🌍 Adventure
7B1C73DD-651E-4C9E-BC2C-713537A265FA,119161,Q66439292,Need for Speed Heat,"Hustle by day and risk it all at night in Need for Speed Heat, a white-knuckle street racer, where the lines of the law fade as the sun starts to set. By day, Palm City hosts the Speedhunter Showdown, a sanctioned competition where you earn Bank to customize and upgrade your high-performance cars. At night, ramp up the intensity in illicit street races that build your reputation, getting you access to bigger races and better parts. But stay ready – cops are waiting and not all of them play fair",Ghost Games,Electronic Arts,https://images.igdb.com/igdb/image/upload/t_original/co209t.png,https://images.igdb.com/igdb/image/upload/t_original/sc6w6h.png,2019-11-08T00:00:00.000Z,2019,PC|PS4|XONE,PC,,Abandoned,5,0,0,-1,0,0,69,0.0,0.0,2020-10-13T18:15:50.000Z,2020-10-13T18:15:49.000Z,,,,false,13.211944444444445,24.24416666666667,48.23583333333333,0,-1,🏁 Racing|⚽️ Sport|🌍 Adventure
2EFF4FD8-3F62-4426-A95F-B77F3D35152D,119177,Q64083878,Call Of Duty: Modern Warfare,"Prepare to go dark, Modern Warfare is back! 
 
The stakes have never been higher as players take on the role of lethal Tier One operators in a heart-racing saga that will affect the global balance of power. Call of Duty: Modern Warfare engulfs fans in an incredibly raw, gritty, provocative narrative that brings unrivaled intensity and shines a light on the changing nature of modern war. 
 
Players will be thrust into an immersive narrative spanning the entire game. Experience the ultimate online playground with classic multiplayer or squad-up and play cooperatively in a collection of elite operations, accessible to all skill levels.",Infinity Ward,Activision,https://images.igdb.com/igdb/image/upload/t_cover_big/co1rsg.png,https://images.igdb.com/igdb/image/upload/t_screenshot_huge/sc6qem.png,2019-10-25T00:00:00.000Z,2019,PS4|PC|XONE,PC,,Completed,4,3,0,-1,0,6,78,0.0,0.0,2020-11-06T18:19:58.769Z,2020-11-08T23:46:28.099Z,,,,false,6.0,8.5,13.5,0,-1,🔫 Shooter
5EAFD886-F580-4EB2-8E47-1281C6526E37,119262,Q64743240,Tom Clancy's Rainbow Six Extraction,Assemble your elite team of Rainbow Six Operators to launch incursions in the unpredictable containment zones and face off against an evolving Alien threat. Band together and put everything on the line as you take on this unknown enemy.,Ubisoft Montreal,Ubisoft Entertainment,https://images.igdb.com/igdb/image/upload/t_cover_big/co3a3r.png,https://images.igdb.com/igdb/image/upload/t_screenshot_huge/sca5e2.png,2022-01-20T10:00:00.000Z,2022,PS4|XONE|Series X|PS5|PC|Stadia,PC,,Abandoned,5,0,0,-1,0,6,71,0.0,0.0,2022-01-20T03:47:49.760Z,2022-01-30T20:40:55.000Z,2022-01-20T03:47:49.760Z,,,false,13.822222222222223,48.15833333333333,56.416666666666664,0,2,🔫 Shooter
D3592726-9D74-4B4D-B85F-C6CEBBB638C9,119305,Q64521118,LEGO Star Wars: The Skywalker Saga,"Lego Star Wars: The Skywalker Saga is a third-person action-adventure with an open world hub. Unlike previous Lego games in which players had to advance through the story in a linear order, players can now choose to start the game from any of the main Skywalker Saga episodes and complete them in any order they wish. Each episode has their own hub filled with planets featured prominently in each respective film that can be visited and explored. Each episode will have five story missions each, a total of 45 levels.

Combat has also been revamped, such as lightsaber fights now involving a variety of combos with light attacks, heavy attacks, and Force moves, and blaster characters having an over-the-shoulder camera angle featured in many third-person shooter games.

Random encounters will also happen in the game's hub. For example, an Imperial Star Destroyer will suddenly jump out of hyperspace and send a fleet of TIE Fighters after the player. Players can choose to engage in dogfights with them or continue onward to progress the story. The game will have more than 200 playable characters, though TT Games has said that number will change.",Traveller's Tales,WB Games,https://images.igdb.com/igdb/image/upload/t_original/co28yb.png,https://images.igdb.com/igdb/image/upload/t_screenshot_huge/sc6vzy.png,2022-04-05T00:00:00.000Z,2022,XONE|PS4|PC|PS5|Switch|Series X,Series X,,Abandoned,5,0,3,-1,0,0,82,0.0,0.0,2022-04-05T01:41:14.000Z,2022-04-29T18:31:37.203Z,,,,false,18.28527777777778,29.985555555555557,85.26527777777778,0,-1,🧩 Puzzle|🌍 Adventure
A881B5EC-5359-490C-B3C5-1A080F821FC8,119307,Q81293823,CrossfireX,CrossfireX delivers an intense first-person shooter experience where players are immersed in a sprawling global conflict between the world’s two most formidable private military factions: Global Risk employs veterans of powerful armed forces who use advanced technologies to fight for order and security; Black List employs hardened mercenaries trained in guerilla tactics who fight to destabilize oppressive regimes in the name of freedom. Choose your side and complete objective-based missions across a variety of classic and innovative modes featuring tightly crafted gameplay and cinematic visuals.,Smilegate,Xbox Game Studios,https://images.igdb.com/igdb/image/upload/t_original/co4hc8.png,https://images.igdb.com/igdb/image/upload/t_original/sc8riw.png,2022-02-10T10:00:00.000Z,2022,XONE|Series X,XONE,,Abandoned,5,0,1,-1,0,0,41,0.0,0.0,,2022-03-11T05:43:00.000Z,,,,false,4.073888888888889,5.4847222222222225,13.977222222222222,0,-1,
24EE3B65-5E16-4121-B16B-EEC2381F95F9,119308,Q65160471,Ghostwire: Tokyo,"After strange disappearances hit Tokyo's population, it's up to you to uncover the source and purge the city of a strange, new evil. Armed with your own mysterious spectral abilities, you will face down the occult, unravel conspiracy theories and experience urban legends like never before.",Tango Gameworks,Bethesda Softworks,https://images.igdb.com/igdb/image/upload/t_cover_big/co2a31.png,https://images.igdb.com/igdb/image/upload/t_screenshot_huge/sc6ldy.png,2022-03-25T00:00:00.000Z,2022,PC|PS5,PS5,PC,Completed,4,1,55,-1,0,5,76,0.1,0.0,2022-03-21T19:42:15.075Z,2022-04-20T01:10:26.033Z,,,,false,11.139444444444445,20.263333333333332,36.29611111111111,0,-1,🌍 Adventure
68F87F89-A0CF-419A-A477-905E33A51053,119342,Q64590208,Chivalry 2,"Chivalry 2 is a multiplayer first person slasher inspired by epic medieval movie battles. Players are thrust into the action of every iconic moment of the era - from clashing swords, to storms of flaming arrows, to sprawling castle sieges and more.",Torn Banner Studios,Tripwire Interactive,https://images.igdb.com/igdb/image/upload/t_original/co2yqh.png,https://images.igdb.com/igdb/image/upload/t_original/sc6lfl.png,2021-06-08T10:00:00.000Z,2021,PS4|PS5|Series X|XONE|PC,PC,,Abandoned,5,0,0,-1,0,0,82,0.0,0.0,2022-10-04T23:53:01.000Z,2022-10-17T23:53:58.285Z,2022-10-04T23:53:01.000Z,,,false,14.010555555555555,34.79,75.20472222222222,0,1,👊 Fighting|🎮 Platformer|🤔 Tactical|👊 Beat 'em up|😎 Indie
1306F704-C0D2-4BA3-8FC1-D2A2AC051348,119388,Q64577191,The Legend of Zelda: Tears of the Kingdom,"An epic adventure across the land and skies of Hyrule awaits in The Legend of Zelda: Tears of the Kingdom for Nintendo Switch. The adventure is yours to create in a world fueled by your imagination.

In this sequel to The Legend of Zelda: Breath of the Wild, you'll decide your own path through the sprawling landscapes of Hyrule and the mysterious islands floating in the vast skies above. Can you harness the power of Link's new abilities to fight back against the malevolent forces that threaten the kingdom?",Nintendo EPD Production Group No. 3,Nintendo,https://images.igdb.com/igdb/image/upload/t_original/co5vmg.png,https://images.igdb.com/igdb/image/upload/t_original/scaoj6.png,2023-05-12T07:00:00.000Z,2023,Switch,Switch,,Completed,4,1,100,-1,0,10,95,85.0,0.0,2023-05-12T04:09:13.793Z,2023-06-15T22:19:00.000Z,2023-05-11T16:10:25.327Z,,,false,59.12,116.57638888888889,247.93916666666667,1,-1,⚔️ RPG|🌍 Adventure
CC482BED-A82D-414D-923E-D3E2E520A6A3,119402,Q116404335,The Witcher 3: Wild Hunt - Complete Edition,"The Witcher 3: Wild Hunt is a story-driven, open world adventure set in a dark fantasy universe.
You are Geralt of Rivia, mercenary monster slayer. At your disposal is every tool of the trade: razor-sharp swords, lethal mixtures, stealthy crossbows, and powerful combat magic. Before you stands a war-torn, monster-infested continent you can explore at will. Your current contract? Tracking down the Child of Prophecy, a living weapon that can alter the shape of the world.

The Complete Edition contains every piece of downloadable content released for the game, including two massive story expansions: Hearts of
Stone & Blood and Wine. It's the perfect opportunity to enter this world for the first time or relive the adventure - on the go!",CD Projekt RED,CD Projekt RED,https://images.igdb.com/igdb/image/upload/t_original/co1wyz.png,https://images.igdb.com/igdb/image/upload/t_screenshot_huge/sc6ls0.png,2016-08-29T00:00:00.000Z,2016,XONE|PS4|PC|PS5|Series X|Switch,PC,Series X|PS5|Switch,Completed,4,1,70,-1,0,9,87,38.0,0.0,2020-09-30T02:24:08.000Z,2022-01-11T01:17:18.833Z,,,,false,55.680277777777775,126.39833333333333,191.1075,0,-1,⚔️ RPG|🌍 Adventure
EA1AFDF1-BBE0-46DD-8177-60B6FD70C7B8,121752,Q96035161,Ghostrunner,"Ascend humanity’s last remaining shelter, a great tower-city. The tower is torn by violence, poverty and chaos. Conquer your enemies, discover the secrets of the superstructure and your own origin and obtain the power to challenge The Keymaster.",One More Level,All In! Games,https://images.igdb.com/igdb/image/upload/t_original/co2nbk.png,https://images.igdb.com/igdb/image/upload/t_original/sc6wcj.png,2020-10-27T00:00:00.000Z,2020,PC|PS4|PS5|XONE|Series X|Switch,PC,,Abandoned,5,0,0,-1,0,0,82,0.11666666666666667,0.0,2020-12-23T06:36:44.000Z,2021-01-01T06:36:39.000Z,,,,false,6.8052777777777775,8.675,12.390833333333333,0,-1,🔫 Shooter|🎮 Platformer|🌍 Adventure
EA1F0483-512A-47C5-B504-685E3A092B82,122095,,Marvel's Spider-Man: Game of the Year Edition,"Experience the Game of the Year Edition of Marvel’s Spider-Man, which includes the full game, plus Marvel’s Spider-Man: The City That Never Sleeps complete DLC story arc content.

This isn’t the Spider-Man you’ve met or ever seen before. This is an experienced Peter Parker who’s more masterful at fighting big crime in New York City. At the same time, he’s struggling to balance his chaotic personal life and career while the fate of Marvel’s New York rest upon his shoulders.",Insomniac Games,Sony Interactive Entertainment,https://images.igdb.com/igdb/image/upload/t_original/co1pxp.png,https://images.igdb.com/igdb/image/upload/t_original/sc8iwk.png,2019-08-28T07:00:00.000Z,2019,PS4,PS4,,Completed,4,3,1,-1,0,9,0,23.316666666666666,0.0,2018-11-21T02:01:11.000Z,2020-11-24T01:56:22.000Z,2018-11-21T02:01:11.000Z,,,false,17.914166666666667,29.238055555555555,44.7875,0,-1,⚔️ RPG|🌍 Adventure
EE1430C9-391C-4EC7-A870-8FF39AA28156,122108,Q66969026,Resident Evil Resistance,Capcom's Resident Evil: Resistance is a new 1 vs. 4 asymmetric online survival horror experience set in the world of Resident Evil. Unleash your inner evil as a cunning Mastermind or join the fight as one of the resourceful Survivors desperately trying to escape every obstacle the Mastermind puts in their way!,Capcom Development Division 1,Capcom,https://images.igdb.com/igdb/image/upload/t_original/co22d8.png,https://images.igdb.com/igdb/image/upload/t_original/sc7z9b.png,2020-04-03T07:00:00.000Z,2020,PC|XONE|PS4,PC,,Abandoned,5,0,0,-1,0,0,64,0.0,0.0,2022-06-16T19:22:16.000Z,,2022-06-16T19:22:16.000Z,,,false,0.9333333333333333,34.42916666666667,36.005,0,2,
48CD9ED5-24B5-4898-862A-BF36DC60AA6A,122559,Q75192959,Mini Motorways,"Mini Motorways is a strategy simulation game about designing the road map for a growing city. Build a traffic network, one road at a time, to create a bustling metropolis. Redesign your roads and place your motorways to get everyone where they need to go. How long can you keep the city moving?",Dinosaur Polo Club,Dinosaur Polo Club,https://images.igdb.com/igdb/image/upload/t_original/co2p9v.png,https://images.igdb.com/igdb/image/upload/t_original/sc7c84.png,2021-07-20T00:00:00.000Z,2021,PC|iOS|Mac|Switch,PC,,Completed,4,1,0,-1,0,9,85,0.0,0.0,2021-07-31T17:31:35.000Z,2021-07-31T17:31:32.000Z,,,,false,5.719166666666666,9.761666666666667,24.83111111111111,0,-1,🧩 Puzzle|✈️ Simulator|💭 Strategy|😎 Indie
043F8F55-0363-4838-86C6-9DD887BFA2B0,122565,Q118399270,Humanity,"A unique blend of puzzle-solving and action-platforming. Play a lone Shiba Inu charged with commanding massive, marching crowds to the goal in Story Mode, or browse a wide array of user-made levels crafted via the in-game Stage Creator!",tha ltd.,Enhance,https://images.igdb.com/igdb/image/upload/t_original/co66z7.png,https://images.igdb.com/igdb/image/upload/t_original/sclh6t.png,2023-05-15T07:00:00.000Z,2023,PC|PS4|PS5|Meta Quest 2|Meta Quest 3|PSVR|Series X|S|PSVR2|XONE,PS5,,Completed,4,3,100,-1,0,9,85,17.483333333333334,0.0,2023-05-16T16:02:41.614Z,2023-05-29T20:58:51.091Z,2023-05-16T16:02:34.701Z,,,false,11.777222222222223,16.160555555555554,17.68027777777778,2,3,
7C24A794-A614-4830-9D6A-66739B6B4BF4,123051,Q105985887,Shadow of the Tomb Raider: Definitive Edition,"In Shadow of the Tomb Raider Definitive Edition experience the final chapter of Lara’s origin as she is forged into the Tomb Raider she is destined to be. Combining the base game, all seven DLC challenge tombs, as well as all downloadable weapons, outfits, and skills, Shadow of the Tomb Raider Definitive Edition is the ultimate way to experience Lara’s defining moment.

Survive and Thrive In the Deadliest Place on Earth: Master an unforgiving jungle setting in order to survive. Explore underwater environments filled with crevasses and deep tunnel systems.

Become One With the Jungle: Outgunned and outnumbered, Lara must use the jungle to her advantage. Strike suddenly and disappear like a jaguar, use mud as camouflage, and instill fear in enemies to sow chaos.

Discover Dark and Brutal Tombs: Tombs are more terrifying than ever before, requiring advanced traversal techniques to reach them, and once inside they are filled with deadly puzzles.

Uncover Living History: Discover a hidden city and explore the biggest hub space ever found in a Tomb Raider game.",Crystal Dynamics,Square Enix,https://images.igdb.com/igdb/image/upload/t_original/co1t7w.png,https://images.igdb.com/igdb/image/upload/t_original/sc8jxv.png,2019-11-19T10:00:00.000Z,2019,PS4|Mac|XONE|Stadia|PC|Linux,PS4,,Completed,4,3,0,-1,0,8,-1,0.0,0.0,2020-09-17T00:16:37.000Z,2021-08-07T00:16:35.000Z,2020-09-17T00:16:37.000Z,,,false,13.03111111111111,27.921388888888888,41.749722222222225,0,-1,🔫 Shooter|🌍 Adventure
36117E0D-9B92-46AA-BBEB-0262FB959377,127342,Q78418853,Senua's Saga: Hellblade II,"The sequel to the award winning Hellblade: Senua’s Sacrifice, Senua returns in a brutal journey of survival through the myth and torment of Viking Iceland. Intent on saving those who have fallen victim to the horrors of tyranny, Senua faces a battle of overcoming the darkness within and without.",Ninja Theory,Xbox Game Studios,https://images.igdb.com/igdb/image/upload/t_original/co81i4.png,https://images.igdb.com/igdb/image/upload/t_original/ar2cjv.png,2024-05-21T07:00:00.000Z,2024,PC|Series X|S,PC,Series X|S,Abandoned,5,0,11,-1,0,4,81,0.0,0.0,2024-07-29T23:42:33.136Z,2024-07-30T00:44:50.518Z,2024-07-29T23:42:33.136Z,,,false,7.066111111111111,7.923055555555556,9.053888888888888,0,0,🌍 Adventure
539C5A02-42AE-4CA7-BDC9-7529F5EB7674,127350,Q106913661,Weird West,"Discover a dark fantasy reimagining of the Wild West where lawmen and gunslingers share the frontier with fantastical creatures. Journey through the origin stories of a group of atypical heroes, written into legend by the decisions you make in an unforgiving land. Each journey is unique and tailored to the actions taken - a series of high stakes stories where everything counts and the world reacts to the choices you make. Form a posse or venture forth alone into an otherworldly confines of the Weird West and make each legend your own.",WolfEye Studios,Devolver Digital,https://images.igdb.com/igdb/image/upload/t_original/co4no1.png,https://images.igdb.com/igdb/image/upload/t_original/sc7fv9.png,2022-03-31T00:00:00.000Z,2022,XONE|PC|PS4|Series X,XONE,,Abandoned,5,0,1,-1,0,0,67,0.0,0.0,2022-03-31T00:00:00.000Z,2022-03-31T00:00:00.000Z,,,,false,17.780277777777776,24.4275,36.333888888888886,0,-1,⚔️ RPG|✈️ Simulator|🌍 Adventure|😎 Indie
0F0E8825-7605-4B90-8953-8F3D3B715DE6,127697,Q122825758,Tainted Grail: The Fall of Avalon,"Tainted Grail: The Fall of Avalon is an open-world RPG full of complex quests in which your decisions matter and your choices are respected. A vast world full of monsters, fallen heroes, and exciting places to discover.",Awaken Realms,Awaken Realms,https://images.igdb.com/igdb/image/upload/t_original/co65pk.png,https://images.igdb.com/igdb/image/upload/t_original/scizof.png,2025-05-23T07:00:00.000Z,2025,Series X|S|PC|PS5,PC,,Abandoned,5,0,0,-1,0,0,76,0.6833333333333333,0.0,2025-07-29T23:13:30.106Z,2025-07-29T23:14:51.531Z,,,,false,28.120277777777776,53.85027777777778,62.24777777777778,0,3,
533A1DD7-5D1C-4E77-BC06-0178777C1A6D,131999,Q106645039,NieR Replicant ver.1.22474487139...,"NieR Replicant ver.1.22474487139... is an updated version of NieR Replicant, previously only released in Japan. Discover the one-of-a-kind prequel to the critically-acclaimed masterpiece NieR: Automata. Now with a modern upgrade, experience masterfully revived visuals, a fascinating storyline and more!",Toylogic,Square Enix,https://images.igdb.com/igdb/image/upload/t_original/co2h4f.png,https://images.igdb.com/igdb/image/upload/t_screenshot_huge/sc82p1.png,2021-04-24T00:00:00.000Z,2021,PC|XONE|PS4,PC,,Completed,4,1,60,-1,0,6,82,11.933333333333334,0.0,2021-08-09T05:08:00.000Z,2022-07-26T00:10:54.227Z,,,,false,19.567222222222224,40.59583333333333,68.38833333333334,0,-1,⚔️ RPG|🌍 Adventure
ACF6EB56-B961-4713-9811-D7E2D8153FDD,132050,Q96991833,Mortal Shell,"Mortal Shell is a ruthless and deep action-RPG that tests your sanity and resilience in a shattered world. Your adversaries spare no mercy, with survival demanding superior awareness, precision and instincts. Possess lost warriors, track down hidden sanctums of the devout, and face formidable foes. 
 
""Awakening as an empty vessel, you will enter into a shattered and twisted world where the remains of humanity wither and rot. Implored to do the bidding of the mysterious “Dark Father”, you must traverse this tattered landscape and track down hidden sanctums of devout followers. There, in Mortal Shell’s most hallowed grounds, you must overcome formidable foes and harvest the sacred glands. You won’t be truly alone when the dead litter your path: Scattered across this land are the remnant anima of lost warriors who can be inhabited to gain their unique abilities and knowledge of weapons. The Dark Father is desperate for you to complete your task — but to what end? 
 
Discover “Shells” to Suit Your Playstyle - The lost remains of defeated warriors are yours to unearth. Awaken these Mortal Shells, occupy their bodies and significantly widen your understanding of different forms of combat. Inhabit a Shell that best fits your style and utilizes their own unique mastery of skills and weapon 
upgrades. 
 
Iron Sharpens Iron - Combat is strategic and deliberate. Survival demands superior awareness, precision and instincts. You must commit your sword only when an opportunity opens. Calculate your parries to unleash devastating counterblows. 
 
Non-linear Campaign - Draw your own path across marsh-infested lowlands, through a gargantuan cathedral of obsidian rock, and into an ancient crypt frozen into the crest of a mountain. 
 
Deep Upgrade Paths - The stronger your connection to each Mortal Shell grows, the better you can harness their innate talents. Craft unique upgrades, sharpen your blade with acid, and study dark arcane abilities that imbue your attacks with supernatural devastation. 
 
Face Haunting Foes - Your path is guarded by desperate adversaries, devoted to inscrutable gods. Behold creatures both pitiable and grotesque, but do not let fear halt your journey. Muster your courage and face them down. 
 
Developed by AAA Veterans - Mortal Shell has been developed by a coalition of seasoned veterans with an unbridled passion for the soulslike genre.""",Cold Symmetry,Playstack,https://images.igdb.com/igdb/image/upload/t_original/co227z.png,https://images.igdb.com/igdb/image/upload/t_original/sc82wu.png,2020-08-18T00:00:00.000Z,2020,Series X|PC|PS4|XONE,PS4,,Abandoned,5,0,0,-1,0,0,75,0.0,0.0,2021-06-23T23:46:57.000Z,2021-06-23T23:46:41.000Z,,,,false,10.520555555555555,13.466666666666667,19.57111111111111,0,3,⚔️ RPG|😎 Indie
7747A754-FA9B-4F0A-BCCB-B517114F88CA,132097,Q89684568,Saints Row: The Third Remastered,"Saints Row: The Third Remastered gives you control of the Saints at the height of their power, and you live the life to show for it. This is your City. These are your rules.
Remastered with enhanced graphics, Steelport the original city of sin, has never looked so good as it drowns in sex, drugs and guns.
Years after taking Stilwater for their own, the Third Street Saints have evolved from street gang to household brand name, with Saints sneakers, Saints energy drinks and Johnny Gat bobblehead dolls all available at a store near you. The Saints are kings of Stilwater, but their celebrity status has not gone unnoticed. The Syndicate, a legendary criminal fraternity with pawns in play all over the globe, has turned its eye on the Saints and demands tribute.
Refusing to kneel to the Syndicate, you take the fight to Steelport, a once-proud metropolis reduced to a struggling city of sin under Syndicate control. Take a tank skydiving, call in a satellite-targeted airstrike on a Mexican wrestling gang, and fight against a highly-trained military force by your lonesome in the most outlandish gameplay scenarios ever seen.
Weapons of Crass Destruction – It’s one thing to defeat your enemies. It’s another to humiliate them. Hover jets, human cannonball cars and outrageous melee weapons are all part of the fun.
Crazy Character Customisation – Create the most outlandish characters ever seen, from washed-up celebrities to maskless ninja pirates. Inside every sinner, there is a Saint. Who will you become?
Over The Top Co-op – Fly solo or play online with a homie. Give freefall skydiving a try, landing in your partner’s flaming pickup as you make a desperate run toward a heavily armed Syndicate base. Steelport is always more fun with a friend.
All DLC included – All three expansion mission packs and 30 pieces of DLC from the original version.",Volition,Deep Silver,https://images.igdb.com/igdb/image/upload/t_original/co22r7.png,https://images.igdb.com/igdb/image/upload/t_original/sc8795.png,2020-05-22T07:00:00.000Z,2020,Series X|XONE|PC|PS5|PS4,PC,,Abandoned,5,0,0,-1,0,0,74,0.0,0.0,,,,,,false,13.289166666666667,22.103055555555557,37.10527777777778,0,1,
7B351B51-3E8D-4FF5-A946-C0D12BE78050,132164,Q90832976,Crysis Remastered,"With its 2007 release, Crysis set the industry standard for first person shooters with stunning visuals, highly evolved gameplay, and an enormous sandbox world. Crysis Remastered adds new graphic features, high-quality textures, and the CRYENGINE's native hardware- and API-agnostic ray tracing solution to update the game for a new generation of hardware.",Crytek,Crytek,https://images.igdb.com/igdb/image/upload/t_original/co2on5.png,https://images.igdb.com/igdb/image/upload/t_original/sc8l2r.png,2020-09-18T07:00:00.000Z,2020,PS4|Switch|XONE|PC,PC,,Abandoned,5,0,0,-1,0,0,65,0.0,0.0,,,,,,false,9.9175,12.001666666666667,12.523888888888889,0,2,🔫 Shooter|🌍 Adventure
64AD67F9-FBE8-4641-A4A2-7E21F29D5AA1,132205,Q91441450,F1 2020,"F1 2020 allows you to create your F1 team for the very first time and race alongside the official teams and drivers. Alternatively, challenge your friends in new split-screen with casual race options for more relaxed racing. Compete on 22 circuits, with current and classic content.",Codemasters,Codemasters,https://images.igdb.com/igdb/image/upload/t_original/co2kts.png,https://images.igdb.com/igdb/image/upload/t_original/sc8dka.png,2020-07-10T00:00:00.000Z,2020,PS4|Stadia|XONE|PC,PC,,Abandoned,5,0,0,-1,0,0,89,1.05,0.0,2020-09-21T00:15:38.000Z,2020-09-21T00:15:35.000Z,,,,false,32.21138888888889,43.218333333333334,107.51444444444445,0,3,🏁 Racing|✈️ Simulator|⚽️ Sport
940F048D-2F49-4A78-8400-79604C8BB916,132516,Q99990957,Phasmophobia,"Phasmophobia is a 4 player online co-op psychological horror where you and your team members of paranormal investigators will enter haunted locations filled with paranormal activity and gather as much evidence of the paranormal as you can. You will use your ghost hunting equipment to search for and record evidence of whatever ghost is haunting the location to sell onto a ghost removal team.

You can choose to support your team by monitoring the location with CCTV cameras and motion sensors from the safety of the truck or head inside and get your hands dirty with the ghostly activity that will get increasingly hostile as time goes on.",Kinetic Games,Kinetic Games,https://images.igdb.com/igdb/image/upload/t_original/co2hby.png,https://images.igdb.com/igdb/image/upload/t_original/sc8mal.png,2020-09-18T00:00:00.000Z,2020,Series X|S|PSVR2|PS5|PC|Steam VR|Windows Mixed Reality|Oculus Rift,PC,,Abandoned,5,0,0,-1,0,0,75,0.0,0.0,2020-12-17T16:48:29.000Z,2020-09-17T15:17:10.000Z,2020-12-17T16:48:29.000Z,,,false,19.98361111111111,37.30166666666667,106.80916666666667,0,3,🧩 Puzzle|🤔 Tactical|😎 Indie
C6E0BD59-5583-4CE0-833B-25EE3CD7D280,133004,Q92464687,Assassin's Creed Valhalla,"In Assassin's Creed Valhalla, become Eivor, a legendary Viking raider on a quest for glory. Explore a dynamic and beautiful open world set against the brutal backdrop of England’s Dark Ages. Raid your enemies, grow your settlement, and build your political power in the quest to earn a place among the gods in Valhalla.",Ubisoft Montreal,Ubisoft Entertainment,https://images.igdb.com/igdb/image/upload/t_original/co2ed3.png,https://images.igdb.com/igdb/image/upload/t_screenshot_huge/sc8gf9.png,2020-11-12T00:00:00.000Z,2020,PS5|Series X|PC|PS4|Stadia|XONE,PS5,PC|PS5|Stadia,Completed,4,1,75,-1,0,8,85,0.3,0.0,2021-01-31T00:15:33.000Z,2022-02-05T04:12:50.000Z,2021-01-31T00:15:33.000Z,,,false,60.80722222222222,96.46416666666667,143.65194444444444,1,2,🌍 Adventure
785251FC-E944-47DA-BB67-3CE375FB19D2,133227,Q111420821,Patrick's Parabox,A mind-bending recursive puzzle game about boxes within boxes within boxes within boxes. Learn to use infinity to your advantage as you explore a deep and elegant system.,Patrick Traynor,Patrick Traynor,https://images.igdb.com/igdb/image/upload/t_original/co2obc.png,https://images.igdb.com/igdb/image/upload/t_original/sc8tzc.png,2022-03-29T00:00:00.000Z,2022,PC|Mac|Linux,PC,,Abandoned,5,0,0,-1,0,0,87,0.0,0.0,2022-04-06T17:40:28.000Z,2022-04-06T17:40:25.000Z,,,,false,6.466666666666667,8.205,14.866111111111111,0,-1,🧩 Puzzle|💭 Strategy|😎 Indie
8FF12B77-8E6F-4957-8EAE-12C2CEFD1BD0,133301,Q93641348,DIRT 5,"DIRT 5 is the bold new off-road racing experience created by Codemasters. Blaze a trail across the most iconic routes in the world. Drive the widest roster of cars from rally icons, to trucks, to GT heroes and lots more. Play through a star-studded Career, four-player split-screen, innovative online modes, livery editor and more new features, DIRT 5 is the next generation of extreme racing.",Codemasters Cheshire,Codemasters,https://images.igdb.com/igdb/image/upload/t_original/co2e5b.png,https://images.igdb.com/igdb/image/upload/t_original/sc8g30.png,2020-11-12T00:00:00.000Z,2020,PC|PS4|Series X|XONE|PS5|Stadia,PS5,,Completed,4,1,0,-1,0,6,80,0.0,0.0,2020-10-23T19:28:53.000Z,2020-12-01T20:27:01.000Z,,,,false,8.363611111111112,14.305277777777778,21.9375,0,-1,🏁 Racing|⚽️ Sport|🌍 Adventure
ADD7A738-3BAE-483A-8583-A0A2B767022F,133302,Q93721073,Scarlet Nexus,"In a far distant future, a psionic hormone was discovered in the human brain, granting people extra-sensory powers and changing the world as we know it.

Just as humanity was entering this new era, deranged mutants known as Others began to descend from the sky with a thirst for human brains. Highly resistant to conventional attack methods, extreme measures needed to be taken to battle the overwhelming threat and preserve humanity.

Those with acute extra-sensory abilities, known as psionics, were our chance to fight the onslaught from above. To this day, psionics have been scouted for their talents and recruited to the Other Suppression Force (OSF), humanity’s last line of defense.

Take on the role of Yuito Sumeragi, a new recruit to the OSF aiming to become an elite psionic like the one who saved him as a child. Armed with a talent in psycho-kinesis, explore the futuristic city of New Himuka and uncover the mysteries of a Brain Punk future caught between technology and psychic abilities in SCARLET NEXUS.",Bandai Namco Studios,Bandai Namco Entertainment,https://images.igdb.com/igdb/image/upload/t_original/co3b6l.png,https://images.igdb.com/igdb/image/upload/t_original/sc87y1.png,2021-06-25T07:00:00.000Z,2021,PS5|Series X|S|PC|PS4|XONE,PC,,Abandoned,5,0,0,-1,0,0,79,0.0,0.0,2021-06-24T15:41:04.000Z,2021-06-24T15:17:16.000Z,2021-06-24T15:41:04.000Z,,,false,25.18638888888889,35.636944444444445,60.7975,0,3,⚔️ RPG|🌍 Adventure
B1AF1540-CF8B-4665-B6D2-ACB0060370F7,133306,Q93722551,Call of the Sea,"Call of the Sea is a first-person adventure puzzle game set in the 1930's that tells the story of Norah, a woman on the trail of her missing husband's expedition. The search takes place on a strange but beautiful island in the South Pacific, filled with secrets waiting to be unearthed. It’s an otherworldly tale of mystery, adventure, and self-discovery.",Out of the Blue Games,Raw Fury,https://images.igdb.com/igdb/image/upload/t_original/co2ir4.png,https://images.igdb.com/igdb/image/upload/t_original/sc8g7b.png,2020-12-08T08:00:00.000Z,2020,XONE|Series X|S|Switch|PS4|PS5|PC,XONE,,Abandoned,5,0,0,-1,0,0,76,0.21666666666666667,0.0,,,2020-12-08T00:00:00.000Z,,,false,5.629166666666666,6.221388888888889,7.366944444444444,0,3,🧩 Puzzle|🌍 Adventure|😎 Indie
B48CDF8D-D0CD-463A-9179-9C1D551C7DFB,133307,Q93777745,The Ascent,"The Ascent is a solo and co-op action RPG set in a cyberpunk world. The mega corporation that owns you and everyone, The Ascent Group, has just collapsed. Confusion and chaos ensue, security and order are in disarray, and without protection, everyone is left to fend for themselves. Stop gangs and hostile corporations from taking over and discover what really happened.",Neon Giant,Curve Digital,https://images.igdb.com/igdb/image/upload/t_original/co25o1.png,https://images.igdb.com/igdb/image/upload/t_original/sc8ggu.png,2021-07-29T00:00:00.000Z,2021,PS4|Series X|XONE|PS5|PC,PC,,Abandoned,5,0,0,-1,0,0,71,0.0,0.0,2021-07-28T15:44:14.000Z,2021-07-28T15:17:10.000Z,,,,false,11.984166666666667,17.898333333333333,25.645,0,-1,🔫 Shooter|⚔️ RPG|🌍 Adventure|😎 Indie
BEAD6D5C-0EAC-4E8C-977B-9196801A982C,133887,Q94587084,Tony Hawk's Pro Skater 1+2,"Play the fully-remastered Tony Hawk's Pro Skater & Tony Hawk's Pro Skater 2 games in one epic collection, rebuilt from the ground up in incredible HD. All the pro skaters, levels and tricks are back and fully-remastered.",Vicarious Visions,Activision,https://images.igdb.com/igdb/image/upload/t_original/co25u7.png,https://images.igdb.com/igdb/image/upload/t_original/sc8aj0.png,2021-03-26T00:00:00.000Z,2021,XONE|Series X|PC|PS5|Switch|PS4,PS5,,Abandoned,5,0,0,-1,0,0,88,0.0,0.0,2020-07-31T00:34:35.000Z,2020-07-31T00:34:33.000Z,,,,false,0.0,0.0,0.0,0,-1,✈️ Simulator|⚽️ Sport
32BD31DD-27A4-41B3-A906-47FF67354B3F,134070,Q94628102,Mafia: Definitive Edition,"Re-made from the ground up, rise through the ranks of the Mafia during the Prohibition era of organized crime. After a run-in with the mob, cab driver Tommy Angelo is thrust into a deadly underworld. Initially uneasy about falling in with the Salieri crime family, Tommy soon finds that the rewards are too big to ignore.",Hangar 13,2K Games,https://images.igdb.com/igdb/image/upload/t_original/co26vl.png,https://images.igdb.com/igdb/image/upload/t_screenshot_huge/sc88v7.png,2020-09-25T00:00:00.000Z,2020,PS4|PC|XONE,PS4,,Completed,4,3,50,-1,0,6,74,0.0,0.0,2020-09-28T04:22:38.000Z,2020-11-07T02:18:00.742Z,,,,false,10.609722222222222,12.808055555555555,25.380555555555556,0,-1,🔫 Shooter|🌍 Adventure
ED5EBFFE-218B-4788-B76E-C2CC930B5C61,134101,Q96416457,FIFA 21,"Football is back with EA Sports FIFA 21, featuring more ways to team up on the street or in the stadium to enjoy even bigger victories with friends. Play the world's game with 17,000+ players, over 700 teams in 90+ stadiums, and more than 30 leagues from all over the globe.",EA Vancouver,EA Sports,https://images.igdb.com/igdb/image/upload/t_original/co3wm2.png,https://images.igdb.com/igdb/image/upload/t_original/sc8fu0.png,2020-10-08T00:00:00.000Z,2020,XONE|PS5|PC|PS4|Series X|Stadia,PC,,Abandoned,5,0,0,-1,0,0,72,0.0,0.0,2020-10-09T00:00:00.000Z,2020-10-09T00:00:00.000Z,,,,false,58.76888888888889,112.63972222222222,290.5438888888889,0,-1,✈️ Simulator|⚽️ Sport
16D3EAA5-5270-456E-B40D-11B66EEAA489,134161,Q95612551,Sherlock Holmes: Chapter One,"In this story-driven detective thriller, a young Sherlock Holmes struggles to prove himself as he navigates an exotic, dangerous island in the Mediterranean to investigate the mystery of his mother’s death.

As Sherlock, your legacy is written by the decisions you make in this open world. Deception, violence, and deduction are just a few resources in your arsenal—your mysterious companion and sounding board, Jon, is another.

Whether you choose brute force to solve problems or stay one step ahead of your enemies by using your wits to spot vulnerabilities, you decide what each situation demands as you hone your investigative skills. It’s time to confront your past so you can become the legend you’re destined to be.",Frogwares,Frogwares,https://images.igdb.com/igdb/image/upload/t_original/co48pg.png,https://images.igdb.com/igdb/image/upload/t_screenshot_huge/scbucr.png,2021-11-16T00:00:00.000Z,2021,PS5|Series X|PS4|XONE|PC,Series X,PS5|PC,Completed,4,1,65,-1,0,6,76,0.5,0.0,2021-12-26T03:02:14.000Z,2022-06-11T00:17:07.041Z,,,,false,12.631666666666666,20.898888888888887,27.263333333333332,0,1,🧩 Puzzle|🌍 Adventure
738F44CC-5479-4758-958F-A40F2DD149DF,134324,Q111983059,Tchia,"A tropical open-world adventure. Climb, glide, swim, and sail your boat around a beautiful archipelago in this physics-driven sandbox. Use Tchia's special ability to take control of any animal or object you can find, and Jam on your fully playable Ukulele. A game inspired by New Caledonia.",Awaceb,Kepler Interactive,https://images.igdb.com/igdb/image/upload/t_original/co62l2.png,https://images.igdb.com/igdb/image/upload/t_original/sc8v40.png,2023-03-21T07:00:00.000Z,2023,PS4|PS5|PC,PS5,,Abandoned,5,0,0,-1,0,4,77,0.9166666666666666,0.0,2023-03-22T00:04:31.570Z,2023-03-25T21:54:05.880Z,2023-03-22T00:04:31.570Z,,,false,7.228611111111111,12.78888888888889,22.443055555555556,0,0,🌍 Adventure|😎 Indie
62EE191D-AB49-4B2D-A5F6-298AFDC1711D,134582,Q96217480,Ratchet & Clank: Rift Apart,"Go dimension-hopping with Ratchet and Clank as they take on an evil emperor from another reality. Jump between action-packed worlds and beyond at mind-blowing speeds, complete with dazzling visuals and an insane arsenal.",Insomniac Games,Sony Interactive Entertainment,https://images.igdb.com/igdb/image/upload/t_original/co2str.png,https://images.igdb.com/igdb/image/upload/t_screenshot_huge/sc8bit.png,2021-06-11T10:00:00.000Z,2021,PC|PS5,PS5,,Completed,4,3,75,-1,0,6,88,0.0,0.0,2021-06-07T16:46:27.552Z,2021-06-20T01:17:06.374Z,2021-06-07T16:46:27.552Z,,,false,11.064444444444444,14.272777777777778,18.061944444444446,0,3,🌍 Adventure
DD9092DE-BEF6-4B1C-A489-3FAC278DF5C8,134584,Q96240947,Returnal,"Returnal is a 2021 roguelike third-person shooter video game developed by Housemarque and published by Sony Interactive Entertainment.

It follows Selene Vassos, an astronaut who lands on the planet Atropos in search of the mysterious ""White Shadow"" signal and finds herself trapped in a time loop.

After crash-landing on a shape-shifting alien planet, Selene finds herself fighting tooth and nail for survival. Every time she’s defeated, the player is forced to restart the journey.",Housemarque,Sony Interactive Entertainment,https://images.igdb.com/igdb/image/upload/t_cover_big/co2jfc.png,https://images.igdb.com/igdb/image/upload/t_screenshot_huge/sc8bj6.png,2021-04-30T07:00:00.000Z,2021,PC|PS5,PS5,PC,Completed,4,3,100,-1,0,10,85,36.233333333333334,0.0,2023-03-03T05:23:00.000Z,2023-04-14T04:23:20.620Z,2021-04-29T15:27:37.649Z,,,false,19.025277777777777,30.621388888888887,64.12,1,1,🔫 Shooter
46DADC68-CCEB-4EC5-BE76-756FD28844F3,134595,Q96216496,Hitman 3,"Hitman 3 is the dramatic conclusion to the World of Assassination trilogy. Become Agent 47, a legendary assassin and use creativity and improvisation to execute the most ingenious and spectacular eliminations, in sprawling sandbox locations all around the globe.",IO Interactive,IO Interactive,https://images.igdb.com/igdb/image/upload/t_original/co29lt.png,https://images.igdb.com/igdb/image/upload/t_screenshot_huge/sc8bi7.png,2021-01-20T10:00:00.000Z,2021,PS4|PlayStation VR|PS5|Stadia|Series X|PC|XONE,PS5,,Completed,4,3,48,-1,0,10,85,0.13333333333333333,0.0,2021-02-04T00:02:43.000Z,2022-07-27T02:53:29.000Z,2021-02-04T00:02:43.000Z,,,false,8.153055555555556,20.39666666666667,51.704166666666666,1,3,🔫 Shooter|🤔 Tactical|🌍 Adventure
FEBA8940-664F-469C-A904-4B8F39D0AC68,134597,Q96240949,Astro’s Playroom,"Astro and his crew lead you on a magical introduction through PS5 in this fun platformer that comes pre-loaded on PS5. Explore four worlds, each based on PS5’s console components. Each area showcases innovative gameplay that taps into the new features of the PS5's DualSense wireless controller.",SIE Japan Studio,Sony Interactive Entertainment,https://images.igdb.com/igdb/image/upload/t_cover_big/co2gw7.png,https://images.igdb.com/igdb/image/upload/t_screenshot_huge/sc8bkl.png,2020-11-12T00:00:00.000Z,2020,PS5,PS5,,Completed,4,3,41,-1,0,6,81,3.9,0.0,2020-11-12T21:06:17.305Z,2020-11-17T04:25:06.338Z,,,,false,2.957222222222222,3.9925,5.182777777777778,0,-1,🎮 Platformer
A99FD745-9A80-48BF-B571-8039A2D7228C,134606,Q96227146,Demon's Souls,"Entirely rebuilt from the ground up and masterfully enhanced, Demon's Souls is a remake of the 2009 release that introduces the horrors of a fog-laden, dark fantasy land to a whole new generation of gamers. Those who’ve faced its trials and tribulations before, can once again challenge the darkness in stunning visual quality with incredible performance. The remake features improved graphics and animations, sound and lighting tweaks and a reimagining of many of the visual, musical and mechanical aspects of the original game.",Bluepoint Games,Sony Interactive Entertainment,https://images.igdb.com/igdb/image/upload/t_original/co2kj9.png,https://images.igdb.com/igdb/image/upload/t_screenshot_huge/sc8bl5.png,2020-11-12T08:00:00.000Z,2020,PS5,PS5,,Completed,4,3,100,-1,0,10,92,88.16666666666667,0.0,2020-11-12T21:36:26.000Z,2021-04-02T23:03:29.850Z,2020-11-12T21:36:26.000Z,,,false,23.99861111111111,32.64555555555555,59.76,2,-1,⚔️ RPG|👊 Beat 'em up
4E7F7490-31A5-476F-A626-B429078551E9,134612,Q96240015,Pragmata,Pragmata is a science fiction action-adventure game set in a near-future environment. The story follows Hugh and his android companion Diana as they navigate a lunar research station. Gameplay incorporates action elements alongside mechanics involving interaction with systems within the environment.,Capcom,Capcom,https://images.igdb.com/igdb/image/upload/t_original/co9wwv.png,https://images.igdb.com/igdb/image/upload/t_screenshot_huge/sc8bhe.png,2026-04-17T07:00:00.000Z,2026,PC|PS5|Switch 2|Series X|S,PC,,Completed,4,3,100,-1,0,8,86,10.85,0.0,2026-04-17T04:13:24.578Z,2026-05-13T22:55:28.420Z,,,,false,11.585277777777778,16.017222222222223,24.745,0,3,🌍 Adventure
73C3549D-258C-4482-8B9B-42B99B301E6B,135243,Q105038239,It Takes Two,"Embark on the craziest journey of your life in It Takes Two, a genre-bending platform adventure created purely for co-op. Invite a friend to join for free with Friend’s Pass and work together across a huge variety of gleefully disruptive gameplay challenges. Play as the clashing couple Cody and May, two humans turned into dolls by a magic spell. Together, trapped in a fantastical world where the unpredictable hides around every corner, they are reluctantly challenged with saving their fractured relationship.",Hazelight Studios,Electronic Arts,https://images.igdb.com/igdb/image/upload/t_original/co2t97.png,https://images.igdb.com/igdb/image/upload/t_screenshot_huge/sc8cg4.png,2021-03-26T10:00:00.000Z,2021,Switch|PC|PS5|Series X|XONE|PS4,PS5,,Completed,4,3,100,-1,0,9,87,0.0,0.0,2021-03-25T19:44:49.928Z,2021-04-09T05:54:14.929Z,2021-03-25T19:44:49.928Z,,,false,12.4125,13.814722222222223,15.735833333333334,0,2,🎮 Platformer|🌍 Adventure
9F195BC4-2FA2-4692-9CC4-6D27012DA318,135254,Q96574138,Crash Bandicoot 4: It's About Time,"The devious villains Neo Cortex and Dr. N. Tropy have finally escaped their interdimensional prison, leaving an evil scientist sized hole in the universe. Now they’ve got their eyes set on not only simply conquering this dimension, but ALL dimensions, and it’s up to Crash and Coco to save the day. N. Sanity Beach is where Crash’s adventure first started, and where it begins in Crash 4. But there have definitely been changes since players first saw N. Sanity Beach all those years ago, and throughout Crash 4 you’ll notice changes to gameplay and even the art style.",Toys for Bob,Activision,https://images.igdb.com/igdb/image/upload/t_cover_big/co2hp4.png,https://images.igdb.com/igdb/image/upload/t_screenshot_huge/sc8cpf.png,2021-03-12T00:00:00.000Z,2021,Series X|Switch|PS4|XONE|PC|PS5,Switch,PS5,Abandoned,5,0,7,-1,0,5,85,0.5,0.0,2021-04-11T05:34:13.624Z,2021-08-23T23:24:02.530Z,,,,false,10.0,19.5,80.5,0,-1,🎮 Platformer
5B3F0F29-440F-4A6A-A905-35113517D6F0,135991,Q97940241,Hello Neighbor 2,"Hello Neighbor 2 is a stealth horror game where you're being stalked by a mysterious creature as you try to track down Mr. Peterson (The Neighbor) who has disappeared after the events of the first game. Play against an advanced, self-learning AI that tracks and adapts to your every move.",Eerie Guest Studios,tinyBuild,https://images.igdb.com/igdb/image/upload/t_original/co2e66.png,https://images.igdb.com/igdb/image/upload/t_original/sc8g7v.png,2022-12-06T10:00:00.000Z,2022,PS5|Series X|XONE|Switch|PS4|PC,Series X,,Abandoned,5,0,4,-1,0,0,54,0.0,0.0,2022-12-11T01:58:59.219Z,2022-12-11T01:58:56.377Z,2022-12-11T01:58:59.219Z,,,false,4.364166666666667,5.2186111111111115,6.135,0,2,
C8BAB3CB-F9E6-4F74-BDE4-BDD9489C9FED,135993,Q97657013,State of Decay 3,Unite to survive: push back the blood plague to reclaim the land's resources and carve out a life in the zombie apocalypse.,Undead Labs,Xbox Game Studios,https://images.igdb.com/igdb/image/upload/t_original/co2eby.png,https://images.igdb.com/igdb/image/upload/t_original/scsods.png,2028-01-01T07:59:59.000Z,2027,PC|PS5|Series X|S,PC,,Wanted,6,0,0,-1,0,0,0,0.0,0.0,,,,,,false,0.0,0.0,0.0,0,0,
AB3D8593-8270-465C-98A7-504E477D3ADC,135994,Q97736516,Avowed,"Welcome to the Living Lands, a mysterious island filled with adventure and danger.

Set in the fictional world of Eora that was first introduced to players in the Pillars of Eternity franchise, Avowed is a first-person fantasy action RPG from the award-winning team at Obsidian Entertainment.

The Living Lands is a place that feels foreign yet somewhat intrinsic to you as it feels the island itself is calling out to you for help. Explore an island home to many different environments and landscapes, each with their own unique ecosystem.

Mix and match swords, spells, guns, and shields to fight your way. Dig into your grimoire for spells to trap, freeze or burn enemies, bash them with your shield, or use range bows to attack from a distance.

Companions from a spread of species will fight alongside you, with their own unique set of abilities. From a former mercenary to an eccentric wizard, they will be part of your journey with your choices shaping them as you help them with their quests.",Obsidian Entertainment,Xbox Game Studios,https://images.igdb.com/igdb/image/upload/t_original/co7nbb.png,https://images.igdb.com/igdb/image/upload/t_original/sc8frz.png,2025-02-18T08:00:00.000Z,2025,PC|Series X|S,PC,Series X|S,Completed,4,1,100,-1,0,5,80,0.0,0.0,2025-02-16T23:29:00.859Z,2025-04-03T00:02:58.544Z,2025-02-16T23:29:00.859Z,,,false,20.064166666666665,47.06666666666667,67.28055555555555,0,3,⚔️ RPG|🌍 Adventure
8E08E2E5-BC4D-42B1-B829-4B865BA5A13A,135995,Q112618572,As Dusk Falls,"As Dusk Falls is about two families whose trajectories collide in the Arizona desert in 1999. Most stories start at the beginning, but this story starts in the middle, gradually widening outward to encompass multiple points of view over a thirty year span; a story spiral that explores the past, present and future of a single dramatic night.",,,https://images.igdb.com/igdb/image/upload/t_cover_big/co4v2t.png,https://images.igdb.com/igdb/image/upload/t_screenshot_huge/sc8ftg.png,2022-07-19T00:00:00.000Z,2022,XONE|PC|Series X,Series X,PC,Completed,4,1,100,-1,0,5,78,7.0,0.0,2022-07-18T16:22:55.284Z,2022-07-21T00:36:40.441Z,,,,false,6.5,8.0,0.0,0,-1,🌍 Adventure
3900BE9A-454D-46B5-B09A-3B36A77EC871,135999,Q121009380,Tetris Effect: Connected,"Tetris Effect: Connected adds an all-new robust multiplayer expansion to the huge variety of addictive and innovative single-player modes that Tetris Effect is known for. Connect and play with or against each other in all-new modes like ""Zone Battle,"" which shakes up traditional 1-on-1 Tetris gameplay via the time-stopping Zone mechanic, or try the innovative co-op of ""Connected"" mode, where up to three players can literally connect their Tetris playfields together and play as one, as they work together to take down a series of increasingly-challenging CPU-controlled bosses.",Monstars,Enhance,https://images.igdb.com/igdb/image/upload/t_original/co2krv.png,https://images.igdb.com/igdb/image/upload/t_original/sc8rn4.png,2020-11-10T00:00:00.000Z,2020,Series X|Oculus Quest|Switch|XONE|PC|Oculus Quest 2|PS4,PC,,Abandoned,5,0,0,-1,0,0,89,0.0,0.0,2020-11-09T16:35:45.000Z,2020-11-09T16:16:39.000Z,,,,false,3.2019444444444445,6.528611111111111,27.89,0,3,🎤 Music|🧩 Puzzle|😎 Indie|🕹 Arcade
5FFB4435-FF5D-4970-8DCC-386B247F4006,136604,Q114284709,Control: Ultimate Edition,"Control Ultimate Edition contains the main game and all previously released Expansions (""The Foundation"" and ""AWE"") in one great value package. Winner of over 80 awards, Control is a visually stunning third-person action-adventure that will keep you on the edge of your seat.",Remedy Entertainment,505 Games,https://images.igdb.com/igdb/image/upload/t_original/co2ewb.png,https://images.igdb.com/igdb/image/upload/t_original/sc8qy0.png,2020-08-27T07:00:00.000Z,2020,PS4|XONE|Switch|Series X|PS5|PC,PC,PS5|Series X,Completed,4,3,100,-1,0,10,85,0.11666666666666667,0.0,2023-12-21T19:22:05.246Z,2020-10-08T00:15:00.000Z,2020-09-06T00:15:10.000Z,,,false,12.713055555555556,25.058611111111112,38.43861111111111,1,-1,🔫 Shooter|🌍 Adventure
59F08FE9-4D78-4749-8405-F5DDEF088CB5,136993,Q98558038,Gotham Knights,"Introducing an original story set in DC’s Batman Universe, Gotham Knights offers a dynamic and interactive Gotham City where an exploding criminal element has swept through the streets. With the Belfry as their base of operations, this new era of heroes will solve mysteries that connect the darkest chapters in the city’s history and must defeat notorious villains in epic confrontations. Players must save Gotham from a descent into chaos and reinvent themselves into their own version of the Dark Knight.",WB Games Montréal,WB Games,https://images.igdb.com/igdb/image/upload/t_original/co3s9z.png,https://images.igdb.com/igdb/image/upload/t_screenshot_huge/sc8i4t.png,2022-10-21T00:00:00.000Z,2022,PC|PS5|Series X,PC,PS5|Series X,Completed,4,1,100,-1,0,4,68,9.333333333333334,0.0,2022-11-22T18:06:09.628Z,2023-01-10T20:22:18.813Z,,,,false,16.115833333333335,26.3275,42.90777777777778,0,2,⚔️ RPG|👊 Beat 'em up|🌍 Adventure
CC77D968-77FC-4DF7-A516-3854AFA5474F,137206,Q97338068,Manor Lords,"Manor Lords is a strategy game that allows you to experience the life of a medieval lord. Grow your starting village into a bustling city, manage resources and production chains, and expand your lands through conquest.

Inspired by the art and architecture of late 14th century Franconia, Manor Lords prioritizes historical accuracy wherever possible, using it to inform gameplay mechanics and visuals alike. Common medieval tropes are avoided in favor of historical accuracy, in order to make the world feel more authentic, colorful, and believable.",Slavic Magic,Hooded Horse,https://images.igdb.com/igdb/image/upload/t_original/co8550.png,https://images.igdb.com/igdb/image/upload/t_original/scbh5p.png,2024-04-26T07:00:00.000Z,2024,PC,PC,,Abandoned,5,0,5,-1,0,0,71,0.13333333333333333,0.0,,2024-05-03T20:46:26.169Z,2024-05-03T17:01:16.865Z,,,false,12.01388888888889,0.0,0.0,0,2,
DCE74B57-8E2E-4A3A-A017-2472F1230552,137989,Q100432790,Party Animals,"Fight your friends as puppies, kittens and other fuzzy creatures in PARTY ANIMALS! Paw it out with your friends remotely, or huddle together for chaotic fun on the same screen. Interact with the world under our realistic physics engine. Did I mention PUPPIES?",Recreate Games,Source Technology,https://images.igdb.com/igdb/image/upload/t_original/co6ljw.png,https://images.igdb.com/igdb/image/upload/t_original/sc8mt8.png,2023-09-19T17:00:00.000Z,2023,Series X|XONE|PC,XONE,,Abandoned,5,0,0,-1,0,0,76,0.0,0.0,,,,,,false,5.850833333333333,0.0,66.225,0,3,
304222A3-F71C-415B-8A49-9157D6C5E7C9,138341,Q126956530,RollerCoaster Tycoon 3: Complete Edition,"Build the park of a lifetime and rediscover the critically acclaimed rollercoaster simulation bestseller. Feel the thrill of a genre-defining classic, complete with two huge expansion packs.",Frontier Developments,Frontier Foundry,https://images.igdb.com/igdb/image/upload/t_original/co2g2g.png,https://images.igdb.com/igdb/image/upload/t_original/sc8kzm.png,2020-09-24T00:00:00.000Z,2020,PC|Switch,PC,,Abandoned,5,0,0,-1,0,0,80,0.15,0.0,2020-09-24T18:10:52.000Z,2020-09-24T18:10:49.000Z,,,,false,5.300833333333333,14.033888888888889,69.86666666666666,0,-1,✈️ Simulator|💭 Strategy
C59947DB-B3E7-4002-A41A-5A5C706844FB,138950,Q99441852,Monster Hunter Rise,"Rise to the challenge and join the hunt! 
 
Hunt solo or in a party with friends to earn rewards that you can use to craft a huge variety of weapons and armor. Brand new gameplay systems such as the high-flying ‘Wire Action’ and your canine companion ‘Palamute’ will add exciting new layers to the already robust combat that Monster Hunter is known for.",Capcom,Capcom,https://images.igdb.com/igdb/image/upload/t_cover_big/co2gnx.png,https://images.igdb.com/igdb/image/upload/t_screenshot_huge/sc8ky2.png,2021-03-26T00:00:00.000Z,2021,Switch|PC,Switch,,Abandoned,5,0,0,-1,0,0,86,0.0,0.0,2021-04-17T00:33:57.749Z,2021-04-26T06:31:42.631Z,,,,false,19.5,65.0,135.0,0,-1,⚔️ RPG
FFA0F60F-68E4-46AD-B5A5-217A739119CB,140839,Q101246186,Mass Effect Legendary Edition,"One person is all that stands between humanity and the greatest threat it’s ever faced. Relive the legend of Commander Shepard in the highly acclaimed Mass Effect trilogy with the Mass Effect Legendary Edition. Includes single-player base content and over 40 DLCs from Mass Effect, Mass Effect 2, and Mass Effect 3 games, including promo weapons, armors and packs. Experience an amazingly rich and detailed universe where your decisions have profound consequences on the action and the outcome.",BioWare,Electronic Arts,https://images.igdb.com/igdb/image/upload/t_original/co2k5h.png,https://images.igdb.com/igdb/image/upload/t_screenshot_huge/sc8qcv.png,2021-05-14T07:00:00.000Z,2021,PS4|XONE|PS5|PC|Series X|S,XONE,PC|PS4,Completed,4,3,70,-1,0,8,87,0.0,0.0,2021-02-11T20:56:50.000Z,2021-06-21T19:25:05.813Z,2021-02-11T20:56:50.000Z,,,false,60.98972222222222,101.63694444444444,138.02194444444444,0,2,⚔️ RPG|🌍 Adventure
5B22F44E-3075-4977-B2FE-11AFBC04DE43,141538,Q104172915,The Callisto Protocol,"In this narrative-driven, third-person survival horror game set 300 years in the future, the player will take on the role of Jacob Lee – a victim of fate thrown into Black Iron Prison, a maximum-security penitentiary located on Jupiter's moon, Callisto. When inmates begin to transform into monstrous creatures, the prison is thrown into chaos.",Striking Distance Studios,Krafton,https://images.igdb.com/igdb/image/upload/t_original/co4ymo.png,https://images.igdb.com/igdb/image/upload/t_screenshot_huge/sc8v8w.png,2022-12-02T00:00:00.000Z,2022,PS4|PS5|PC|XONE|Series X,PS5,Series X|PC,Completed,4,3,85,-1,0,6,73,0.5,0.0,2022-11-23T02:01:30.843Z,2022-12-10T02:03:56.959Z,,,,false,9.664444444444445,11.230277777777777,13.775555555555556,0,0,🔫 Shooter|🌍 Adventure
B43B2BC9-8FB2-4EDC-ADBC-64ABD9458D3C,141539,Q104174579,Open Roads,"Long-lost family secrets. Hints of a hidden fortune. And miles to go before they sleep. Tess Devine’s relationship with her mom has never been easy, but they’re about to set out together on a journey into the past that they’ll never forget.",The Open Roads Team,Annapurna Interactive,https://images.igdb.com/igdb/image/upload/t_original/co2mfw.png,https://images.igdb.com/igdb/image/upload/t_screenshot_huge/sc8v13.png,2024-03-28T07:00:00.000Z,2024,PS4|PS5|PC|Switch|Series X,PC,,Abandoned,5,0,0,-1,0,0,70,0.0,0.0,2024-04-02T03:48:46.587Z,2024-04-02T04:01:22.799Z,2024-03-28T16:11:12.216Z,,,false,2.9325,2.9969444444444444,3.061111111111111,0,0,🌍 Adventure
FC45853B-4040-4C94-8F38-298AF274797C,141547,Q104568362,Evil West,"A dark menace consumes the Old West. In solo or coop, fight with style in visceral, explosive combat against bloodthirsty monstrosities. Eradicate the vampiric hordes with your lightning-fueled gauntlet and become a Wild West Superhero.

In visceral, explosive combat, unleash hell with your firearms, lightning-fueled gauntlet and gadgets. Kill bloodthirsty monstrosities in style as a lone hunter or in co-op with a friend. Explore and fight in a narrative-driven campaign while upgrading your weapons and hunting tools. Unlock new perks to evolve your monster-slaying mastery, crafting your own playstyle to defeat the supernatural hordes.",Flying Wild Hog,Focus Entertainment,https://images.igdb.com/igdb/image/upload/t_original/co4udq.png,https://images.igdb.com/igdb/image/upload/t_screenshot_huge/sc8v25.png,2022-11-22T00:00:00.000Z,2022,XONE|PS5|Series X|PC|PS4,PC,PC|PS5,Completed,4,3,100,-1,0,4,72,5.116666666666666,0.0,2022-11-28T16:00:17.737Z,2022-12-19T21:33:18.397Z,,,,false,10.656944444444445,13.136111111111111,15.174166666666666,0,2,👊 Beat 'em up|🌍 Adventure
2897C0E9-9B66-422D-A21C-151293CA5D10,142549,Q120733019,Viewfinder,Viewfinder is a puzzle game where you can reshape the world around you by taking photos with an instant camera.,Sad Owl Studios,Thunderful,https://images.igdb.com/igdb/image/upload/t_original/co6m9m.png,https://images.igdb.com/igdb/image/upload/t_original/sckabd.png,2023-07-18T00:00:00.000Z,2023,PS5|PC|PS4,PC,,Completed,4,3,100,-1,0,8,89,3.9833333333333334,0.0,,2023-07-25T16:54:17.257Z,2023-06-27T06:34:54.698Z,,,false,3.645,4.661666666666667,5.884722222222222,0,2,
7EF0EBD8-7525-4B16-847D-8C8FBC857EEB,142740,Q104991768,Resident Evil Re:Verse,Beloved Resident Evil characters clash in a fight to the death! Test your skills against other players in six-person deathmatch battles. But don't forget the terrifying bioweapons! You'll need to master the skills of the heroes and bioweapons alike if you want to claw your way to victory!,Capcom Development Division 1,Capcom,https://images.igdb.com/igdb/image/upload/t_original/co2otq.png,https://images.igdb.com/igdb/image/upload/t_original/sc9eoi.png,2022-10-28T07:00:00.000Z,2022,XONE|PS4|PC,PC,,Abandoned,5,0,0,-1,0,0,38,0.0,0.0,,,,,,false,0.7833333333333333,1.75,5.388333333333334,0,3,🔫 Shooter
5284136A-4983-4CFA-95E9-F5C713591EE3,143612,Q105552404,Neon White,"Neon White is a lightning fast first-person action game about exterminating demons in Heaven. You are White, an assassin handpicked from Hell to compete with other demon slayers for a chance to live permanently in Heaven. The other assassins seem familiar, though… did you know them in a past life?",Ben Esposito,Annapurna Interactive,https://images.igdb.com/igdb/image/upload/t_original/co2tgh.png,https://images.igdb.com/igdb/image/upload/t_original/sc9276.png,2022-06-16T00:00:00.000Z,2022,Switch|PC,PC,Switch,Completed,4,1,80,-1,0,8,88,9.0,0.0,2022-06-28T07:10:19.068Z,2022-07-11T21:45:03.376Z,,,,false,11.500555555555556,16.898888888888887,22.1525,0,-1,🔫 Shooter|🎮 Platformer|🌍 Adventure|😎 Indie
2467CF0B-2D4E-417D-BFFF-391F4730313A,143615,Q105687014,Knockout City,"Team up and duke it out with rival Crews in Knockout City, where epic dodgeball battles settle the score in team-based multiplayer matches. Throw, catch, pass, dodge, and tackle your way to dodgeball dominance!",Velan Studios,Electronic Arts,https://images.igdb.com/igdb/image/upload/t_original/co2tvg.png,https://images.igdb.com/igdb/image/upload/t_original/sc938e.png,2021-05-21T00:00:00.000Z,2021,Switch|PS4|PC|PS5|XONE|Series X,XONE,,Completed,4,1,3,-1,0,4,86,0.0,0.0,2021-05-21T00:00:00.000Z,2021-05-21T00:00:00.000Z,,,,false,37.452222222222225,40.0,60.833333333333336,0,-1,👊 Fighting|🔫 Shooter|⚽️ Sport|🌍 Adventure|😎 Indie
CAC054B9-2B30-42C3-8CF0-7319A4F6CC71,143964,Q135080729,System Shock 2: 25th Anniversary Remaster,"The original System Shock 2 is a genre-defining experience that established innovative gameplay mechanics that are a staple of the FPS and RPG genre today. Delve through the corridors of the derelict ship Von Braun and immerse yourself in the story rich atmosphere and environments. Explore deck by deck and unravel the horrifying fate of the Von Braun and her crew.

System Shock 2: 25th Anniversary modernizes the 1999 sci-fi horror classic using Nightdive Studios’ proprietary KEX Engine for a definitive version of the game featuring Enhanced Characters, Weapon Models and Animations, Up to 144FPS performance with ultra-widescreen support, Optimized Controller support, 50 Achievements to unlock, Additional Mod Support and Quality of Life Improvements.",Nightdive Studios,Nightdive Studios,https://images.igdb.com/igdb/image/upload/t_original/co9hdg.png,https://images.igdb.com/igdb/image/upload/t_original/scvlc2.png,2025-06-26T07:00:00.000Z,2025,XONE|Switch|PC|PS4|PS5|Series X|S,PC,,Abandoned,5,0,0,-1,0,0,82,0.0,0.0,,2025-06-27T05:39:57.217Z,,,,false,13.42,17.185277777777777,22.34611111111111,0,3,
5AF563BA-4FAD-464D-A7C1-90267721C06C,144022,Q108650420,Sifu,"A third person action game featuring intense hand-to-hand combat, it puts you in control of a young Kung-Fu student on his path of revenge throughout the city.",Sloclap,Sloclap,https://images.igdb.com/igdb/image/upload/t_original/co4h5s.png,https://images.igdb.com/igdb/image/upload/t_screenshot_huge/sc936z.png,2022-02-08T00:00:00.000Z,2022,Switch|PS4|PC|PS5,PS5,,Completed,4,1,100,-1,0,9,78,0.03333333333333333,0.0,2022-02-07T01:58:13.952Z,2022-05-03T18:22:23.976Z,,,,false,9.32,13.964444444444444,19.028333333333332,2,-1,👊 Fighting|👊 Beat 'em up|😎 Indie
A94D705B-AC8F-450F-BBE7-5D7CE27A88E5,144465,Q105909744,Teenage Mutant Ninja Turtles: Shredder's Revenge,"Teenage Mutant Ninja Turtles: Shredder's Revenge reunites Leonardo, Raphael, Michelangelo, and Donatello to kick shell in a beautifully realized pixel art world invoking the turtles' classic 1987 design.",Tribute Games,DotEmu,https://images.igdb.com/igdb/image/upload/t_original/co4w87.png,https://images.igdb.com/igdb/image/upload/t_original/sc94kz.png,2022-06-16T07:00:00.000Z,2022,PC|Series X|Linux|iOS|Android|PS4|Switch|XONE|PS5,PC,,Abandoned,5,0,0,-1,0,0,86,0.0,0.0,2022-06-15T16:04:02.000Z,,2022-06-15T16:04:02.000Z,,,false,2.8141666666666665,3.871111111111111,19.180555555555557,0,3,👊 Beat 'em up|😎 Indie|🕹 Arcade
369FB7BC-54CF-48B6-8F04-F1B426228550,144765,Q106030331,Life is Strange: True Colors,"Life is Strange is a series of award-winning and critically-acclaimed narrative adventure games. Discover a universe where everyday heroes wield supernatural powers, while dealing with real challenges, real relationships, and real emotions. It's our world... with a twist of the strange. No matter your choices, the experience will stay with you forever. Deep in the mountains of Colorado, you'll find Haven Springs, a small mining town filled with beauty and mystery. As Alex, you'll discover the shocking secrets behind your brother’s death in an emotional roller-coaster of an adventure, using your psychic power of Empathy to change fate and change lives.",Deck Nine,Square Enix,https://images.igdb.com/igdb/image/upload/t_original/co2vpp.png,https://images.igdb.com/igdb/image/upload/t_original/sc991b.png,2021-10-01T00:00:00.000Z,2021,PC|PS5|Switch|XONE|PS4|Stadia|Series X,Series X,,Abandoned,5,0,30,-1,0,0,84,3.0,0.0,2021-09-10T00:00:00.000Z,2022-12-25T02:44:54.000Z,,,,false,10.179166666666667,11.893611111111111,13.247777777777777,0,3,🌍 Adventure
15FFD5A8-956E-4224-8801-0FBE8D3C3521,145089,Q108281964,Nobody Saves the World,"Nobody Saves The World is a new twist on action RPGs, in which you play many different character Forms, each with their own unique gameplay mechanics. The Calamity’s power is growing, and nobody can save the world now. Good thing you are Nobody!",Drinkbox Studios,Drinkbox Studios,https://images.igdb.com/igdb/image/upload/t_original/co2wcz.png,https://images.igdb.com/igdb/image/upload/t_original/sc96au.png,2022-01-18T08:00:00.000Z,2022,XONE|PS4|PS5|Series X|PC|Switch,PC,,Abandoned,5,0,0,-1,0,0,80,1.5833333333333333,0.0,,2023-12-27T23:56:10.481Z,,,,false,15.586666666666666,20.05472222222222,28.010833333333334,0,3,
AB8D6230-E5FD-4670-BEB0-E0D1904BD7EC,145099,Q107376501,Death's Door,"Death's Door is an action-adventure game developed by Acid Nerve and published by Devolver Digital. Released in 2021, it follows a crow reaper tasked with collecting souls in a mysterious, atmospheric world. The game features exploration, fast-paced combat, and puzzle-solving.",Acid Nerve,Devolver Digital,https://images.igdb.com/igdb/image/upload/t_cover_big/co2wcc.png,https://images.igdb.com/igdb/image/upload/t_screenshot_huge/sc96ay.png,2021-07-20T00:00:00.000Z,2021,PS4|iOS|PC|XONE|Series X|S|Android|PS5|Switch,Series X,,Completed,4,3,100,-1,0,10,87,0.0,0.0,2021-07-31T17:00:24.911Z,2021-08-11T02:21:03.433Z,2021-07-31T17:00:24.911Z,,,false,9.17388888888889,11.881388888888889,15.832222222222223,2,3,⚔️ RPG|🌍 Adventure|😎 Indie
CF2EFA3E-5698-4299-8DD9-7FAF485FD581,145937,Q118143124,"Little Kitty, Big City","You're a curious little kitty with a big personality, on an adventure to find your way back home. Explore the city, make new friends, wear delightful hats, and leave more than a little chaos in your wake. After all, isn't that what cats do best?",Double Dagger Studio,Double Dagger Studio,https://images.igdb.com/igdb/image/upload/t_original/co6mbt.png,https://images.igdb.com/igdb/image/upload/t_original/sc9a2i.png,2024-05-09T07:00:00.000Z,2024,Switch|PC|Series X|XONE,PC,PC|XONE|Steam Deck,Completed,4,3,90,-1,0,6,77,6.133333333333334,0.0,2024-05-13T02:36:54.475Z,2024-05-15T23:47:36.859Z,2024-05-09T17:52:27.489Z,,,false,2.766111111111111,3.830277777777778,6.363333333333333,0,3,
38991E61-5D5B-4BBB-83D6-B99BA4C3EA2F,146851,Q106764284,Lost Judgment,"Lost Judgment once again puts players in the sneakers of lawyer turned street-fighting detective Takayuki Yagami. Joined by his partner, ex-yakuza Masaharu Kaito, the crime-fighting duo is called on to investigate a seemingly perfect crime whose lead suspect has an airtight alibi. What starts out as a tale of revenge reveals a tangled web of conspiracy involving several unlikely factions taking advantage of a broken law system. But as victims pile up and Yagami unravels the truth, he must choose between defending the law or exacting justice.",Ryū Ga Gotoku Studios,Sega,https://images.igdb.com/igdb/image/upload/t_cover_big/co2zmj.png,https://images.igdb.com/igdb/image/upload/t_screenshot_huge/.png,2021-09-24T10:00:00.000Z,2021,PS4|Series X|XONE|PC|PS5,Series X,PS5,Abandoned,5,0,1,-1,0,0,82,0.0,0.0,2021-08-24T16:42:49.000Z,2021-10-02T23:10:14.316Z,2021-08-24T16:42:49.000Z,,,false,23.65972222222222,51.694722222222225,102.56055555555555,0,3,⚔️ RPG|👊 Beat 'em up|🌍 Adventure
0067CD97-D748-4C41-91B4-82359E80171B,148227,Q102219949,Gothic 1 Remake,"The Legend is Back - Return to the Valley of the Mines in this faithful remake of the genre-defining classic RPG. Explore a hand-crafted, organic open world that reacts dynamically to your actions in a gritty, unrestricted experience like no other.",Alkimia Interactive,THQ Nordic,https://images.igdb.com/igdb/image/upload/t_original/co9lfu.png,https://images.igdb.com/igdb/image/upload/t_original/sc9o8z.png,2026-06-05T06:00:00.000Z,2026,Series X|S|PC|PS5,PC,,Abandoned,5,0,0,-1,0,0,73,0.1,0.0,,2026-06-11T22:45:49.978Z,2026-06-06T22:35:37.073Z,,,false,28.473333333333333,44.215555555555554,66.21138888888889,0,0,
E2C01969-7226-4036-AB9C-350916F112B6,148241,Q109820884,Lies of P,"Inspired by the familiar story of Pinocchio, Lies of P is an action souls-like game set in a dark Belle Époque world. Guide Pinocchio on his unrelenting journey to become human.",Round8 Studio,NEOWIZ,https://images.igdb.com/igdb/image/upload/t_original/co6lxr.png,https://images.igdb.com/igdb/image/upload/t_original/sc9oa7.png,2023-09-18T10:00:00.000Z,2023,PS5|PC|PS4|XONE|Series X|Mac,Series X,PS5|Series X|PC,Completed,4,1,100,-1,0,6,81,3.0,0.0,2023-09-19T23:37:38.282Z,2023-09-23T02:32:04.731Z,2023-09-18T17:28:30.176Z,,,false,28.04361111111111,35.83583333333333,53.83777777777778,0,2,⚔️ RPG
5A588C64-E910-4F7F-95BF-A32AC191D46B,152063,Q107218167,Death Stranding: Director's Cut,"From legendary game creator Hideo Kojima comes a genre-defying experience, now expanded and remastered for PS5 in this definitive Director's Cut. Experience an extended storyline through new missions in an expanded area. Make use of additional weapons and vehicles, take on new enemy types and explore new locations such as the Firing Range and Racetrack, featuring extra missions and minigames. Stay connected with other players from around the globe.",Kojima Productions,505 Games,https://images.igdb.com/igdb/image/upload/t_cover_big/co3dlb.png,https://images.igdb.com/igdb/image/upload/t_screenshot_huge/scb0hp.png,2021-09-24T07:00:00.000Z,2021,PC|Mac|PS5|iOS,PS5,,Completed,4,3,0,-1,0,8,85,0.016666666666666666,0.0,2021-08-24T16:42:44.000Z,2021-10-09T00:33:09.000Z,2021-08-24T16:42:44.000Z,,,false,37.62416666666667,58.454166666666666,111.18194444444444,0,3,🌍 Adventure
1297A613-8899-4ABB-A309-CEB52D2C6E8E,152123,Q110586729,World War Z: Aftermath,"World War Z: Aftermath is the ultimate co-op zombie shooter based on Paramount Pictures’ blockbuster film, and the next evolution of the original hit World War Z that has now captivated over 15 million players. Turn the tide of the zombie apocalypse across consoles and PC with full cross-play. Join up to three friends or play on your own with AI teammates against hordes of ravenous zombies in intense story episodes across new zombie-ravaged locations around the world: Rome, Vatican City and Russia’s Kamchatka peninsula.

All-new story episodes in Rome, Vatican City, and the Russian far east at Kamchatka. Play as both new and returning characters as you take the fight to the undead with a brutal new melee system, decimating zekes with unique moves, perks and dual-wield weapon options like the sickle and cleaver. Fend off new undead monstrosities, including swarms of flesh-hungry rats that will unleash total chaos on your team.",Saber Interactive,Paramount Pictures,https://images.igdb.com/igdb/image/upload/t_original/co39v5.png,https://images.igdb.com/igdb/image/upload/t_screenshot_huge/scaval.png,2021-09-21T10:00:00.000Z,2021,PS4|PC|XONE|Stadia|PS5|Series X,PC,,Completed,4,1,0,-1,0,6,0,3.0833333333333335,0.0,2021-09-22T03:18:05.619Z,2021-09-30T02:22:40.459Z,2021-09-22T03:18:05.619Z,,,false,9.159722222222221,15.192222222222222,25.197777777777777,0,3,🔫 Shooter|🌍 Adventure
93062DEB-F94D-4AA4-8414-5E78ECCC8DAD,152201,Q107208619,Mario + Rabbids Sparks of Hope,"Team up with Mario, Luigi, Princess Peach, Rabbid Peach, Rabbid Luigi, and their friends on a galactic journey to defeat a malevolent entity and save your Spark companions. Explore planets throughout the galaxy as you uncover mysterious secrets and compelling quests!",Ubisoft Paris,Ubisoft Entertainment,https://images.igdb.com/igdb/image/upload/t_original/co52q4.png,https://images.igdb.com/igdb/image/upload/t_original/scahc8.png,2022-10-20T00:00:00.000Z,2022,Switch,Switch,,Completed,4,1,100,-1,0,4,88,15.0,0.0,2022-10-20T16:47:14.540Z,2022-11-04T20:42:00.000Z,,,,false,16.325277777777778,30.255277777777778,42.547777777777775,0,-1,💭 Strategy|🧐 Turn Based|🤔 Tactical|🌍 Adventure
FFF146A8-9881-4CD4-A8FA-D65A6B8D7422,152246,Q107214673,The Outer Worlds 2,The Outer Worlds 2 is the sequel to the award-winning first-person sci-fi RPG from Obsidian Entertainment.,Obsidian Entertainment,Xbox Game Studios,https://images.igdb.com/igdb/image/upload/t_original/co9xx4.png,https://images.igdb.com/igdb/image/upload/t_original/.png,2025-10-29T07:00:00.000Z,2025,Series X|S|PC|PS5,PC,,Completed,4,1,100,-1,0,6,82,18.866666666666667,0.0,2025-11-01T01:18:28.013Z,2025-11-12T05:59:25.541Z,2024-12-13T02:04:28.974Z,,,false,17.845277777777778,42.509166666666665,63.191944444444445,0,2,
C9119011-0A1A-4062-AC8C-5B9256066D0C,152249,Q107214964,Marvel's Guardians of the Galaxy,"Fire up a wild ride across the cosmos with a fresh take on Marvel’s Guardians of the Galaxy. In this action-adventure game, you are Star-Lord leading the unpredictable Guardians from one explosion of chaos to the next. You got this. Probably.",Eidos Montréal,Square Enix,https://images.igdb.com/igdb/image/upload/t_original/co39pu.png,https://images.igdb.com/igdb/image/upload/t_screenshot_huge/scahe8.png,2021-10-26T10:00:00.000Z,2021,PS5|PC|XONE|PS4|Series X|S,Series X,PS5,Completed,4,3,100,-1,0,8,81,0.18333333333333332,0.0,2021-10-28T19:48:54.364Z,2021-11-05T05:18:20.416Z,2021-10-28T19:48:54.364Z,,,false,17.59611111111111,20.38388888888889,25.96361111111111,0,2,🔫 Shooter|⚔️ RPG|🌍 Adventure
0234F71E-D36D-44F4-A35D-25E0B8BFDEA4,152250,Q107216758,Stranger of Paradise: Final Fantasy Origin,"Jack and his allies, Ash and Jed, burn with resolve to defeat Chaos as they throw open the gates to the Chaos Shrine. Yet doubts remain—are they truly the Warriors of Light the prophecy foretold?
Step into a world of dark fantasy and revel in the exhilarating, action-packed battles!",Team NINJA,Square Enix,https://images.igdb.com/igdb/image/upload/t_original/co4kag.png,https://images.igdb.com/igdb/image/upload/t_original/scahzd.png,2022-03-18T00:00:00.000Z,2022,Series X|PS5|PS4|XONE|PC,PS5,,Abandoned,5,0,0,-1,0,0,71,0.26666666666666666,0.0,2022-03-18T00:57:15.000Z,2022-03-18T00:56:40.000Z,,,,false,17.6975,28.538333333333334,46.82833333333333,0,-1,⚔️ RPG
624A92CD-D324-48CE-BEE9-CCA7914A92DC,152259,Q108295044,Far: Changing Tides,"Far: Changing Tides is an atmospheric vehicle adventure driven by an emotional story. When floods ravage your world, captain a ship like no other and search for a new home. Sail stormy waters, dive unknown depths, and explore forgotten ruins on your voyage.",Okomotive,Frontier Foundry,https://images.igdb.com/igdb/image/upload/t_original/coa36d.png,https://images.igdb.com/igdb/image/upload/t_original/scahgy.png,2022-03-01T08:00:00.000Z,2022,PC|Series X|S|Switch|PS4|PS5|XONE,PC,,Abandoned,5,0,0,-1,0,0,79,0.0,0.0,,2025-08-22T01:14:39.825Z,,,,false,5.375,6.065277777777778,8.868611111111111,0,3,
A048D432-25C4-46F1-85A9-96D01B9A462F,152288,Q107225273,Immortality,"Marissa Marcel was a film star. She made three movies. But none of the movies was ever released. And Marissa Marcel disappeared. The new game from Sam Barlow, creator of Her Story.",Half Mermaid,Half Mermaid,https://images.igdb.com/igdb/image/upload/t_original/co3ai5.png,https://images.igdb.com/igdb/image/upload/t_original/scgizs.png,2022-08-30T10:00:00.000Z,2022,PC|Series X|iOS|Android|Mac,PC,Series X,Completed,4,3,90,-1,0,7,88,0.0,0.0,2022-08-30T17:57:39.766Z,2022-09-01T22:15:42.311Z,2022-08-30T17:57:39.766Z,,,false,6.430833333333333,9.842222222222222,16.346666666666668,0,3,✈️ Simulator|🌍 Adventure|😎 Indie|📖 Visual Novel
4C625B57-7C65-47AD-8EB7-8CF8BA9046FC,153895,Q131180037,Suit for Hire,"Suit for Hire is a challenging action shooter, tactically blend weapons and martial arts together to unleash beautifully crafted violence.",Godmode Interactive,Godmode Interactive,https://images.igdb.com/igdb/image/upload/t_original/coa0qm.png,https://images.igdb.com/igdb/image/upload/t_original/scbt49.png,2021-08-31T07:00:00.000Z,2021,PC,PC,,Abandoned,5,0,0,-1,0,0,0,0.13333333333333333,0.0,,2025-07-28T04:57:31.080Z,,,,false,3.5405555555555557,6.2375,27.35,0,0,
C9F8A3AD-9000-4D10-8DD2-DC5B88D53E6F,165067,Q108054772,Call of Duty: Vanguard,"This is WWII combat like never before. Witness the origins of Special Forces as you play a pivotal role and change the face of history, forming Task Force One in a gripping Campaign across four major theaters of war. Become an original Special Forces Operator in an online Multiplayer rich in innovation with 20 maps available at launch. Prepare for a franchise-first, universe-expanding Zombies crossover. Immerse yourself in a fully integrated Call of Duty: Warzone experience featuring a new and massive map. This is the most connected Call of Duty ever, all powered by the next generation Call of Duty engine introduced in Modern Warfare.

This is Call of Duty: Vanguard.",Sledgehammer Games,Activision,https://images.igdb.com/igdb/image/upload/t_original/co3kq8.png,https://images.igdb.com/igdb/image/upload/t_screenshot_huge/.png,2021-11-05T00:00:00.000Z,2021,PS4|Series X|PC|XONE|PS5,PC,PS5|Series X,Completed,4,1,100,-1,0,4,74,0.0,0.0,2021-11-06T12:05:08.812Z,2021-11-12T05:17:51.119Z,,,,false,6.091666666666667,8.565833333333334,18.906944444444445,0,-1,🔫 Shooter
E939DD62-B31B-4CFC-9D06-A41446C46900,165229,Q116823232,ExeKiller,"Retro futuristic, single player, action adventure game with western vibes. You are a bounty hunter trying to survive in dystopian, post-apocalyptic world.",Paradark Studio,Paradark Studio,https://images.igdb.com/igdb/image/upload/t_original/co9dnc.png,https://images.igdb.com/igdb/image/upload/t_original/sccqyg.png,4001-01-01T00:00:00.000Z,3000,PC,PC,,Wanted,6,0,0,-1,0,0,0,0.0,0.0,,,2023-06-13T16:37:15.000Z,,,false,0.0,0.0,0.0,0,0,
05766027-FA0C-47E7-98E6-74E1CFE856B6,165346,Q77472508,Saints Row,"Welcome to Santo Ileso, a vibrant fictional city in the American Southwest. In a world rife with crime, a group of young friends embark on their own criminal venture, as they rise to the top in their bid to become Self Made.",Volition,Deep Silver,https://images.igdb.com/igdb/image/upload/t_original/co3ofs.png,https://images.igdb.com/igdb/image/upload/t_screenshot_huge/sccrg2.png,2022-08-23T10:00:00.000Z,2022,PS5|XONE|Series X|PC|Stadia|PS4,Series X,,Completed,4,1,100,-1,0,6,62,0.0,0.0,2022-08-22T18:19:41.471Z,2022-08-29T18:27:55.279Z,2022-08-22T18:19:41.471Z,,,false,12.910833333333333,25.441944444444445,46.925,0,1,🔫 Shooter|🌍 Adventure
3C8ED359-23EA-4C1D-97EF-3713E31F4391,167611,Q108416797,Alan Wake Remastered,"In this award-winning cinematic action-thriller, troubled author Alan Wake embarks on a desperate search for his missing wife, Alice. Alan Wake Remastered offers the complete experience, with the main game and its two story expansions - The Signal and The Writer - with stunning new 4K visuals.",Remedy Entertainment,Epic Games,https://images.igdb.com/igdb/image/upload/t_original/co3swj.png,https://images.igdb.com/igdb/image/upload/t_original/scd71r.png,2021-10-05T00:00:00.000Z,2021,PS4|PC|XONE|PS5|Series X,XONE,,Completed,4,3,0,-1,0,5,81,0.0,0.0,2021-09-11T15:25:11.000Z,2020-10-07T15:25:07.000Z,,,,false,9.774722222222222,14.054444444444444,24.52027777777778,0,-1,🔫 Shooter|🌍 Adventure
EB57B627-74BF-454E-BC88-CF04D760DF0F,172427,Q108670544,Kirby and the Forgotten Land,"Join Kirby in an unforgettable journey through a mysterious world in a delightful 3D platforming adventure. Take control of the powerful pink puffball, Kirby, and move around freely in 3D stages as you discover a mysterious world with abandoned structures from a past civilization - like a shopping mall?! Copy enemies’ abilities like Sword and Ice and use them to attack and explore your surroundings! What journey awaits Kirby? Take a deep breath and get ready for an unforgettable adventure!",HAL Laboratory,Nintendo,https://images.igdb.com/igdb/image/upload/t_original/co3vlw.png,https://images.igdb.com/igdb/image/upload/t_screenshot_huge/scdrv5.png,2022-03-25T10:00:00.000Z,2022,Switch,Switch,,Completed,4,1,100,-1,0,7,85,10.0,0.0,2022-04-02T02:29:32.324Z,2022-04-21T19:23:27.941Z,2022-04-02T02:29:32.324Z,,,false,10.306111111111111,15.390277777777778,25.887777777777778,0,-1,🎮 Platformer|🌍 Adventure
E8D1828F-5859-40D6-8D2E-B16FF174C1DA,178125,Q109240477,Grand Theft Auto: Vice City - The Definitive Edition,"Welcome to the 1980s. Experience Tommy Vercetti’s tale of betrayal and revenge in the neon-soaked tropical sprawl of Vice City, a town brimming with excess, ready to be taken over, your way.",,,https://images.igdb.com/igdb/image/upload/t_original/co42pa.png,https://images.igdb.com/igdb/image/upload/t_original/scf3n1.png,2021-11-11T10:00:00.000Z,2021,PS4|Series X|PS5|PC|XONE|Switch,PS5,,Abandoned,5,0,0,-1,0,0,0,0.0,0.0,,2021-11-11T19:39:51.000Z,,,,false,17.93111111111111,25.628611111111113,40.975,0,2,🔫 Shooter|🏁 Racing|🌍 Adventure
C2E1D159-AF4C-46F4-9FA2-E48819872E72,182290,,The Lost Wild,"A survival horror adventure about overcoming nature’s most formidable forms of life. Explore overgrown research facilities nestled in a lush wilderness. Be resourceful, intimidate, evade, and unravel the mystery at the heart of the island.",Great Ape Games,Annapurna Interactive,https://images.igdb.com/igdb/image/upload/t_original/co495n.png,https://images.igdb.com/igdb/image/upload/t_original/sceryo.png,4001-01-01T00:00:00.000Z,3000,PC|PS5,PC,,Wanted,6,0,0,-1,0,0,0,0.0,0.0,,,,,,false,0.0,0.0,0.0,0,0,
3ECC0611-847C-46F5-BAD3-A5E79D5A4887,185246,Q108417001,Alan Wake II,Alan Wake 2 marks Remedy Entertainment’s first foray into the survival horror genre. Ritualistic murders in a small town. A writer trapped in a nightmare. An FBI agent looking for answers. Two realities. Two hero characters. One horror story that wants them dead.,Remedy Entertainment,Epic Games Publishing,https://images.igdb.com/igdb/image/upload/t_original/co6jar.png,https://images.igdb.com/igdb/image/upload/t_original/scmncn.png,2023-10-27T07:00:00.000Z,2023,PS5|Series X|S|PC,PS5,Series X|PC,Completed,4,3,30,-1,0,10,0,38.666666666666664,0.0,2023-12-11T21:37:00.000Z,2023-12-19T05:01:43.553Z,2023-10-26T16:30:27.550Z,,,false,19.084444444444443,26.020555555555557,31.88861111111111,1,-1,🔫 Shooter|🌍 Adventure
D9EF432E-C794-4186-9277-428A43445EC7,185251,Q109965238,The Matrix: Awakens - An Unreal Engine 5 Experience,"The Matrix: Awakens morphs from breathtakingly realistic cinematic to fast-paced third-person shooter experience, complete with action-packed car chase sequence, and also provides a rich, vastly detailed open world to explore, set within the universe of 'The Matrix'.",,Epic Games,https://images.igdb.com/igdb/image/upload/t_original/co4abs.png,https://images.igdb.com/igdb/image/upload/t_original/scf29j.png,2021-12-06T10:00:00.000Z,2021,Series X|PS5,PS5,,Completed,4,3,0,-1,0,6,0,0.38333333333333336,0.0,2021-12-06T00:49:05.000Z,2021-12-14T00:49:30.000Z,2021-12-06T00:49:05.000Z,,,false,0.0,0.0,0.0,0,-1,🔫 Shooter
84142B34-14EC-4548-8614-695E27313D90,185253,Q110028339,Dune: Spice Wars,"Dune: Spice Wars is a real-time strategy game with 4X elements, from the developers of the critically acclaimed Northgard. Set in Frank Herbert’s groundbreaking Dune universe, you must lead your faction and battle for control and dominance over the harsh desert planet of Arrakis. Best your opponents through political intrigue, crush them in combat, and undermine them with your network of illusive spies.",Shiro Games,Shiro Games,https://images.igdb.com/igdb/image/upload/t_original/co4a96.png,https://images.igdb.com/igdb/image/upload/t_original/scf13h.png,2022-04-26T07:00:00.000Z,2022,PC|Series X|S,PC,,Abandoned,5,0,0,-1,0,0,77,0.0,0.0,,,2023-04-26T21:13:00.000Z,,,false,12.312222222222223,27.011666666666667,87.32055555555556,0,2,
440D3D20-9250-4B9E-8FB6-062161382796,185258,Q110029330,ARC Raiders,"ARC Raiders is a multiplayer extraction adventure, set in a lethal future earth, ravaged by a mysterious mechanized threat known as ARC. Enlist as a Raider and scavenge the surface to thrive in a desolate world. But beware of the machines. Beware of Raiders preying on others.

ARC Raiders blends the tension from extraction shooters with atmospheric settings from the adventure genre. Lurking threats—from deadly machines to other Raiders—create a constant ebb and flow of intensity, where every moment is charged with the thrill of high stakes. Extract valuable loot and explore the unfolding mysteries of a vibrant, lethal world.

ARC Raiders supports seamless social play across PlayStation, Xbox, and PC. Play with your squad and thrive as a team, or rise in the ranks as a lone ranger.",Embark Studios,Embark Studios,https://images.igdb.com/igdb/image/upload/t_original/co9rk1.png,https://images.igdb.com/igdb/image/upload/t_original/scii5x.png,2025-10-30T07:00:00.000Z,2025,PS5|Series X|S|PC,PC,,Collection,3,0,1,-1,0,8,87,36.28333333333333,0.0,,,2025-10-30T22:34:28.005Z,,,false,43.87722222222222,84.31333333333333,198.46027777777778,0,3,🔫 Shooter
480BB238-E023-470A-A760-CB05D6681C30,190422,Q135024845,Demon Spore,Blast your way out of tentacle hell as a failed lab experiment gives birth to a rapidly growing viral horror in this intense action rogue-lite inspired by 80s Monster movies. Use the lab to your advantage and improvise an escape plan before this constantly evolving life form spreads out of control.,DinoBoss,Null Games,https://images.igdb.com/igdb/image/upload/t_original/co8tf2.png,https://images.igdb.com/igdb/image/upload/t_original/scfoph.png,2027-01-01T07:59:59.000Z,2026,PC,PC,,Abandoned,5,0,0,-1,0,0,0,0.0,0.0,,2024-02-09T01:16:39.528Z,2024-02-09T01:16:37.960Z,,,false,0.0,0.0,0.0,0,0,
C4648FD8-07BE-4750-9AF6-06AAA6715CFA,191435,Q116149653,Animal Well,"What lurks beneath the surface of this deceptively minimalistic adventure? In Animal Well there is more than what you see. Explore a dense interconnected labyrinth, and unravel its many secrets. Collect items to manipulate your environment in surprising and meaningful ways. Encounter creatures both beautiful and unsettling, and try to survive what lurks in the dark.",Shared Memory,Bigmode,https://images.igdb.com/igdb/image/upload/t_original/co4hdh.png,https://images.igdb.com/igdb/image/upload/t_original/scftto.png,2024-05-09T07:00:00.000Z,2024,Switch|PC|PS5,Steam Deck,PC,Abandoned,5,0,0,-1,0,0,88,0.05,0.0,,2024-05-20T00:46:22.901Z,2024-05-19T16:32:50.177Z,,,false,6.167222222222223,9.41,15.66611111111111,0,3,
0EACF036-4237-42C9-8F07-00C969608404,192359,Q116471121,Outshine,"Unleash your powers against your oppressors in this arcade, fast-paced typing game. Avoid traps, destroy enemies, defeat bosses to seek your revenge, and rush to the top of the leaderboards.",,,https://images.igdb.com/igdb/image/upload/t_original/co5k6j.png,https://images.igdb.com/igdb/image/upload/t_original/scfxaj.png,2022-11-03T07:00:00.000Z,2022,PC,PC,,Abandoned,5,0,0,-1,0,0,-1,0.06666666666666667,0.0,,2024-09-16T00:13:32.855Z,,,,false,3.0833333333333335,0.0,0.0,0,2,
505D2CF1-3D4A-41CE-B92E-CCD7ED46DEF1,193334,Q114348001,Undetected,Stealth your way through the shadows and uncover a corporate conspiracy. Become a cyber-augmented agent in this gameplay-focused stealth game that brings classic sneaking to the modern era.,Merlino Games,Merlino Games,https://images.igdb.com/igdb/image/upload/t_original/co4jpp.png,https://images.igdb.com/igdb/image/upload/t_original/scher4.png,2022-09-30T10:00:00.000Z,2022,PC,PC,,Abandoned,5,0,0,-1,0,0,-1,2.0,0.0,2022-10-01T16:55:54.806Z,2022-10-22T22:12:57.627Z,2022-10-01T16:55:54.806Z,,,false,2.5833333333333335,0.0,0.0,0,3,😎 Indie
05CED50D-DE3E-4387-A6EF-A2DF6977063C,194662,Q111023388,The Witcher IV,"The Witcher IV is a single-player, open-world RPG from CD PROJEKT RED. At the start of a new saga, players take on the role of Ciri, a professional monster slayer, and embark on a journey through a brutal dark-fantasy world.",CD Projekt RED,CD Projekt RED,https://images.igdb.com/igdb/image/upload/t_original/co95i0.png,https://images.igdb.com/igdb/image/upload/t_original/scg8zk.png,2029-01-01T07:59:59.000Z,2028,PC|Series X|S|PS5,PC,,Wanted,6,0,0,-1,0,0,0,0.0,0.0,,,,,,false,35.434444444444445,45.951388888888886,64.07111111111111,0,-1,
230988D0-29BA-435A-A920-F41DC77D75C3,195517,Q111538856,Return to Monkey Island,"Return to Monkey Island, the long-awaited follow-up to the legendary Secret of Monkey Island and Monkey Island 2: LeChuck's Revenge by Ron Gilbert's Terrible Toybox in collaboration with Devolver Digital and Lucasfilm Games, coming 2022.",Terrible Toybox,Devolver Digital,https://images.igdb.com/igdb/image/upload/t_original/co56kr.png,https://images.igdb.com/igdb/image/upload/t_original/scgy3v.png,2022-09-19T10:00:00.000Z,2022,PS5|Mac|Linux|iOS|PC|Android|Switch|Series X,PC,,Completed,4,3,50,-1,0,5,87,4.816666666666666,0.0,2022-09-19T18:06:21.007Z,2022-09-25T05:19:19.528Z,2022-09-19T18:06:21.007Z,,,false,10.028055555555556,11.899166666666666,17.015555555555554,0,3,🧩 Puzzle|🌍 Adventure
67D7FAE3-2435-4528-B8C6-419A7948E456,199132,Q122890976,Pizza Possum,A game about a very hungry possum causing mayhem in a picturesque beach town.,Cosy Computer,Raw Fury,https://images.igdb.com/igdb/image/upload/t_original/co6aj9.png,https://images.igdb.com/igdb/image/upload/t_original/scgrm1.png,2023-09-28T07:00:00.000Z,2023,Series X|S|PS5|PC|Switch,PC,,Abandoned,5,0,0,-1,0,0,76,0.48333333333333334,0.0,,2025-02-15T19:56:25.724Z,,,,false,1.0586111111111112,2.164722222222222,3.8241666666666667,0,3,
0CE7B52A-8FBE-40E9-BC1D-5E1FB35F2AE4,200165,Q110206584,Call of Duty: Modern Warfare II,Call of Duty: Modern Warfare II drops players into an unprecedented global conflict that features the return of the iconic Operators of Task Force 141.,Infinity Ward,Activision,https://images.igdb.com/igdb/image/upload/t_original/co4sbw.png,https://images.igdb.com/igdb/image/upload/t_screenshot_huge/sch5jv.png,2022-10-28T00:00:00.000Z,2022,PC|PS5|XONE|Series X|PS4,PC,PS5|Series X,Completed,4,1,100,-1,0,6,82,0.0,0.0,2022-10-20T16:47:28.990Z,2022-11-02T20:42:34.000Z,,,,false,7.720833333333333,9.618055555555555,16.20611111111111,0,-1,🔫 Shooter
CFD24E97-9BC6-4BE2-8797-BAD26ECAE43D,201156,Q112704136,Star Wars Jedi: Survivor,"The story of Cal Kestis continues in Star Wars Jedi: Survivor, a third-person, galaxy-spanning, action-adventure game from Respawn Entertainment, developed in collaboration with Lucasfilm Games. This narratively driven, single-player title picks up five years after the events of Star Wars Jedi: Fallen Order and follows Cal’s increasingly desperate fight as the galaxy descends further into darkness. Pushed to the edges of the galaxy by the Empire, Cal will find himself surrounded by threats new and familiar. As one of the last surviving Jedi Knights, Cal is driven to make a stand during the galaxy’s darkest times — but how far is he willing to go to protect himself, his crew, and the legacy of the Jedi Order?",Respawn Entertainment,Electronic Arts,https://images.igdb.com/igdb/image/upload/t_original/co5uzk.png,https://images.igdb.com/igdb/image/upload/t_original/sclchi.png,2023-04-28T07:00:00.000Z,2023,XONE|PC|Series X|S|PS5|PS4,PS5,PC|Series X,Completed,4,1,100,-1,0,6,84,0.0,0.0,2023-04-29T00:49:17.568Z,2023-05-12T01:31:05.934Z,2023-04-29T00:49:17.568Z,,,false,20.3925,33.78888888888889,55.382222222222225,0,1,🌍 Adventure
15AF441A-B93A-4214-A348-D9371C39F11A,201944,,Fall Guys: Season 1 - Free for All,"Welcome to Fall Guys: Season 1 - Free for All! You're invited to dive and dodge your way to victory in the pantheon of clumsy. Rookie or pro? Solo or partied up? Fall Guys delivers ever-evolving, high-concentrated hilarity and fun!",Mediatonic,Epic Games,https://images.igdb.com/igdb/image/upload/t_original/co4rn2.png,https://images.igdb.com/igdb/image/upload/t_original/sch2zy.png,2022-06-21T00:00:00.000Z,2022,PS5|PS4|XONE|Switch|Series X|PC,PS5,,Abandoned,5,0,4,-1,0,0,0,1.3,0.0,,2023-06-18T16:56:11.555Z,,,,false,0.0,0.0,0.0,0,-1,
762CE1B4-1DF9-4B79-BDB8-2864C8749B61,203331,,Monument Valley: Panoramic Edition,"Discover Monument Valley - A quest for forgiveness in a strikingly beautiful and mysterious world.

Embark on a journey of forgiveness along with Ida, the silent princess, through impossible environments and illusionary puzzles. Experience this meditative and calming puzzle game by manipulating monuments and creating evolving paths to explore new, surreal, and mysterious worlds.

Step into the new expanded world of Monument Valley: Panoramic Edition - and experience more intriguing impossibilities than ever before.",Ustwo Games,Ustwo Games,https://images.igdb.com/igdb/image/upload/t_original/co4u8r.png,https://images.igdb.com/igdb/image/upload/t_original/schavl.png,2022-07-12T10:00:00.000Z,2022,PC,PC,,Completed,4,3,0,-1,0,9,0,0.0,0.0,2022-07-13T17:43:02.000Z,2022-07-13T17:42:59.000Z,2022-07-13T17:43:02.000Z,,,false,1.4669444444444444,2.3647222222222224,2.56,0,2,🧩 Puzzle|💭 Strategy|🌍 Adventure|😎 Indie
213233F1-3D47-48A5-B963-6C7B02470D48,204356,Q112704855,Fort Solis,"Fort Solis is a single player third person thriller set on the far side of Mars. Engineer Jack Leary responds to a routine alarm. Upon arriving at a dormant Fort Solis he becomes unnerved by the lack of any staff at the base. As the night grows longer events begin to unravel and spiral out of control. The mystery of what Fort Solis was created for starts to appear along with its crew. Can Jack escape with what he has discovered and more importantly, his life?",Fallen Leaf,Plug In Digital,https://images.igdb.com/igdb/image/upload/t_original/co6j65.png,https://images.igdb.com/igdb/image/upload/t_screenshot_huge/schcmo.png,2023-08-22T07:00:00.000Z,2023,Series X|S|PS5|Mac|PC,PS5,PC,Completed,4,3,100,-1,0,4,61,0.0,0.0,2023-08-24T17:31:17.533Z,2023-08-24T21:37:25.683Z,2023-08-22T18:52:08.518Z,,,false,3.7127777777777777,4.4430555555555555,5.937222222222222,0,3,🌍 Adventure
61F420D9-0D99-4228-87F7-29F4BEBA9685,204628,Q112566486,Wo Long: Fallen Dynasty,"Wo Long: Fallen Dynasty is a historical fantasy action role-playing video game developed by Team Ninja and published by Koei Tecmo.

Set during a fictionalised version of the fall of the Han Dynasty, the plot follows an unnamed protagonist who battles historical characters and Chinese mythological creatures corrupted by demonic qi.",Team NINJA,Koei Tecmo Games,https://images.igdb.com/igdb/image/upload/t_original/co4v34.png,https://images.igdb.com/igdb/image/upload/t_screenshot_huge/schdtl.png,2023-03-03T00:00:00.000Z,2023,PS4|Series X|S|XONE|PC|PS5,Series X,PS5|PC,Completed,4,1,100,-1,0,6,80,0.016666666666666666,0.0,2023-03-05T01:13:48.003Z,2023-03-05T20:22:37.115Z,2023-03-05T01:13:48.003Z,,,false,25.34027777777778,34.5925,47.04055555555556,0,3,⚔️ RPG|🌍 Adventure
79710455-12DA-4916-9F58-1113E64B8C27,204634,Q112435027,The Alters,"Explore an emotional sci-fi game with a unique blend of survival, adventure, and base-building elements. Help Jan Dolski, the sole survivor of an ill-fated space expedition, create alternative versions of himself to escape a hostile planet and tackle personal turmoils with this unconventional crew.",11 bit studios,11 bit studios,https://images.igdb.com/igdb/image/upload/t_original/co8ype.png,https://images.igdb.com/igdb/image/upload/t_original/schdog.png,2025-06-13T07:00:00.000Z,2025,Series X|S|PC|PS5,PC,,Completed,4,2,100,-1,0,7,86,0.0,0.0,2025-06-13T18:56:06.678Z,2025-07-08T03:15:10.365Z,2025-06-13T18:56:04.954Z,,,false,18.338055555555556,23.863333333333333,42.32944444444445,1,3,
0B38D4B0-07C2-447A-865D-3BCB07EC5584,205201,Q112620598,Crisis Core: Final Fantasy VII - Reunion,"Crisis Core: Final Fantasy VII - Reunion is an HD remaster of the smash hit prequel to Final Fantasy VII. In addition to all graphics being remastered in HD, fully voiced dialogue and new soundtrack arrangements make for a dynamic new retelling of a beloved classic.",Tose,Square Enix,https://images.igdb.com/igdb/image/upload/t_original/co5afd.png,https://images.igdb.com/igdb/image/upload/t_original/schgi7.png,2022-12-13T00:00:00.000Z,2022,XONE|PS4|Series X|PS5|Switch|PC,PC,Series X|PS5,Completed,4,3,100,-1,0,4,81,5.266666666666667,0.0,2023-04-04T15:46:00.000Z,2023-04-06T20:16:10.942Z,2022-12-06T16:46:55.572Z,,,false,0.0,0.0,0.0,0,3,⚔️ RPG
FF30F16C-FE93-4E42-86D3-42B45587E824,213237,Q113510585,Alone in the Dark,"Alone in the Dark weaves a chilling tapestry of psychological horror and Southern Gothic charm, reimagining the iconic game that set the benchmark for the genre. We invite you to join us on a journey into madness, where each encounter could be your last. With each step you take closer to unravelling Derceto's mystery, the eyes that watch from the darkness grow hungrier. Every bullet means the difference between survival and an unthinkable end. The next door you unlock could lead to a nightmarish realm offering nothing but slashing claws, grasping tentacles, and frayed sanity. Journey to interbellum Louisiana, where an era of decadence hides a darker tale - of escape from past traumas and an intolerant society, into the waiting grasp of something darker, something that has patiently lurked for impossible eons. This is Alone in the Dark as you've never seen it - a skillfully-woven narrative of Southern Gothic elegance and eldritch madness that pays homage to its legendary origins while taking the next step forward in survival horror storytelling.",Pieces Interactive,THQ Nordic,https://images.igdb.com/igdb/image/upload/t_original/co52t8.png,https://images.igdb.com/igdb/image/upload/t_original/scic8h.png,2024-03-20T07:00:00.000Z,2024,PC|Series X|S|PS5,PC,Series X|PS5,Completed,4,3,100,-1,0,7,65,5.716666666666667,0.0,2024-04-02T04:05:58.093Z,2024-04-07T02:18:37.709Z,2024-03-20T16:49:27.596Z,,,false,7.267222222222222,10.611944444444445,16.47,0,2,
9EE70667-3201-4E4E-A020-4D66BBDF9330,214394,Q113585920,Dune: Awakening,"Dune: Awakening is an open-world survival game set on the desert planet Arrakis. Players create a custom character and must manage thirst, maintain stillsuits, and contend with environmental hazards like sandstorms, extreme heat, and roaming sandworms. The game involves scavenging resources, crafting equipment, building shelters, and competing with other players to harvest and transport spice. As players progress, they advance through phases from basic survival to leading a guild, eventually participating in faction warfare between House Atreides and House Harkonnen. The game features single-player, and multiplayer which can be fully played in PvE with dedicated PvP zones.",Funcom,Funcom,https://images.igdb.com/igdb/image/upload/t_original/cobf3a.png,https://images.igdb.com/igdb/image/upload/t_original/scii22.png,2025-06-05T07:00:00.000Z,2025,Series X|S|PC|PS5,PC,,Queued,2,0,0,-1,0,0,80,0.0,0.0,,,2026-09-22T04:15:54.551Z,,,false,59.2,143.27916666666667,298.0125,0,3,
0246BDEA-E217-41B0-93AC-6F474611CA13,214414,Q113586305,Where Winds Meet,"Where Winds Meet is an open world RPG set in the Ten Kingdoms period of medieval China. You take on the role of a swordsman who has grown up during war and conflict. Gameplay includes a mix of sword fighting, martial arts, and magic combat.",Everstone Studio,NetEase Games,https://images.igdb.com/igdb/image/upload/t_original/coauhs.png,https://images.igdb.com/igdb/image/upload/t_original/scuxp9.png,2025-11-14T08:00:00.000Z,2025,Android|PC|PS5|iOS,PC,,Abandoned,5,0,0,-1,0,0,74,0.6166666666666667,0.0,,2025-12-06T22:20:19.426Z,2025-11-29T06:16:39.897Z,,,false,25.0,63.5,0.0,0,1,
5A58D14F-1D66-4088-BE6A-C2E1662E433C,215769,Q113826614,Cyberpunk 2077: Phantom Liberty,"Phantom Liberty is a spy-thriller expansion for the open-world action RPG Cyberpunk 2077. The narrative centers on the aftermath of the President of the New United States of America's orbital shuttle being shot down over Dogtown, one of Night City’s most dangerous districts. Players control V, a mercenary tasked with navigating a complex web of espionage and political intrigue.

The expansion introduces Dogtown, a heavily militarized, autonomous zone ruled by a strict and authoritarian leader. With support from NUSA sleeper agent Solomon Reed (voiced by Idris Elba) and returning character Johnny Silverhand (voiced by Keanu Reeves), players engage in a story involving shifting alliances and covert operations. Designed for next-generation hardware, Phantom Liberty features new gameplay mechanics, side activities, and a main storyline centered on themes of power, trust, and survival.",CD Projekt RED,CD Projekt RED,https://images.igdb.com/igdb/image/upload/t_original/co7566.png,https://images.igdb.com/igdb/image/upload/t_original/scin4o.png,2023-09-26T07:00:00.000Z,2023,Mac|PC|PS5|Series X|S,PC,Series X|PS5,Completed,4,2,95,-1,0,9,88,20.0,0.0,2023-09-25T23:13:15.951Z,2023-10-23T19:50:27.416Z,2023-09-25T23:12:50.691Z,,,false,13.106111111111112,22.386944444444445,30.939166666666665,1,0,🔫 Shooter|⚔️ RPG
82427A7B-DDBD-4EC8-9A70-1229CA640B1A,216315,Q115815979,Marvel 1943: Rise of Hydra,"This narrative-driven ensemble game stars Captain America Steve Rogers, Black Panther Azzuri (T'Challa's grandfather), U.S. soldier and member of the Howling Commandos Gabriel Jones, and leader of the fledgling Wakandan Spy Network, Nanali.

All four characters will be playable at different parts of the story. According to Skydance, players can look forward to ""intuitive controls and exhilarating second-to-second gameplay that captures the action and excitement of Marvel, inspired by landmark comics, television, and films, as they navigate this all-new glob-trotting adventure.""",Skydance New Media,Skydance New Media,https://images.igdb.com/igdb/image/upload/t_original/coa1rh.png,https://images.igdb.com/igdb/image/upload/t_original/scrd4j.png,2028-01-01T07:59:59.000Z,2027,PS5|PC|Series X|S,PC,,Wanted,6,0,0,-1,0,0,0,0.0,0.0,,,,,,false,0.0,0.0,0.0,0,-1,
02DC3FF3-E9DC-4DAB-A6E1-A3E1D071E3C9,217404,Q124016810,The Axis Unseen,"The Axis Unseen is a heavy metal horror game created by one of the developers of Skyrim, Starfield and Fallout. Hunt nightmarish monsters from ancient folklore in a mysterious open world, collecting their enhanced sense powers and discovering elemental arrows.",Just Purkey Games,Just Purkey Games,https://images.igdb.com/igdb/image/upload/t_original/co6icl.png,https://images.igdb.com/igdb/image/upload/t_original/sciw5h.png,2024-10-22T07:00:00.000Z,2024,PC,PC,,Abandoned,5,0,2,-1,0,0,75,0.11666666666666667,0.0,,2024-11-02T03:19:28.139Z,2024-10-25T01:11:45.920Z,,,false,16.0,38.416666666666664,0.0,0,0,
DE815BAE-976B-42C8-A09B-0E0F8E1ADAC4,217594,Q113961028,Rise of the Ronin,"Rise of the Rōnin is a combat focused open-world action RPG that takes place in Japan at a time of great change. It is the very end of a 300-year long Edo Period, commonly known as “Bakumatsu”. Set in the late 19th century, Japan is facing the darkest of times as it struggles with its oppressive rulers and deadly diseases while western influence permeates as civil war continues to rage between the Tokugawa Shogunate and the Anti-Shogunate factions.",Team NINJA,Sony Interactive Entertainment,https://images.igdb.com/igdb/image/upload/t_original/co59v0.png,https://images.igdb.com/igdb/image/upload/t_original/scix68.png,2024-03-22T07:00:00.000Z,2024,PS5,PS5,,Abandoned,5,0,15,-1,0,5,77,0.0,0.0,2024-03-23T05:20:10.872Z,2024-04-11T00:52:06.750Z,2024-03-20T16:50:50.246Z,,,false,20.61277777777778,47.33222222222222,68.70138888888889,0,-1,⚔️ RPG
86FE95F4-E0F0-469E-8996-E4C4D3706833,217624,Q116980103,Like a Dragon Gaiden: The Man Who Erased His Name,This game covers Kiryu's story between Like a Dragon 7 and Like a Dragon 8.,Ryū Ga Gotoku Studios,Sega,https://images.igdb.com/igdb/image/upload/t_original/co6ln4.png,https://images.igdb.com/igdb/image/upload/t_original/scmvde.png,2023-11-09T08:00:00.000Z,2023,XONE|PS5|Series X|PC|PS4,Series X,,Abandoned,5,0,0,-1,0,0,79,0.0,0.0,,,,,,false,12.234166666666667,21.10527777777778,32.45027777777778,0,3,
D2BDB31A-6387-412E-BA83-9F0C61A2921A,218277,Q115633684,Portal with RTX,"Experience the critically acclaimed and award-winning Portal reimagined with ray tracing in this free DLC for Portal owners. Start thinking with portals, with RTX on.",,,https://images.igdb.com/igdb/image/upload/t_original/co5b9z.png,https://images.igdb.com/igdb/image/upload/t_original/sciylb.png,2022-12-08T08:00:00.000Z,2022,PC,PC,,Abandoned,5,0,0,-1,0,0,85,0.11666666666666667,0.0,2022-12-09T01:46:58.764Z,2022-12-09T01:46:54.864Z,2022-12-09T01:46:58.764Z,,,false,3.12,5.190555555555555,9.846111111111112,0,1,
239C997D-4342-45B2-84E3-6EBAEF2C56A4,218974,,Hitman: Absolution HD,It is a remaster with improved graphics for PS4/XBOX One,IO Interactive,Square Enix,https://images.igdb.com/igdb/image/upload/t_original/co6hdm.png,https://images.igdb.com/igdb/image/upload/t_original/scmhuz.png,2019-01-11T08:00:00.000Z,2019,XONE|PS4,XONE,,Completed,4,1,100,-1,0,7,0,0.0,0.0,,2022-07-16T18:05:00.000Z,,,,false,0.0,0.0,0.0,0,-1,
57E2BE03-E699-4EBC-9891-8E93009D6E44,222341,Q114770599,Silent Hill 2,"Silent Hill 2 Remake is a ground-up reimagining of the 2001 psychological horror game. It follows James Sunderland as he searches for his deceased wife in the fog-shrouded town of Silent Hill. The remake features entirely rebuilt visuals in Unreal Engine 5, over-the-shoulder gameplay, reworked combat, and new voice acting.",Bloober Team,Konami,https://images.igdb.com/igdb/image/upload/t_original/co5l7s.png,https://images.igdb.com/igdb/image/upload/t_original/scjfme.png,2024-10-08T07:00:00.000Z,2024,PC|Series X|S|PS5,PC,PS5,Completed,4,3,100,-1,0,7,86,10.0,0.0,2024-12-05T06:16:07.922Z,2024-12-21T05:23:40.143Z,2024-10-08T07:12:50.433Z,,,false,15.603055555555555,17.669444444444444,28.934722222222224,0,1,🧩 Puzzle
88DD023C-263C-4EAC-9C80-13F7905BE309,222342,Q114771189,Silent Hill: Townfall,"Silent Hill: Townfall is a full-length, self-contained psychological horror set against the cold, isolated backdrop of Scotland, 1996.

Players can explore St. Amelia, where fog-soaked streets, abandoned communities, and forgotten corners tell their story through atmosphere and history. Reality and delusion subtly intertwine to lure players into the depths of St. Amelia's grounded, tangible world.",Screen Burn,Annapurna Interactive,https://images.igdb.com/igdb/image/upload/t_original/coc5sw.png,https://images.igdb.com/igdb/image/upload/t_original/scjfq5.png,2026-09-24T06:00:00.000Z,2026,PC|PS5,PC,,Queued,2,0,0,-1,0,0,80,0.0,0.0,,,,,,false,12.91638888888889,15.188333333333333,26.785555555555554,0,0,
8CDF95DC-C3DC-4412-B9DE-7235C4DB247F,222343,Q114772020,Silent Hill f,"Silent Hill f is a survival horror game published by Konami as part of the Silent Hill series.
It is set in rural Japan during the 1960s, marking a departure from the franchise’s traditional Western settings. The story is written by Ryukishi07 and focuses on psychological horror, social pressure, and transformation.",NeoBards Entertainment,Konami,https://images.igdb.com/igdb/image/upload/t_original/co9wy4.png,https://images.igdb.com/igdb/image/upload/t_original/.png,2025-09-25T07:00:00.000Z,2025,Series X|S|PC|PS5,PC,,Completed,4,3,100,-1,0,6,86,11.0,0.0,2025-09-25T21:36:51.003Z,2025-09-28T00:14:12.080Z,,,,false,10.661944444444444,16.40277777777778,34.27638888888889,0,2,
9DCD381B-51E6-42DB-BCFB-A674D4D4AC4F,222803,Q114858023,Age of Mythology: Retold,"Enter the age of gods, heroes, and monsters! Age of Mythology: Retold is a real-time strategy game where myths and humans collide. Secure your domain, command legendary monsters, and call upon the power of the gods to crush your enemies—or band together with friends to defeat the Arena of the Gods.",World's Edge,Xbox Game Studios,https://images.igdb.com/igdb/image/upload/t_original/co7tmf.png,https://images.igdb.com/igdb/image/upload/t_original/scqt64.png,2024-09-04T07:00:00.000Z,2024,PC|Series X|S,PC,,Abandoned,5,0,0,-1,0,0,82,0.0,0.0,,2024-08-15T21:48:46.837Z,,,,false,16.6675,0.0,33.0,0,2,
84CAFBC3-3FE3-4F1F-A218-956E378A29C3,223134,Q114968454,"El Paso, Nightmare","Slay hordes of vampires, werewolves, and Biblically-accurate angels in this standalone survival horror FPS side story from the El Paso, Elsewhere universe.",Strange Scaffold,Strange Scaffold,https://images.igdb.com/igdb/image/upload/t_original/co5q5q.png,https://images.igdb.com/igdb/image/upload/t_original/scjq5z.png,2022-10-25T07:00:00.000Z,2022,PC,PC,,Abandoned,5,0,0,-1,0,0,0,0.0,0.0,,2023-12-04T20:29:14.059Z,,,,false,1.25,1.5,1.5158333333333334,0,0,
CFF389E8-7E16-4E1F-A018-F5AF2F59A3A6,224511,Q131434358,Thick as Thieves,"Enter the shadows in this introduction to Thick as Thieves. In the shadow-draped streets of Kilcairn, fortune favours the bold. As a member of the Thieves' Guild, you'll undertake daring heists to claim precious heirlooms and uncover arcane secrets hidden within this alternate-history 1910s Scottish city, where magic and early technology have begun to collide.

Whether working alone or playing online co-op, only the most cunning will seize their fortune in Thick as Thieves!",OtherSide Entertainment,Megabit Publishing,https://images.igdb.com/igdb/image/upload/t_original/co95gz.png,https://images.igdb.com/igdb/image/upload/t_original/scjopi.png,2026-05-20T07:00:00.000Z,2026,Series X|S|PC|PS5,PC,,Abandoned,5,0,0,-1,0,0,69,0.21666666666666667,0.0,,2026-05-25T00:05:49.071Z,,,,false,6.416666666666667,0.0,0.0,0,0,
8BEB1205-378D-45C8-8DFD-E4E050CAA61F,225582,Q116947317,Control Resonant,Explore a warped Manhattan on the brink of paranatural annihilation in this thrilling action-adventure RPG. Unleash the extraordinary powers of Dylan Faden as he fights for his humanity and survival against a reality-bending cosmic threat.,Remedy Entertainment,Remedy Entertainment,https://images.igdb.com/igdb/image/upload/t_original/cob0fw.png,https://images.igdb.com/igdb/image/upload/t_original/scuxut.png,2026-09-24T07:00:00.000Z,2026,Mac|PS5|PC|Series X|S,PC,,In Progress,1,0,0,-1,0,0,82,1.2666666666666666,0.0,2026-10-01T15:51:45.822Z,,,,,false,19.0,21.833333333333332,0.0,0,0,
8614C991-3601-4084-B582-44024722D8A8,228525,Q115641620,Hades II,Battle beyond the Underworld using dark sorcery to take on the Titan of Time in this bewitching sequel to the award-winning rogue-like dungeon crawler.,Supergiant Games,Supergiant Games,https://images.igdb.com/igdb/image/upload/t_original/co84n4.png,https://images.igdb.com/igdb/image/upload/t_original/scka7e.png,2024-05-06T07:00:00.000Z,2024,PC,PC,,Completed,4,1,0,-1,0,7,89,11.016666666666667,0.0,2024-05-06T19:01:51.408Z,2024-05-08T23:32:54.074Z,2024-05-06T19:01:51.408Z,,,false,16.477777777777778,25.678333333333335,40.01611111111111,0,3,
94A00F32-9A5B-47F7-9BB4-8438223CC8CD,228527,Q115641623,Judas,A disintegrating starship. A desperate escape plan. You are the mysterious and troubled Judas. Your only hope for survival is to make or break alliances with your worst enemies. Will you work together to fix what you broke – or will you leave it to burn?,Ghost Story Games,Ghost Story Games,https://images.igdb.com/igdb/image/upload/t_original/coacvh.png,https://images.igdb.com/igdb/image/upload/t_original/scka7p.png,4001-01-01T00:00:00.000Z,3000,Series X|S|PC|PS5,PC,Series X|PS5,Wanted,6,0,0,-1,0,0,0,0.0,0.0,,,,,,false,0.7333333333333333,0.75,0.8333333333333334,0,0,
CA294D3C-D02C-4810-A723-7DEE0C26B0CF,228530,Q115641709,Death Stranding 2: On the Beach,"Embark on an inspiring mission of human connection beyond the UCA. Sam — with companions by his side — sets out on a new journey to save humanity from extinction. Join them as they traverse a world beset by otherworldly enemies, obstacles and a haunting question: should we have connected?",Kojima Productions,Sony Interactive Entertainment,https://images.igdb.com/igdb/image/upload/t_original/co9ipx.png,https://images.igdb.com/igdb/image/upload/t_original/scka9f.png,2025-06-26T07:00:00.000Z,2025,PC|PS5,PS5,,Completed,4,2,100,-1,0,9,89,0.18333333333333332,0.0,2025-06-25T17:25:23.165Z,2025-09-07T04:26:35.144Z,2025-06-23T22:12:45.914Z,,,false,35.18361111111111,62.94361111111111,114.6025,1,0,
AEFEF0C7-730B-4E0C-A5DE-E4486B91B203,228533,Q115641819,Horizon Forbidden West: Burning Shores,"Travel beyond the Forbidden West as Aloy’s story continues. Encounter new machines and a compelling new story.

South of the Tenakth Clan Lands, millennia of volcanic eruptions and violent seismic activity have carved the ruins of Los Angeles into a treacherous archipelago. Experience the next chapter of Horizon Forbidden West as Aloy pursues a sinister new threat to the planet, hidden among these dangerous, untamed wilds.",Guerrilla Games,Sony Interactive Entertainment,https://images.igdb.com/igdb/image/upload/t_original/co6a9w.png,https://images.igdb.com/igdb/image/upload/t_original/sckabs.png,2023-04-19T10:00:00.000Z,2023,PS5,PS5,,Completed,4,3,100,-1,0,6,80,4.0,0.0,2023-04-18T19:11:49.426Z,2023-04-19T22:56:55.896Z,2023-04-19T19:09:00.000Z,,,false,0.0,0.0,0.0,0,-1,
C758B047-A7CA-4D0D-97E4-7EF91DAC7233,228535,Q115641826,Remnant II,"Remnant II is the sequel to the best-selling game Remnant: From the Ashes that pits survivors of humanity against new deadly creatures and god-like bosses across terrifying worlds. Play solo or co-op with two other friends to explore the depths of the unknown to stop an evil from destroying reality itself. To succeed, players will need to rely on their own skills and those of their team to overcome the toughest challenges and to stave off humanity’s extinction.",Gunfire Games,Gearbox Publishing,https://images.igdb.com/igdb/image/upload/t_original/co6lnp.png,https://images.igdb.com/igdb/image/upload/t_original/scka81.png,2023-07-25T00:00:00.000Z,2023,PS5|Series X|PC,PC,PS5|Series X,Completed,4,3,100,-1,0,5,83,4.05,0.0,2023-08-08T17:41:42.754Z,2023-08-09T02:15:01.189Z,2023-08-04T22:14:43.719Z,,,false,20.131944444444443,27.567222222222224,56.782222222222224,0,3,
F6DB01CD-8B31-43CF-92CD-AA34C977B614,228539,Q115641841,Banishers: Ghosts of New Eden,Hunt ghosts as two memorable characters in a story driven Action-RPG where your decisions have dramatic consequences. Solve haunting cases and battle supernatural forces combining Antea’s spiritual powers and Red’s arsenal.,DON'T NOD,Focus Entertainment,https://images.igdb.com/igdb/image/upload/t_original/co6lmo.png,https://images.igdb.com/igdb/image/upload/t_original/scnd7r.png,2024-02-13T08:00:00.000Z,2024,PC|PS5|Series X,PC,,Abandoned,5,0,10,-1,0,5,79,3.816666666666667,0.0,2024-02-16T01:57:27.849Z,2024-03-22T19:12:59.631Z,,,,false,20.717777777777776,44.190555555555555,59.86555555555555,0,2,
2D15EEF5-061E-4682-9880-C5FF53A487A0,228542,Q115641899,Armored Core VI: Fires of Rubicon,"By combining FromSoftware’s longstanding expertise in mech games and their signature robust gameplay, Armored Core VI: Fires of Rubicon will be a new action experience.",FromSoftware,FromSoftware,https://images.igdb.com/igdb/image/upload/t_original/co6ffo.png,https://images.igdb.com/igdb/image/upload/t_original/scka8o.png,2023-08-25T07:00:00.000Z,2023,PS5|PS4|XONE|Series X|PC,PS5,PC|Series X,Completed,4,3,100,-1,0,6,85,5.4,0.0,2023-08-25T18:03:47.867Z,2023-08-28T22:16:01.662Z,2023-08-25T18:03:47.867Z,,,false,16.846944444444443,27.026944444444446,47.64333333333333,0,2,
8F918035-74F7-4D33-824D-22EA852091AC,234701,,Persona 3 Portable,"If I say there’s an hour “hidden” between one day and the next... would you believe me? Master the power of the heart, Persona, and uncover the tragic truth of the Dark Hour.

Experience the iconic, critically acclaimed RPG that reinvented the Persona series, Persona 3 Portable.",Atlus,Sega,https://images.igdb.com/igdb/image/upload/t_original/co63fj.png,https://images.igdb.com/igdb/image/upload/t_original/sckwya.png,2023-01-19T08:00:00.000Z,2023,PS4|Series X|S|Switch|XONE|PC,PC,,Abandoned,5,0,0,-1,0,0,80,0.0,0.0,,2026-02-23T17:14:57.222Z,,,,false,64.55805555555555,81.07972222222222,123.75,0,-1,
1D70FD0C-E20D-4CB6-B068-83C6DA3E6119,234702,,Persona 4 Golden,"A coming of age story that sets the protagonist and his friends on a journey kickstarted by a chain of serial murders.

Now available on modern platforms, the world-renowned Persona 4 Golden promises unforgettable adventures, meaningful bonds, and heartwarming experiences.",Atlus,Sega,https://images.igdb.com/igdb/image/upload/t_original/co63fe.png,https://images.igdb.com/igdb/image/upload/t_original/sckwzo.png,2020-06-13T07:00:00.000Z,2020,PC|XONE|Switch|Series X|S|PS4,PC,,Abandoned,5,0,0,-1,0,0,88,0.0,0.0,,2026-02-23T17:14:46.146Z,,,,false,67.09972222222223,84.0988888888889,133.99694444444444,0,-1,
23598BE3-4ABB-4941-A22B-36DCEB40EC81,237780,Q115249849,Directive 8020,"Earth is dying and humanity is running out of time. 12 light years from home, Tau Ceti f offers a small sliver of hope. When the colony ship Cassiopeia crash lands on the planet, its crew soon realize they are far from being alone. In space, death takes many forms.",Supermassive Games,Bandai Namco Entertainment,https://images.igdb.com/igdb/image/upload/t_original/co8t96.png,https://images.igdb.com/igdb/image/upload/t_original/sclbc9.png,2026-05-12T07:00:00.000Z,2026,PS5|Series X|S|PC,PC,,Completed,4,1,0,-1,0,0,72,0.0,0.0,2026-06-19T15:53:05.244Z,2026-06-19T17:08:07.262Z,,,,false,7.847777777777778,9.885833333333334,15.266944444444444,0,3,
9E71FE94-33D8-4EA5-B242-3967AC5D2308,240558,Q118136346,F1 23,"The award-winning F1 series is the official videogame of the FIA Formula One World Championship, putting players in the driving seat of the greatest racing spectacle on Earth.",Codemasters,EA Sports,https://images.igdb.com/igdb/image/upload/t_original/co6g3a.png,https://images.igdb.com/igdb/image/upload/t_original/sclljq.png,2023-06-16T07:00:00.000Z,2023,XONE|PC|Series X|PS5|PS4,PC,,Abandoned,5,0,0,-1,0,0,84,0.21666666666666667,0.0,,2023-12-14T20:57:42.326Z,,,,false,7.153888888888889,16.236666666666668,36.85111111111111,0,2,
D0D09EA6-D05E-4A74-9F00-C0BA0B18E28A,242408,Q111165107,Counter-Strike 2,"For over two decades, Counter-Strike has offered an elite competitive experience, one shaped by millions of players from across the globe. And now the next chapter in the CS story is about to begin. This is Counter-Strike 2.

A free upgrade to CS:GO, Counter-Strike 2 marks the largest technical leap in Counter-Strike’s history. Built on the Source 2 engine, Counter-Strike 2 is modernized with realistic physically-based rendering, state of the art networking, and upgraded Community Workshop tools.",Valve Software,Valve Software,https://images.igdb.com/igdb/image/upload/t_original/co6ab2.png,https://images.igdb.com/igdb/image/upload/t_original/scmqiy.png,2023-03-22T07:00:00.000Z,2023,PC,PC,,Abandoned,5,0,0,-1,0,0,80,0.0,0.0,,,2023-09-27T21:30:47.726Z,,,false,52.8525,364.8802777777778,751.4838888888889,0,-1,
2A5B3A7A-2711-4007-934E-B6C982624A14,246166,Q117768892,Harry Potter: Quidditch Champions,Your next chapter takes flight! Immerse yourself in the enchanting world of Quidditch by playing solo or sharing the magic with friends and family.,Unbroken Studios,Portkey Games,https://images.igdb.com/igdb/image/upload/t_original/co8ire.png,https://images.igdb.com/igdb/image/upload/t_original/scm6gf.png,2024-09-03T07:00:00.000Z,2024,Series X|S|PC|XONE|PS5|Switch|PS4,PS5,,Abandoned,5,0,0,-1,0,0,65,0.05,0.0,,2024-09-09T19:44:13.104Z,,,,false,4.214166666666666,13.323055555555555,21.997777777777777,0,-1,
1B99B0D7-B35D-44C3-A661-542D75F613D2,250617,Q106835809,Ghostrunner II,"Ghostrunner II is a hardcore FPP slasher set in a post-apocalyptic, cyberpunk world. Featuring everything fans loved about Ghostrunner plus incredible boss fights, new interactive story, thrilling motorbike levels, improved skills, and more cyber ninja action.",One More Level,505 Games,https://images.igdb.com/igdb/image/upload/t_original/co6z3l.png,https://images.igdb.com/igdb/image/upload/t_original/scmnfg.png,2023-10-26T06:00:00.000Z,2023,PC|PS5|Series X,PS5,PC|Series X,Abandoned,5,0,1,-1,0,0,0,0.0,0.0,,2023-10-26T16:46:25.176Z,2023-05-25T19:30:00.206Z,,,false,7.752777777777778,9.2225,14.079722222222221,0,3,
B21B6399-EF93-4B2B-967B-3B2DDFA0DDFA,250620,Q118645491,Sword of the Sea,"Sword of the Sea is an action-adventure game developed by Giant Squid, the studio behind Abzû and The Pathless.

Set in a vast desert landscape, players control a character known as the Wraith, exploring ruins and uncovering a lost world. Movement is centered on the ""Hoversword,"" a tool that combines surfing, skateboarding, and snowboarding mechanics. The game emphasizes fluid traversal, atmospheric exploration, and light puzzle-solving.",Giant Squid,Giant Squid,https://images.igdb.com/igdb/image/upload/t_original/co9xx2.png,https://images.igdb.com/igdb/image/upload/t_original/scmngv.png,2025-08-19T07:00:00.000Z,2025,PC|PS5,PC,,Completed,4,3,100,-1,0,6,86,0.0,0.0,2025-09-11T04:27:35.894Z,2025-09-12T05:17:44.211Z,2025-08-19T16:22:23.870Z,,,false,2.743888888888889,3.745,10.179166666666667,0,1,
BAA710AC-071C-4C1A-8F45-04F2E04ED3A3,250630,Q118645622,Marathon,"A PvP-focused extraction shooter set on the mysterious planet of Tau Ceti IV, Marathon will see players inhabit the bodies of Runners, cybernetic mercenaries who have been designed to survive the planet’s harsh environments and explore the lost colony that once inhabited Tau Ceti’s surface. Players will engage solo or in crews of three, searching for mysterious alien artifacts, as well as for valuable loot and new weapons and gear that they can add to their collection.",Bungie,Bungie,https://images.igdb.com/igdb/image/upload/t_original/cobbf4.png,https://images.igdb.com/igdb/image/upload/t_original/scmnfu.png,2026-03-05T08:00:00.000Z,2026,PC|Series X|S|PS5,PC,,Abandoned,5,0,9,-1,0,6,75,0.016666666666666666,0.0,,2026-05-25T20:49:53.829Z,2023-05-25T19:29:41.461Z,,,false,13.275,0.0,0.0,0,1,
3ADDF802-0A5D-463D-8CA9-0C43BD0EA9AD,250634,Q118645540,Metal Gear Solid Delta: Snake Eater,"The same gripping story and engrossing world, but now with cutting-edge graphics and 3D audio, which bring the jungle to life. Get ready for the ultimate survival, stealth and action experience.",Konami Digital Entertainment,Konami,https://images.igdb.com/igdb/image/upload/t_original/co7lb7.png,https://images.igdb.com/igdb/image/upload/t_original/scmnkm.png,2025-08-28T07:00:00.000Z,2025,PS5|Series X|S|PC,PC,,Completed,4,3,100,-1,0,7,85,6.816666666666666,0.0,2025-08-27T00:18:03.979Z,2025-09-21T03:06:14.038Z,2023-05-25T00:56:11.597Z,,,false,12.1475,15.7175,25.19638888888889,0,1,
2ED4F7D3-9947-40DD-9130-DE9B6EBE9141,250635,Q118650385,Metal Gear Solid Master Collection: Volume 1,"Metal Gear Solid Master Collection: Volume 1 compiles the early entries in the Metal Gear series into a single package, offering players the opportunity to experience the origins of stealth action gameplay. The collection includes the following titles: Metal Gear, Metal Gear 2: Solid Snake, Metal Gear Solid (with VR Missions/Special Missions), Metal Gear Solid 2: Sons of Liberty (HD Collection version), Metal Gear Solid 3: Snake Eater (HD Collection version), as well as the NES/Famicom version of Metal Gear and Snake’s Revenge. Regional versions of the titles are available as additional downloads.

Additional content includes the digital graphic novels Metal Gear Solid: Digital Graphic Novel and Metal Gear Solid 2: Digital Graphic Novel. A set of digital books is also provided, comprising screenplay and master books for Metal Gear, Metal Gear 2: Solid Snake, Metal Gear Solid, Metal Gear Solid 2: Sons of Liberty, and Metal Gear Solid 3: Snake Eater. These books can be accessed from the game’s main menu.

The collection also features the Metal Gear Solid: Digital Soundtrack.",Konami,Konami,https://images.igdb.com/igdb/image/upload/t_original/co6jaw.png,https://images.igdb.com/igdb/image/upload/t_original/scn3ka.png,2023-10-24T07:00:00.000Z,2023,Switch|Series X|S|PS4|PC|PS5,PC,,Completed,4,3,61,-1,0,8,72,8.566666666666666,0.0,,2024-01-14T06:12:41.574Z,2023-06-26T16:52:20.590Z,,,false,0.0,0.0,0.0,0,2,
8C05F683-18D7-4216-AABE-8093CFBBCE72,251833,Q124357469,Balatro,"Balatro is a deck-building roguelite where you must play poker hands and earn chips to defeat enemy blinds. Enhance your deck of playing cards, buy Jokers to modify each hand you play, and discover new and wild synergies to win!",LocalThunk,Playstack,https://images.igdb.com/igdb/image/upload/t_original/co752b.png,https://images.igdb.com/igdb/image/upload/t_original/scmsev.png,2024-02-20T08:00:00.000Z,2024,XONE|PS4|PC|Switch|PS5|Series X,PC,,Abandoned,5,0,0,-1,0,0,92,0.06666666666666667,0.0,,2024-03-20T06:13:32.531Z,,,,false,5.761666666666667,32.049166666666665,127.63638888888889,0,3,
498252FD-8132-4F91-91A5-316AEAB849AF,252476,Q119224900,Prince of Persia: The Lost Crown,"Dash into a stylish and thrilling action-adventure platformer set in a mythological Persian world where the boundaries of time and space are yours to manipulate.
Play as Sargon and evolve from sword-wielding prodigy to extraordinary legend as you master acrobatic combat and unlock new Time Powers and unique super abilities.",Ubisoft Montpellier,Ubisoft Entertainment,https://images.igdb.com/igdb/image/upload/t_original/co6lli.png,https://images.igdb.com/igdb/image/upload/t_original/scmvmx.png,2024-01-17T17:00:00.000Z,2024,Switch|PS4|Series X|PS5|PC|XONE,PC,PC|Series X|PS5|Switch,Completed,4,2,100,-1,0,8,86,0.0,0.0,2024-01-22T03:11:03.508Z,2024-02-01T19:16:44.726Z,2024-01-15T05:49:42.962Z,,,false,16.479166666666668,23.44,30.43027777777778,1,-1,
74CF9048-E5D9-4AD4-BBB8-72EF24B26542,252478,Q119225008,Sonic Superstars,"Adventure through the mystical Northstar Islands in this all-new take on classic 2D Sonic high-speed action platforming. Play as Sonic, Tails, Knuckles, and Amy Rose and harness all-new Emerald powers to move and attack in dynamic new ways. Navigate gorgeous, never-before-seen environments solo or with up to 3 other players and stop Dr. Eggman, Fang, and a mysterious new adversary from converting the islands' giant animals into Badniks before it's too late!",Arzest,Sega,https://images.igdb.com/igdb/image/upload/t_original/co6nm2.png,https://images.igdb.com/igdb/image/upload/t_original/scmvak.png,2023-10-17T06:00:00.000Z,2023,Series X|Switch|PC|PS4|PS5|XONE,Switch,Series X|PC|PS5,Abandoned,5,0,0,-1,0,0,72,0.0,0.0,2023-11-02T20:26:19.829Z,2023-11-03T07:24:07.863Z,2023-06-21T16:30:19.709Z,,,false,5.128333333333333,8.121666666666666,16.2975,0,2,
4BB60441-58A8-46DE-9E76-45A4D4A137CD,252647,Q119294958,Persona 3 Reload,"Step into the shoes of a transfer student thrust into an unexpected fate when entering the hour ""hidden"" between one day and the next. Awaken an incredible power and chase the mysteries of the Dark Hour, fight for your friends, and leave a mark on their memories forever.

Persona 3 Reload is a captivating reimagining of the genre-defining RPG, reborn for the modern era.",Atlus,Sega,https://images.igdb.com/igdb/image/upload/t_original/co6z12.png,https://images.igdb.com/igdb/image/upload/t_original/scmww8.png,2024-02-02T08:00:00.000Z,2024,Switch 2|Series X|S|PC|XONE|PS5|PS4,PC,,Abandoned,5,0,0,-1,0,0,87,0.0,0.0,,2026-02-23T17:14:50.435Z,,,,false,64.62416666666667,85.57972222222222,99.19527777777778,0,-1,
BF4FCEE5-5410-4196-976D-6CB55E3E62EA,252828,Q119361054,33 Immortals,"33 Immortals is a co-op action-roguelike for 33 players. Play a damned soul, and rebel against God’s final judgment. Pick-up and raid, cooperate to survive hordes of monsters, defeat massive bosses, and face the wrath of God in a fight for your eternal life.",Thunder Lotus,Thunder Lotus,https://images.igdb.com/igdb/image/upload/t_original/co6lxk.png,https://images.igdb.com/igdb/image/upload/t_original/scmwo7.png,2025-03-18T07:00:00.000Z,2025,PC|Series X|S,PC,,Abandoned,5,0,0,-1,0,0,-1,0.0,0.0,,2025-04-30T01:01:14.613Z,2025-03-26T23:19:57.766Z,,,false,5.0,0.0,0.0,0,-1,
B3ACD2DC-0A72-4751-9AE7-21949232D4FA,252830,Q119361120,Microsoft Flight Simulator 2024,"Pursue your dream of an aviation career with Microsoft Flight Simulator 2024. This brand-new simulator is designed to take advantage of the latest technologies in simulation, cloud, machine learning, graphics and gaming to create the most sophisticated, immersive and awe-inspiring flight simulator of all time. To achieve this unprecedented level of accuracy, Microsoft Flight Simulator 2024 is powered by the significantly evolved Asobo Studio engine.",Asobo Studio,Xbox Game Studios,https://images.igdb.com/igdb/image/upload/t_original/co91qm.png,https://images.igdb.com/igdb/image/upload/t_original/scmwy9.png,2024-11-19T08:00:00.000Z,2024,PC|Series X|S,PC,,Abandoned,5,0,1,-1,0,0,73,0.0,0.0,2024-12-03T05:10:57.907Z,2024-12-03T05:16:56.483Z,,,,false,85.88,120.53333333333333,0.0,0,1,
AA3FF66B-EB09-4D10-9239-C610746DA0EC,252837,Q119361372,Still Wakes the Deep,1975. Disaster strikes the Beira D oil rig off the coast of Scotland. Navigate the collapsing rig to save your crew from an otherworldly horror on the edge of all logic and reality.,The Chinese Room,Secret Mode,https://images.igdb.com/igdb/image/upload/t_original/co8dbd.png,https://images.igdb.com/igdb/image/upload/t_original/scmwnr.png,2024-06-18T07:00:00.000Z,2024,PS5|PC|Series X|S,PC,,Abandoned,5,0,5,-1,0,4,76,0.5166666666666667,0.0,,2024-07-29T01:37:40.930Z,2024-06-15T22:36:39.057Z,,,false,4.582777777777777,5.526944444444444,6.2380555555555555,0,2,
F40FF08E-9C45-4234-A14C-31EA0C751A4C,252853,Q123859947,Citizen Sleeper 2: Starward Vector,"Roleplaying on the edge of a system in crisis. You are an escaped android, with a malfunctioning body, a price on your head and no memory of your past. Get a ship, find a crew, and keep both running as you navigate the shifting landscape of the Starward Belt. Can you build refuge among the stars?",Jump Over the Age,Fellow Traveller,https://images.igdb.com/igdb/image/upload/t_original/co6lyk.png,https://images.igdb.com/igdb/image/upload/t_original/scmwof.png,2025-01-31T08:00:00.000Z,2025,Mac|Series X|S|PS5|Switch|PC,PC,,Abandoned,5,0,0,-1,0,0,85,0.0,0.0,,2025-02-03T23:44:07.422Z,2025-02-03T23:44:05.848Z,,,false,9.577222222222222,14.9625,18.133333333333333,0,2,
85566443-162C-4299-BA74-8C80E0042269,255091,Q123015381,Wheel World,"Dive into Wheel World as Kat, a rider chosen by ancient cycling spirits. Race elite teams, trick out your bike, and perform the long overdue Great Shift ritual to save a universe on the brink! Your bike is your destiny.",Messhof,Annapurna Interactive,https://images.igdb.com/igdb/image/upload/t_original/co8ycw.png,https://images.igdb.com/igdb/image/upload/t_original/scn6ig.png,2025-07-23T07:00:00.000Z,2025,PS5|Series X|S|PC,PC,,Abandoned,5,0,0,-1,0,0,75,0.0,0.0,,2025-07-28T03:21:45.215Z,2025-07-23T18:49:28.419Z,,,false,4.291944444444445,5.99,8.36,0,3,
EB1FF01C-238D-433C-A3F8-D98E07E4E033,256291,Q125709883,Astor: Blade of the Monolith,"Journey across Gliese, a mystical world under threat by dark forces in this vibrant, action RPG. Aided by a mysterious presence, embark on a dangerous adventure with the power of the Runic Swarm in your hands. Crush the minions of evil on your path to fulfill your destiny and become the planet’s savior.

Aided by a mysterious presence, embark on a dangerous adventure with the power of the Runic Swarm in your hands. Crush the minions of evil on your path to fulfill your destiny and become the planet’s savior.

Play as Astor—a young Diokek engaged in a fight for his world’s survival as he attempts to unearth the secrets of the past. Learn new abilities, gain magical powers, and collect legendary weapons on your quest to stop an unholy ritual.",C2 Game Studio,Versus Evil,https://images.igdb.com/igdb/image/upload/t_original/co84m2.png,https://images.igdb.com/igdb/image/upload/t_original/scnaym.png,2024-05-30T07:00:00.000Z,2024,XONE|PC|Switch|PS4|Series X|S|PS5,PC,,Abandoned,5,0,0,-1,0,0,70,0.06666666666666667,0.0,2024-06-11T05:05:51.776Z,2024-06-11T05:05:56.535Z,2024-06-04T02:02:19.539Z,,,false,10.0,0.0,0.0,0,0,
2BF2B4B5-29D5-45BF-9EB9-6793A73A9C00,256666,,Time Breaker,"Immerse yourself in the multidimensional universe of Desordre. Solve intricate puzzles, push the boundaries of 4-dimensional thinking. Get ready for a unique experience where reflection takes on a whole new dimension",SHK Interactive,SHK Interactive,https://images.igdb.com/igdb/image/upload/t_original/co717p.png,https://images.igdb.com/igdb/image/upload/t_original/.png,2022-05-17T07:00:00.000Z,2022,PC,PC,,Abandoned,5,0,0,-1,0,0,0,0.0,0.0,,2023-12-07T21:31:42.299Z,2023-11-27T05:18:21.447Z,,,false,0.0,0.0,0.0,0,-1,
D9EF1E3A-6676-405C-A0DE-1E0F21D2008F,262186,Q123138197,Delta Force,Delta Force is a free-to-play multiplayer tactical first-person shooter reboot of the Delta Force series.,TiMi Studio Group,TiMi Studio Group,https://images.igdb.com/igdb/image/upload/t_original/co8pg1.png,https://images.igdb.com/igdb/image/upload/t_original/scnzqr.png,2024-12-05T08:00:00.000Z,2024,PC|iOS|PS5|Series X|S|Android,PC,,Abandoned,5,0,0,-1,0,0,-1,0.016666666666666666,0.0,,2024-12-06T22:31:27.245Z,2024-12-05T01:03:13.771Z,,,false,8.178333333333333,9.5,12.308333333333334,0,0,
1B9F177D-7FF2-441C-BB23-BDC5CDEC5435,262973,Q124690517,Star Wars: Dark Forces Remaster,"Star Wars: Dark Forces Remaster will use Nightdive Studio’s proprietary KEX engine, support up to 4K resolution at 120FPS, feature modern gamepad support, remastered cutscenes, and add trophies and achievements to the original game experience.

Players assume the role of Kyle Katarn, a mercenary hired by the Rebel Alliance to discover and destroy the Galactic Empire’s Dark Trooper project, a clandestine military operation created to develop Force-sensitive stormtroopers and battle droids. Star Wars: Dark Forces features several memorable locations from the original trilogy, including the interior of a Star Destroyer and Jabba the Hutt’s desert yacht, as well as new locations unique to the game.

Star Wars: Dark Forces has enjoyed a sizable cult following in the decades since its original release, having been added to the Steam storefront back in 2009 and even being partially canonized in official Star Wars lore with the introduction of the Dark Troopers in the second season of The Mandalorian.",Nightdive Studios,Lucas Arts,https://images.igdb.com/igdb/image/upload/t_original/co6zck.png,https://images.igdb.com/igdb/image/upload/t_original/scogfq.png,2024-02-29T08:00:00.000Z,2024,Series X|XONE|Switch|PS4|PC|PS5,PC,PS5|Series X,Abandoned,5,0,0,-1,0,0,80,0.2,0.0,,2024-02-29T00:35:35.163Z,2024-02-28T16:56:57.986Z,,,false,8.896944444444445,10.68,15.313333333333333,0,3,
9BA04368-DF34-46FA-AB7D-55D7DDE15B8E,263480,Q129641427,Starfield: Shattered Space,"This will be the first story expansion to Starfield. This DLC is bundled with Premium Edition (digital), Premium Edition Upgrade (digital), Premium Edition Upgrade (physical), and Constellation Edition of Starfield.",Bethesda Game Studios,Bethesda Softworks,https://images.igdb.com/igdb/image/upload/t_original/co8pg7.png,https://images.igdb.com/igdb/image/upload/t_original/scu1ol.png,2024-09-30T07:00:00.000Z,2024,PC|Series X|S,PC,,Completed,4,3,100,-1,0,7,56,5.0,0.0,2024-09-30T02:23:00.780Z,2024-10-07T20:21:02.659Z,2024-09-30T00:23:30.926Z,,,false,6.8277777777777775,12.990833333333333,19.720833333333335,2,0,
1D19677E-F0CB-488F-86AE-51AB9DB2EA40,264412,Q122234992,EA Sports WRC,"EA Sports WRC boasts 10 current WRC, WRC2, and Junior WRC vehicles and 68 of the most iconic rally cars spanning 60 years of the sport.

Working together with official WRC teams and manufacturers, such as Ford, Toyota, and Hyundai, each vehicle is built to tackle every challenge they'll face throughout the season. The hybrid-powered 4WD Rally1 cars are some of the fastest in the sport's history, capable of incredible speeds while tackling gravity-defying jumps, deteriorating surfaces, and adverse weather.",Codemasters,EA Sports,https://images.igdb.com/igdb/image/upload/t_original/co7aqn.png,https://images.igdb.com/igdb/image/upload/t_original/scoc9g.png,2023-11-03T07:00:00.000Z,2023,PC|Series X|PS5,PC,,Abandoned,5,0,3,-1,0,0,79,0.0,0.0,,2023-11-21T06:26:53.035Z,,,,false,13.704722222222221,26.8225,34.10611111111111,0,1,
94C6DCB8-919A-4D4A-B231-30DC8662D972,266690,,Paper Mario: The Thousand-Year Door,"A remaster of the second game in the Paper Mario series, originally released for the Nintendo GameCube.

Turn the page and join Mario and friends in an RPG adventure to discover the legendary treasure behind the ancient Thousand-Year Door. Will Mario complete his papery quest, or will he crumple under the pressure?",Intelligent Systems,Nintendo,https://images.igdb.com/igdb/image/upload/t_original/co83vd.png,https://images.igdb.com/igdb/image/upload/t_original/scrjl8.png,2024-05-23T07:00:00.000Z,2024,Switch,Switch,,Abandoned,5,0,0,-1,0,0,-1,0.0,0.0,,2024-05-19T03:27:42.312Z,2024-05-19T03:27:33.822Z,,,false,30.92861111111111,39.473333333333336,58.73083333333334,0,-1,
42593C59-990A-42C5-97A8-C53C93F2F198,279624,Q123698935,Big Walk,Hang out and get lost with close friends in a big world. A cooperative online walker-talker from the creators of Untitled Goose Game.,House House,Panic,https://images.igdb.com/igdb/image/upload/t_original/co7h9m.png,https://images.igdb.com/igdb/image/upload/t_original/scpuym.png,2026-08-04T07:00:00.000Z,2026,Switch 2|Mac|PC|PS5,PC,,Abandoned,5,0,0,-1,0,0,89,2.966666666666667,0.0,,2026-08-06T03:35:20.871Z,2023-12-08T01:36:23.000Z,,,false,11.306666666666667,11.810277777777777,19.991944444444446,0,3,
7EA5FB61-AEC0-4513-8BC8-BD0589846B86,279627,Q123698954,No Rest for the Wicked,"From Moon Studios, the award-winning developers of Ori and the Blind Forest and Ori and the Will of the Wisps comes No Rest for the Wicked, a visceral, precision Action RPG set to reinvent the genre.",Moon Studios,Private Division,https://images.igdb.com/igdb/image/upload/t_original/co7h9r.png,https://images.igdb.com/igdb/image/upload/t_original/scpv0z.png,2024-04-18T07:00:00.000Z,2024,PC|Series X|PS5,PC,,Completed,4,1,80,-1,0,5,72,4.0,0.0,2024-04-30T05:53:03.184Z,2024-05-06T19:01:19.523Z,2024-04-18T18:33:40.337Z,,,false,5.0,21.525,0.0,0,0,
F5C33D3C-4784-4975-BAC8-712A2B9F56E5,279641,Q123699054,Tales of Kenzera: Zau,"Wield the dance of the shaman. Reclaim your father’s spirit. Brave the beautiful and treacherous land of Kenzera with the God of Death in Tales of Kenzera: Zau, a metroidvania-style adventure crafted by Surgent Studios.",Surgent Studios,Electronic Arts,https://images.igdb.com/igdb/image/upload/t_original/co7h98.png,https://images.igdb.com/igdb/image/upload/t_original/scpuy8.png,2024-04-23T07:00:00.000Z,2024,PS5|PC|Switch|Series X,PC,,Completed,4,3,85,-1,0,7,76,8.466666666666667,0.0,2024-04-28T20:51:30.756Z,2024-05-13T22:08:33.997Z,2023-12-08T04:56:48.000Z,,,false,8.043055555555556,9.321666666666667,9.921666666666667,0,3,
EAB35B4B-4314-4123-BAA1-A953281EEED4,279646,Q123699068,Marvel's Blade,"In Marvel’s Blade, Eric Brooks is the legendary Daywalker, half-man, half-vampire torn between the warm society of the living and the rushing power of the undead. From Bethesda and Arkane Lyon, Marvel’s Blade is a mature, single-player, third-person game set in the heart of Paris, now in development in collaboration with Marvel Games.",Arkane Studios,Bethesda Softworks,https://images.igdb.com/igdb/image/upload/t_original/co7hku.png,https://images.igdb.com/igdb/image/upload/t_original/.png,4001-01-01T00:00:00.000Z,3000,Series X|S|PC,PC,,Wanted,6,0,0,-1,0,0,0,0.0,0.0,,,,,,false,0.0,0.0,0.0,0,-1,
9E7F0163-CEC9-47FE-8637-8CA3D96F0321,279649,Q123699101,Den of Wolves,"Den of Wolves is a co-op heist FPS from the creator of Payday: The Heist, Payday 2 and GTFO. In this techno-thriller you and your friends operate as criminals for hire in the conflicts between rival corporations in Midway City. Gather your crew, design the plan, gear up and execute the heist.",10 Chambers Collective,10 Chambers Collective,https://images.igdb.com/igdb/image/upload/t_original/co7hal.png,https://images.igdb.com/igdb/image/upload/t_original/scpuzb.png,4001-01-01T00:00:00.000Z,3000,PC,PC,,Wanted,6,0,0,-1,0,0,0,0.0,0.0,,,,,,false,0.0,0.0,0.0,0,0,
042A84B3-4C2C-4D2F-89E5-93249844240F,279657,Q123785377,Final Fantasy XVI: Echoes of the Fallen,"Echoes of the Fallen is the first DLC of Final Fantasy XVI, which unlocks a whole new story, battles, weapons, accessories, level cap and more. For players who have completed the required quests, this new adventure begins before the base game’s final battle, as strange, dark crystals begin to circulate on the black market. Players will follow Clive and his friends during their investigations as they encounter a group of suspicious traders, leading them to a long-abandoned Fallen tower known as the Sagespire. There, they will unravel the terrible secrets that await within.",Square Enix Creative Business Unit III,Square Enix,https://images.igdb.com/igdb/image/upload/t_original/co7hhs.png,https://images.igdb.com/igdb/image/upload/t_original/ar2o8e.png,2023-12-08T08:00:00.000Z,2023,PC|PS5|Series X|S,PS5,,Completed,4,3,100,-1,0,6,75,3.0,0.0,2024-04-07T15:41:46.856Z,2024-04-07T22:37:25.010Z,2023-12-08T18:16:50.053Z,,,false,2.946111111111111,2.9975,3.153611111111111,2,0,
9481FB79-DD03-42BF-A958-ACD2AB66A673,279658,Q123785382,Final Fantasy XVI: The Rising Tide,"The Rising Tide is the second DLC for Final Fantasy XVI, which will bring new challenges, new locations and more, including the confrontation between Clive and the legendary Eikon, Leviathan.",Square Enix,Square Enix,https://images.igdb.com/igdb/image/upload/t_original/co7h8t.png,https://images.igdb.com/igdb/image/upload/t_original/scpv1n.png,2024-04-18T07:00:00.000Z,2024,PS5,PS5,,Completed,4,3,100,-1,0,6,78,3.0,0.0,2024-04-18T17:11:48.370Z,2024-04-18T23:03:01.970Z,2024-04-17T15:56:05.221Z,,,false,4.0,5.0,9.066666666666666,0,-1,
29AF5932-CC41-4464-9B6C-7F1F7F38A7B3,282831,Q124296459,The Blood of Dawnwalker,"The Blood of Dawnwalker is an open-world dark fantasy action RPG set in 14th-century Europe. You play as Coen, human by day and vampire by night, fighting to save your family in a story shaped by your actions and the secrets you uncover.",Rebel Wolves,Bandai Namco Entertainment,https://images.igdb.com/igdb/image/upload/t_original/cob7ym.png,https://images.igdb.com/igdb/image/upload/t_original/scv1hb.png,2026-09-03T07:00:00.000Z,2026,Series X|S|PC|PS5,PC,,In Progress,1,0,60,-1,0,0,84,14.983333333333333,0.0,2026-09-13T20:02:04.452Z,,,,,false,21.251666666666665,34.085277777777776,48.17444444444445,0,0,
74AB8F9C-CB53-432E-8040-2EA758204A16,287671,Q124623827,Kingmakers,"Go back in time to a war-torn medieval era with a vast arsenal of modern weapons, change the course of history, and save the future in this epic action/strategy sandbox. Build your kingdom, grab a gun, and lead an army of thousands into massive, real-time simulated battles — solo or in co-op.",Redemption Road Games,tinyBuild,https://images.igdb.com/igdb/image/upload/t_original/co7sid.png,https://images.igdb.com/igdb/image/upload/t_original/scqp2a.png,4001-01-01T00:00:00.000Z,3000,PC,PC,,Wanted,6,0,0,-1,0,0,-1,0.0,0.0,,,,,,false,0.0,0.0,0.0,0,0,
A87E2472-83CF-446D-ADD5-495C85DE0416,289696,Q124753643,The Sinking City 2,"The Sinking City 2 is a terrifying Lovecraftian journey, powered by Unreal Engine 5. Experience a heart-pounding survival horror as you explore the flooded city of Arkham and fight eldritch monsters beyond human comprehension.",Frogwares,Frogwares,https://images.igdb.com/igdb/image/upload/t_original/co7uod.png,https://images.igdb.com/igdb/image/upload/t_original/scqxv7.png,2026-08-18T07:00:00.000Z,2026,Switch 2|PC|Series X|S|PS5,PC,,Completed,4,3,40,-1,0,6,79,8.25,0.0,2026-09-03T08:51:21.209Z,2026-09-12T04:06:46.047Z,,,,false,8.71861111111111,10.65,13.120555555555555,0,1,
F2544B0B-464C-4CED-BA31-DEBEC17B4653,290138,,"Command & Conquer: Red Alert, Counterstrike and The Aftermath",Surrender is not an option,,,https://images.igdb.com/igdb/image/upload/t_original/co7v1a.png,https://images.igdb.com/igdb/image/upload/t_original/scqzyi.png,,0,TBC,,,Abandoned,5,0,0,-1,0,0,0,0.0,0.0,,2024-03-08T03:55:29.882Z,,,,false,0.0,0.0,0.0,0,-1,
DA04D4E8-F4F2-41A0-92A8-35C74B95CE76,290139,Q137602757,Command & Conquer: Tiberian Sun and Firestorm,"The Second Tiberium War begins in this legendary sequel to the original Command & Conquer. With his forces stronger than ever, arch villain and leader of The Brotherhood of Nod - Kane - is pitched in an epic battle against the world's war machine - the Global Defense Initiative.",,,https://images.igdb.com/igdb/image/upload/t_original/co7v1b.png,https://images.igdb.com/igdb/image/upload/t_original/scqzyn.png,,0,TBC,,,Abandoned,5,0,0,-1,0,0,0,0.0,0.0,,2024-03-08T03:55:29.882Z,,,,false,0.0,0.0,0.0,0,-1,
E6962A7C-FDEA-4721-9F77-C22E9AFEE960,290140,,Command & Conquer: Red Alert 2 and Yuri’s Revenge,The Invasion Has Begun,,,https://images.igdb.com/igdb/image/upload/t_original/co7v1c.png,https://images.igdb.com/igdb/image/upload/t_original/scqzys.png,,0,TBC,,,Abandoned,5,0,0,-1,0,0,0,0.0,0.0,,2024-03-08T03:55:29.882Z,,,,false,0.0,0.0,0.0,0,-1,
D0113E22-1778-4FBB-8F19-2469B8BAA788,294041,Q125175413,Marvel Rivals,Marvel Rivals is an hero shooter video game developed and published by NetEase Games in collaboration with Marvel Games. The game is free-to-play with a current line up of 33 characters from Marvel Comics.,NetEase Games,NetEase Games,https://images.igdb.com/igdb/image/upload/t_original/co8mhs.png,https://images.igdb.com/igdb/image/upload/t_original/scripw.png,2024-12-06T08:00:00.000Z,2024,PS5|PC|Series X|S,PC,PS5,Abandoned,5,0,0,-1,0,0,78,0.31666666666666665,0.0,,2024-12-18T03:52:11.990Z,2024-12-06T03:47:09.210Z,,,false,14.606944444444444,41.02,103.80083333333333,0,0,
0BE97665-E055-43A3-B18F-46730A96CF2D,295199,Q125341756,Eternal Strands,"Fight epic, towering creatures while blending magical abilities with an arsenal of powerful weapons to keep the world from crumbling in this third-person, action-adventure game.",Yellow Brick Games,Yellow Brick Games,https://images.igdb.com/igdb/image/upload/t_original/co94m1.png,https://images.igdb.com/igdb/image/upload/t_original/scrnfc.png,2025-01-28T08:00:00.000Z,2025,PC|PS5|Series X|S,PC,,Abandoned,5,0,0,-1,0,0,73,0.0,0.0,2025-02-03T23:44:39.684Z,2025-02-03T23:54:42.407Z,2025-02-03T23:44:35.406Z,,,false,18.530277777777776,30.383055555555554,41.86277777777778,0,3,
5C91D4C9-67F6-47E8-9DE0-2D9B9171AEA3,296831,Q125419457,Slay the Spire II,"The iconic roguelike deckbuilder returns!

Craft a unique deck, encounter bizarre creatures, and discover relics of immense power in Slay the Spire 2 - featuring new characters, cards, events, alternate acts, and more!",Mega Crit Games,Mega Crit Games,https://images.igdb.com/igdb/image/upload/t_original/co82c5.png,https://images.igdb.com/igdb/image/upload/t_original/scrupb.png,2026-03-05T08:00:00.000Z,2026,Mac|PC|Linux,PC,,Abandoned,5,0,0,-1,0,0,-1,0.1,0.0,,2026-03-11T02:26:25.324Z,,,,false,5.767777777777778,27.47222222222222,106.32,0,-1,
7242513C-2452-4A3D-9C86-DE380D71DF9A,296843,Q125419952,The Rogue Prince of Persia,Jump into this action roguelite installment in the Prince of Persia series as you flow between death-defying platforming and acrobatic combat as the Prince himself. Battle through the capital city again and again with one goal – find a way to save Persia from a Hun invasion wielding dark magic.,Evil Empire,Ubisoft Entertainment,https://images.igdb.com/igdb/image/upload/t_original/co82ci.png,https://images.igdb.com/igdb/image/upload/t_original/scruoy.png,2024-05-27T07:00:00.000Z,2024,PC,PC,,Abandoned,5,0,0,-1,0,0,81,0.21666666666666667,0.0,2024-06-11T04:56:52.524Z,2024-06-11T04:56:58.044Z,2024-06-04T01:59:42.598Z,,,false,2.0,0.0,0.0,0,1,
905FC0D5-8E30-4DAE-8A7E-1BCB3F152842,300976,Q117716202,Assassin's Creed Shadows,"Experience an epic historical action-adventure story set in feudal Japan! Become a lethal shinobi Assassin and a powerful legendary samurai as you explore a beautiful open world in a time of chaos. Switch seamlessly between two unlikely allies as you discover their common destiny. Master complementary playstyles, create your shinobi league, customize your hideout, and usher in a new era for Japan.",Ubisoft Québec,Ubisoft Entertainment,https://images.igdb.com/igdb/image/upload/t_original/co87cu.png,https://images.igdb.com/igdb/image/upload/t_original/scs6j4.png,2025-03-20T07:00:00.000Z,2025,PC|Mac|Series X|S|PS5,PC,Mac|Series X|S|PS5,Completed,4,3,100,-1,0,8,80,35.95,0.0,2025-03-26T22:33:24.769Z,2025-06-22T04:10:39.219Z,2025-03-19T04:25:49.794Z,,,false,32.663333333333334,61.56361111111111,92.16277777777778,2,3,
AE311143-8110-4DDE-B465-66D8D7076168,301298,Q126042383,Deadlock,Deadlock is an upcoming multiplayer game from Valve in early development.,Valve,Valve,https://images.igdb.com/igdb/image/upload/t_original/cobc7s.png,https://images.igdb.com/igdb/image/upload/t_original/scuhl8.png,4001-01-01T00:00:00.000Z,3000,PC,PC,,Wanted,6,0,0,-1,0,0,0,0.0,0.0,,,2026-06-25T01:21:18.000Z,,,false,0.0,0.0,0.0,0,-1,
B587BAE6-D21A-4D1F-A58F-848470C63C99,302156,Q125962931,Call of Duty: Black Ops 6,"Developed by Treyarch and Raven, Black Ops 6 is a spy action thriller set in the early 90s, a period of transition and upheaval in global politics, characterized by the end of the Cold War and the rise of the United States as a single superpower. With a mind-bending narrative, and unbound by the rules of engagement, this is signature Black Ops.

The Black Ops 6 Campaign provides dynamic moment-to-moment gameplay that includes a variety of play spaces with blockbuster set pieces and action-packed moments, high-stakes heists, and cloak-and-dagger spy activity.

In a best-in-class Multiplayer experience, players will test their skills across 16 new maps at launch, including 12 core 6v6 maps and 4 Strike maps that can be played 2v2 or 6v6.

Black Ops 6 also marks the epic return of Round-Based Zombies, the fan-favorite mode where players will take down hordes of the undead in two brand-new maps at launch. Post-launch, players can look forward to even more exciting maps and groundbreaking experiences dropping into both Multiplayer and Zombies.",Treyarch,Activision,https://images.igdb.com/igdb/image/upload/t_original/co8bku.png,https://images.igdb.com/igdb/image/upload/t_original/scspga.png,2024-10-25T07:00:00.000Z,2024,PC|PS4|PS5|Series X|S|XONE,PC,Series X|S|PS5,Completed,4,3,100,-1,0,6,83,0.0,0.0,2024-11-05T01:53:28.110Z,2024-11-08T23:33:41.589Z,2024-10-25T01:14:38.783Z,,,false,8.11,10.41638888888889,11.033888888888889,0,0,
0937357E-13DA-478B-98D2-61BED3B3E4EE,302704,Q126091569,Doom: The Dark Ages,"DOOM: The Dark Ages is the prequel to the critically acclaimed DOOM (2016) and DOOM Eternal that tells the epic cinematic origin story of the DOOM Slayer’s rage. Players will step into the blood-stained boots of the DOOM Slayer, in this never-before-seen dark and sinister medieval war against Hell.",id Software,Bethesda Softworks,https://images.igdb.com/igdb/image/upload/t_original/co9b3o.png,https://images.igdb.com/igdb/image/upload/t_original/scsofg.png,2025-05-15T07:00:00.000Z,2025,Series X|S|PS5|PC,PC,,Abandoned,5,0,1,-1,0,0,86,0.45,0.0,2025-05-19T22:09:57.195Z,2025-05-19T22:34:49.554Z,,,,false,14.273055555555555,18.951944444444443,24.22222222222222,0,1,
EB75329F-D84F-489B-BFC6-BFA7E16BCBC1,303811,Q126199700,Astro Bot,"Buckle up for some epic PlayStation camaraderie, join forces with your favourite PlayStation icons and show the universe that small is mighty in this fresh new Astro adventure, exclusive to PS5 consoles!",Team Asobi,Sony Interactive Entertainment,https://images.igdb.com/igdb/image/upload/t_original/co8hl0.png,https://images.igdb.com/igdb/image/upload/t_original/scsiqf.png,2024-09-06T07:00:00.000Z,2024,PS5,PS5,,Completed,4,2,65,-1,0,8,94,0.0,0.0,2024-09-06T03:59:28.258Z,2024-09-23T00:40:25.112Z,2024-09-05T16:01:25.278Z,,,false,11.101666666666667,15.145277777777778,18.435833333333335,1,-1,
204CCF0C-FE40-4480-B4C6-DE450B85B9AC,305152,Q126462072,Clair Obscur: Expedition 33,Lead the members of Expedition 33 on their quest to destroy the Paintress so that she can never paint death again. Explore a world of wonders inspired by Belle Époque France and battle unique enemies in this turn-based RPG with real-time mechanics.,Sandfall Interactive,Kepler Interactive,https://images.igdb.com/igdb/image/upload/t_original/co9gam.png,https://images.igdb.com/igdb/image/upload/t_original/scsodz.png,2025-04-24T06:00:00.000Z,2025,Series X|S|PS5|PC,PC,,Completed,4,1,100,-1,0,7,92,0.0,0.0,2025-04-24T18:16:47.428Z,2025-04-24T18:25:49.032Z,2025-04-23T18:43:04.259Z,,,false,29.216944444444444,45.746944444444445,68.26055555555556,0,3,
27F66F73-68ED-44DD-8C8C-B7C90CCBCE6A,305157,Q126477358,Mixtape,"On their last night of high school, three friends embark on one more adventure together. Play through a mixtape of memories, set to the soundtrack of a generation.",Beethoven & Dinosaur,Annapurna Interactive,https://images.igdb.com/igdb/image/upload/t_original/co8bp2.png,https://images.igdb.com/igdb/image/upload/t_original/scsog6.png,2026-05-07T07:00:00.000Z,2026,PS5|PC|Series X|S|Switch 2,PC,,Abandoned,5,0,0,-1,0,0,86,0.0,0.0,,2026-05-23T05:22:51.403Z,2026-05-13T22:55:56.882Z,,,false,3.1863888888888887,3.540277777777778,4.9366666666666665,0,3,
F184C2E1-B560-4FAB-AC08-F936CDCE6C6E,305550,Q134723536,Acts of Blood,"Acts of Blood is a Beat ‘em up, Action, 3rd person game which focuses on fast-paced, brutal hand-to-hand combat. Set in dystopian city of Bandung, Indonesia.",Eksil Team,Eksil Team,https://images.igdb.com/igdb/image/upload/t_original/co8dw1.png,https://images.igdb.com/igdb/image/upload/t_original/scsv25.png,4001-01-01T00:00:00.000Z,3000,PC,PC,,Wanted,6,0,0,-1,0,0,0,0.0,0.0,,,,,,false,0.0,0.0,0.0,0,0,
C96B819F-450B-46E1-844E-391EAD7A6EAA,314238,Q129437626,Sniper Elite: Resistance,"Offering unparalleled sniping mechanics, stealth and tactical third-person combat, Sniper Elite: Resistance turns the attention of the award-winning series towards a hidden war, far from the front lines, deep within the heart of occupied France.",Rebellion Developments,Rebellion Developments,https://images.igdb.com/igdb/image/upload/t_original/co8q5c.png,https://images.igdb.com/igdb/image/upload/t_original/.png,2025-01-30T08:00:00.000Z,2025,XONE|Series X|S|PS5|PC|PS4,PC,,Completed,4,3,100,-1,0,7,73,0.0,0.0,2025-02-13T03:06:49.896Z,2025-03-14T02:09:13.838Z,2025-02-01T00:04:56.619Z,,,false,8.880555555555556,13.186944444444444,28.452222222222222,0,3,
418D7BDC-E47C-42A0-8F0B-DAB6AEF904EF,314246,Q129437801,Borderlands 4,"See if you have what it takes to go down in history as a legendary Vault Hunter as you search for secret alien treasure, blasting everything in sight.",Gearbox Software,2K,https://images.igdb.com/igdb/image/upload/t_original/co9zuq.png,https://images.igdb.com/igdb/image/upload/t_original/sctohp.png,2025-09-11T07:00:00.000Z,2025,PC|PS5|Switch 2|Series X|S,PC,,Abandoned,5,0,0,-1,0,4,82,0.6,0.0,2025-09-16T23:51:21.042Z,2025-09-17T00:09:34.500Z,2025-09-15T05:18:00.531Z,,,false,27.18,39.15972222222222,72.325,0,1,
20792579-75A4-468C-8183-F1384726FFAB,314252,Q129438968,Dying Light: The Beast,"Dying Light: The Beast is a thrilling standalone zombie adventure set in a tightly-crafted rural region. Play as Kyle Crane, a legendary hero who breaks free after years of brutal experiments. Now, he must realize there’s more at stake than just revenge.",Techland,Techland,https://images.igdb.com/igdb/image/upload/t_original/co8pey.png,https://images.igdb.com/igdb/image/upload/t_original/sctogv.png,2025-09-18T07:00:00.000Z,2025,Series X|S|XONE|PS4|PS5|PC,PC,,Abandoned,5,0,0,-1,0,0,81,0.55,0.0,2025-09-22T23:16:52.428Z,2025-09-22T23:49:32.758Z,,,,false,14.101944444444445,24.02611111111111,43.42583333333334,0,3,
395D1469-DB1F-4464-AE75-4E69682BBD26,314271,Q129443696,Herdling,Guide a herd of mysterious creatures on a stirring and beautiful journey into the mountains… and beyond.,Okomotive,Panic,https://images.igdb.com/igdb/image/upload/t_original/co8pg0.png,https://images.igdb.com/igdb/image/upload/t_original/sctoiv.png,2025-08-21T07:00:00.000Z,2025,PS5|Switch|PC|Series X|S,PC,,Completed,4,3,100,-1,0,6,79,3.1666666666666665,0.0,2025-08-22T04:17:56.264Z,2025-08-26T06:43:44.183Z,,,,false,3.296666666666667,3.5147222222222223,4.707777777777777,0,3,
F83367F5-BB53-4054-9446-6050663DD8F8,314449,Q129521052,Hela: Of Mice & Magic,"See the world through the eyes of a brave little mouse in this enchanting 3D co-op adventure. Explore breathtaking landscapes inspired by Northern Sweden, solve puzzles, and be a force for good in a land where heartwarming storytelling and the beauty of nature intertwine.",Windup Games,Knights Peak,https://images.igdb.com/igdb/image/upload/t_original/co8ps1.png,https://images.igdb.com/igdb/image/upload/t_original/sctty4.png,2026-12-01T08:00:00.000Z,2026,Series X|S|Switch 2|PS5|PC,PC,,Wanted,6,0,0,-1,0,0,0,0.0,0.0,,,,,,false,0.0,0.0,0.0,0,0,
F639ACF7-43A7-4FE2-B95B-6338AA42209C,315805,Q137864399,Star Wars Outlaws: A Pirate's Fortune,"In Star Wars Outlaws: A Pirate's Fortune, keep exploring the world of Star Wars Outlaws with an all-new story, quests, and areas to discover.

The Trailblazer’s reputation precedes Kay as she runs into veteran pirate Hondo Ohnaka, who is looking to settle old scores with a ruthless gang of pirates.",Massive Entertainment,Ubisoft Entertainment,https://images.igdb.com/igdb/image/upload/t_original/co9p40.png,https://images.igdb.com/igdb/image/upload/t_original/.png,2025-05-15T07:00:00.000Z,2025,PC|PS5|Series X|S,PC,,Completed,4,3,0,-1,0,6,-1,0.0,0.0,2025-05-23T01:30:11.263Z,2025-05-23T05:03:14.464Z,2025-05-17T17:22:21.380Z,,,false,3.371111111111111,5.145555555555555,5.441388888888889,0,0,
70DE8512-7D30-417B-9397-05E9D87C0953,317625,Q130360274,Legacy of Kain: Soul Reaver 1 & 2 Remastered,Experience the epic conflict of Kain and Raziel in original form or with remastered graphics.,Crystal Dynamics,Aspyr Media,https://images.igdb.com/igdb/image/upload/t_original/co8urj.png,https://images.igdb.com/igdb/image/upload/t_original/.png,2024-12-10T08:00:00.000Z,2024,PS4|Series X|S|Switch|PC|PS5|XONE,PC,,Abandoned,5,0,0,-1,0,0,77,0.18333333333333332,0.0,,2024-12-21T19:50:11.631Z,,,,false,17.84027777777778,22.419444444444444,26.395833333333332,0,3,
89EA6E16-6125-48DC-8EB9-9465DB93D385,317627,Q130360297,Ghost of Yotei,"The game takes place 300 years after Ghost of Tsushima. Set in the lands surrounding Mount Yōtei, a towering peak in the heart of Ezo, an area of Japan known as Hokkaido in present day.

The area is outside the rule of Japan, and filled with sprawling grasslands, snowy tundras, and unexpected dangers.",Sucker Punch Productions,Sony Interactive Entertainment,https://images.igdb.com/igdb/image/upload/t_original/co9coo.png,https://images.igdb.com/igdb/image/upload/t_original/sctzwt.png,2025-10-02T07:00:00.000Z,2025,PS5,PS5,,Completed,4,3,100,-1,0,10,87,48.13333333333333,0.0,2025-10-02T16:21:08.950Z,2025-12-15T05:36:02.698Z,2025-10-01T22:24:53.955Z,,,false,30.258333333333333,46.449444444444445,60.068333333333335,2,-1,
863A1823-42A8-4A71-AFB7-CF7850BCD719,318505,Q127009818,DuneCrawl,"DuneCrawl is an online coop action-adventure game where players take on the roles of desert faring privateers. Together, players explore the dust seas by piloting their Dune Crawler, a gigantic walking crustacean festooned with cannons and treasure maps.",Alientrap,Alientrap,https://images.igdb.com/igdb/image/upload/t_original/coawgh.png,https://images.igdb.com/igdb/image/upload/t_original/scu1zk.png,2026-01-05T08:00:00.000Z,2026,PC,PC,,Abandoned,5,0,0,-1,0,0,-1,0.05,0.0,,2026-01-11T22:57:22.517Z,,,,false,6.233333333333333,0.0,0.0,0,3,
AA7B937E-F5F7-40C9-A4FA-FDC4CB840A0E,319082,Q139584769,Alien: Isolation 2,"The announcement was made on Monday 7 October 2024 to coincide with the 10th anniversary of the original game’s release.

“On the 10th anniversary, it seems only fitting to let you know that we have heard your distress calls loud and clear,” said Al Hope, creative director at developer Creative Assembly.",The Creative Assembly,Sega,https://images.igdb.com/igdb/image/upload/t_original/coc6n1.png,https://images.igdb.com/igdb/image/upload/t_original/.png,4001-01-01T00:00:00.000Z,3000,PC|PS5|Series X|S|Switch 2,PC,,Wanted,6,0,0,-1,0,0,0,0.0,0.0,,,,,,false,0.0,0.0,0.0,0,0,
2C27C3C1-ABAD-417D-B060-7C56BA8B2945,319818,Q133264173,Heroes of Hammerwatch II,"A rogue-lite that offers extensive persistent progression. Build your town, upgrade and equip your heroes, before taking on the the ever-changing Dark Citadel - either solo or with a team of friends.",Crackshell,Crackshell,https://images.igdb.com/igdb/image/upload/t_original/co91n4.png,https://images.igdb.com/igdb/image/upload/t_original/scu9fy.png,2025-01-14T08:00:00.000Z,2025,PC,PC,,Abandoned,5,0,0,-1,0,0,0,2.3666666666666667,0.0,,2025-02-27T00:04:59.375Z,,,,false,10.875,18.163888888888888,0.0,0,2,
C921E795-7E0F-45E3-A04D-C88EEE693649,320137,Q130550355,Cronos: The New Dawn,"Cronos: The New Dawn is a pulse-pounding, third-person survival horror game that throws you into the heart of a deadly struggle against overwhelming foes, all while uncovering the mysteries of a twisted time travel story.",Bloober Team,Bloober Team,https://images.igdb.com/igdb/image/upload/t_original/coacd0.png,https://images.igdb.com/igdb/image/upload/t_original/scu857.png,2025-09-05T07:00:00.000Z,2025,Linux|PS5|Series X|S|Switch 2|PC,PC,,Abandoned,5,0,0,-1,0,0,78,0.4,0.0,2025-09-22T22:56:30.614Z,2025-09-22T23:12:26.726Z,,,,false,14.719166666666666,18.8025,27.61138888888889,0,3,
7DFFC1D8-0411-4DFA-AC4F-FA7EE7F89CE9,325588,Q131434638,Rematch,Control one player on your team and compete in fast-paced 5v5 matches from an immersive third-person perspective. Team up with your friends and join the action.,Sloclap,Sloclap,https://images.igdb.com/igdb/image/upload/t_original/co95fx.png,https://images.igdb.com/igdb/image/upload/t_original/scus1g.png,2025-06-19T07:00:00.000Z,2025,PS5|Series X|S|PC,PC,,Abandoned,5,0,1,-1,0,0,74,0.0,0.0,,2025-06-16T20:52:56.796Z,2025-06-16T20:34:35.273Z,,,false,15.107222222222223,30.813333333333333,49.20916666666667,0,2,
B73B19BD-3385-4D8C-B176-F2FC8C393BB8,325592,Q131541524,Catly,"A Cat Open World, with AAA Cats. Hyperrealism, Actions, Cuddle, Speed, Islands, Fashion, Dreams, Snow, Robots, Plants -- All via the Most Beautiful CATs ever.",,,https://images.igdb.com/igdb/image/upload/t_original/co95g1.png,https://images.igdb.com/igdb/image/upload/t_original/.png,4001-01-01T00:00:00.000Z,3000,iOS|Switch|PC,PC,,Wanted,6,0,0,-1,0,0,0,0.0,0.0,,,,,,false,0.0,0.0,0.0,0,-1,
A3B72E66-A2FB-4B65-89DC-6C5398562A88,325593,Q131435642,Gen Atlas,"This planet… is still alive.
Without knowing why, you awaken on an abandoned planet.

Before you lies a vast, silent world. Colossal structures stretch over endless plains, deserted facilities, and an ever-changing sea. The remnants of some grand design litter the planet’s surface.",genDESIGN,Epic Games Publishing,https://images.igdb.com/igdb/image/upload/t_original/coc6mh.png,https://images.igdb.com/igdb/image/upload/t_original/sc10uwf.png,4001-01-01T00:00:00.000Z,3000,Series X|S|PS5|PC,PC,,Wanted,6,0,0,-1,0,0,0,0.0,0.0,,,,,,false,0.0,0.0,0.0,0,-1,
D10FAD17-922F-4D71-B4EA-3D68087177A9,325599,Q131436081,Stranger Than Heaven,"Stranger Than Heaven, previously known as Project Century, is an upcoming action-adventure game originally announced at the 2024 Game Awards. Stranger Than Heaven is currently confirmed to take place in at least three different time periods, 1915, 1929, and 1943. The game's principal location is Sotenbori, Osaka, a fictionalized version of Dotonbori, OsakaWP",Ryu Ga Gotoku Studios,Sega,https://images.igdb.com/igdb/image/upload/t_original/cobu6l.png,https://images.igdb.com/igdb/image/upload/t_original/.png,2027-01-15T08:00:00.000Z,2027,PC|PS5|Series X|S,PC,,Queued,2,0,0,-1,0,0,0,0.0,0.0,,,2026-06-07T23:35:33.059Z,,,false,0.0,0.0,0.0,0,-1,
D42FF747-5703-4C8E-8547-1029F6F40F96,325602,Q131436104,Onimusha: Way of the Sword,"Fight through bloodstained battlefields of intense swordplay action. Explore the historic Japanese capital of Edo-era Kyoto, twisted by malevolent clouds of Malice.
With every stage cloaked in mystery, danger and intrigue. Battle against monstrosities from the underworld known as Genma in a tale of dark fantasy.
Follow the tale of a samurai who wields the Oni Gauntlet, a mystical artifact that grants its bearer the power to slay Genma.
Through gritty, blood-soaked brawls, he searches for his reason to fight. What fate awaits at the end of his path?",Capcom,Capcom,https://images.igdb.com/igdb/image/upload/t_original/co95gn.png,https://images.igdb.com/igdb/image/upload/t_original/.png,2026-09-25T07:00:00.000Z,2026,PC|Switch 2|Series X|S|PS5,PC,,Queued,2,0,0,-1,0,0,86,0.0,0.0,,,2026-06-11T03:48:27.389Z,,,false,21.2625,29.425555555555555,49.88805555555555,0,0,
18F82557-75B3-4614-89C8-0103A84633AD,325604,Q131436131,Stage Fright,"From the makers of OVERCOOKED! comes an all new co-operative experience. Take your friend on an amazing adventure as you explore, solve escape rooms, overcome fiendish obstacles and unravel an ancient mystery.",Ghost Town Games,Hello Games,https://images.igdb.com/igdb/image/upload/t_original/co95ga.png,https://images.igdb.com/igdb/image/upload/t_original/scus2m.png,2028-01-01T07:59:59.000Z,2027,Switch 2|PC|Switch,PC,,Wanted,6,0,0,-1,0,0,0,0.0,0.0,,,2026-09-16T22:16:09.000Z,,,false,0.0,0.0,0.0,0,-1,
293B0CC1-4EB6-4A1E-9DF7-F4ECA5DAE018,325611,Q131436227,Intergalactic: The Heretic Prophet,"Set thousands of years in the future, Intergalactic: The Heretic Prophet puts players into the role of Jordan A. Mun, a dangerous bounty hunter who ends up stranded on Sempiria – a distant planet whose communication with the outside universe went dark hundreds of years ago. Jordan will have to use all her skills and wits if she hopes to be the first person in over 600 years to leave its orbit.",Naughty Dog,Sony Interactive Entertainment,https://images.igdb.com/igdb/image/upload/t_original/co95gc.png,https://images.igdb.com/igdb/image/upload/t_original/.png,2028-01-01T07:59:59.000Z,2027,PS5,PS5,,Wanted,6,0,0,-1,0,0,0,0.0,0.0,,,,,,false,0.0,0.0,0.0,0,-1,
5DE99F62-02F4-483A-A2C5-832B5F7A5EB4,326130,Q131454831,Agatha Christie: Death on the Nile,"Death on the Nile is an adventure-detective game, offering a fresh twist on Agatha Christie’s famous story. Set in the lively 1970s, play as Hercule Poirot and detective Jane Royce as they solve two connected mysteries. Dive into a journey filled with intrigue, deception, and unexpected revelations.",Microids Studio Lyon,Microids,https://images.igdb.com/igdb/image/upload/t_original/co9cx6.png,https://images.igdb.com/igdb/image/upload/t_original/scv9wr.png,2025-09-25T07:00:00.000Z,2025,Switch|PS5|Series X|S|PC,PC,,Abandoned,5,0,0,-1,0,0,73,0.0,0.0,,2025-06-14T21:36:52.173Z,2025-06-14T21:36:50.471Z,,,false,0.0,0.0,0.0,0,2,
02558C4B-B348-453C-B80C-E6CF1C9F3492,329865,Q135056277,Is This Seat Taken?,"Is This Seat Taken? is a logic puzzle game where you play matchmaker for groups of hilariously particular people. Each character has pet peeves that make seating them a delightful challenge. Find the perfect spot for each person to unlock new levels in this cozy, silly, and relatable experience.",Poti Poti,Wholesome Games Presents,https://images.igdb.com/igdb/image/upload/t_original/co9d7c.png,https://images.igdb.com/igdb/image/upload/t_original/scxa89.png,2025-08-07T07:00:00.000Z,2025,Linux|Android|iOS|PC|Switch|Mac,PC,,Abandoned,5,0,0,-1,0,0,81,0.13333333333333333,0.0,,2025-08-12T01:30:34.159Z,,,,false,5.199722222222222,6.0841666666666665,6.099722222222222,0,3,
CD71E2DF-0E17-42FD-8E6C-7EC0D4C9F508,331206,Q132258158,Days Gone Remastered,"Ride into a desperate, dog-eat-dog world in the definitive Days Gone experience, remastered for the PlayStation5 console.

Fight to survive an environment ravaged by a deadly pandemic as former outlaw biker, Deacon St. John. Risk the threats of the Broken Road on the back of your trusty Drifter bike as you face terrifying hordes of relentless feral Freakers – as well as dangerous gangs of humans.",SIE Bend Studio,Sony Interactive Entertainment,https://images.igdb.com/igdb/image/upload/t_original/co9e1e.png,https://images.igdb.com/igdb/image/upload/t_original/ar3b7z.png,2025-04-25T07:00:00.000Z,2025,PS5,PS5,,Abandoned,5,0,0,-1,0,0,80,0.0,0.0,,2025-04-25T15:45:03.965Z,2025-04-25T15:44:45.922Z,,,false,37.79222222222222,49.379444444444445,61.87972222222222,0,-1,
08C3D6E3-EE0E-4C62-88C3-E4F1F2D61C92,331215,Q132258586,Saros,"Beneath the shadow of an ominous eclipse, Arjun Devraj (Rahul Kohli) is a Soltari enforcer who will stop at nothing to pursue answers on the shape-shifting Carcosa, a world of dark secrets and hostile inhabitants.

This planet is home to the corrupting influence of the Eclipse – a sinister force that awakens pure madness in everyone and everything. Throughout the surface of this troubled world, nothing remains untouched; it reaches every crevice of every biome.",Housemarque,Sony Interactive Entertainment,https://images.igdb.com/igdb/image/upload/t_original/coajye.png,https://images.igdb.com/igdb/image/upload/t_original/.png,2026-04-30T07:00:00.000Z,2026,PS5,PS5,,Completed,4,1,38,-1,0,7,87,17.3,0.0,2026-04-29T18:23:03.978Z,2026-05-15T03:31:30.905Z,2026-04-29T15:50:08.599Z,,,false,17.6025,17.781944444444445,23.074166666666667,0,-1,
EF07C667-0EB3-49EF-AE1F-F673771A1FB3,333961,Q132851350,Islanders: New Shores,"Welcome to ISLANDERS: New Shores. Build your island retreat in a calm, minimalist world with exciting new features that keep the classic charm while inspiring fresh creativity.",The Station Interactive,Coatsink Software,https://images.igdb.com/igdb/image/upload/t_original/coa4ik.png,https://images.igdb.com/igdb/image/upload/t_original/scvkw1.png,2025-07-10T07:00:00.000Z,2025,Series X|S|Switch|PC|Mac|PS5,PC,,Abandoned,5,0,0,-1,0,0,80,0.6,0.0,,2025-07-14T23:29:17.076Z,,,,false,18.616666666666667,21.552222222222223,65.17611111111111,0,-1,
DA8FDB04-27A5-493B-9EC5-EAEBC46C0CE6,334243,Q132989754,Tony Hawk's Pro Skater 3+4,"Get hyped for the legendary franchise to return with Tony Hawk’s Pro Skater 3 + 4. Everything you loved is back, but revamped with more skaters, new parks, gnarlier tricks, eardrum shattering music, plus a whole lot more.",Iron Galaxy Studios,Activision,https://images.igdb.com/igdb/image/upload/t_original/co9hou.png,https://images.igdb.com/igdb/image/upload/t_original/scvm91.png,2025-07-11T07:00:00.000Z,2025,XONE|Switch|PS5|Switch 2|PC|Series X|S|PS4,PC,,Abandoned,5,0,0,-1,0,0,83,0.0,0.0,,2025-07-24T00:30:51.448Z,,,,false,0.0,0.0,0.0,0,0,
45D37DF7-6FC0-4B3D-AB97-C66E760D1AC6,337738,Q138589086,Assassin's Creed Black Flag Resynced,"The iconic solo pirate adventure returns with Assassin's Creed Black Flag Resynced, launching on July 9, 2026. Sail the Caribbean as Edward Kenway during the Golden Age of Piracy in this faithfully enhanced remake featuring stunning visuals, upgraded gameplay, and new content.",Ubisoft Singapore,Ubisoft Entertainment,https://images.igdb.com/igdb/image/upload/t_original/cobyue.png,https://images.igdb.com/igdb/image/upload/t_original/sc131ra.png,2026-07-09T07:00:00.000Z,2026,PS5|PC|Series X|S,PC,,Queued,2,0,0,-1,0,0,84,0.0,0.0,,,,,,false,24.365277777777777,42.02305555555556,63.525555555555556,0,3,
66F06ED7-F860-4B70-8957-6C3D11CC3ACD,338067,Q131767872,Mario Kart World,"Put the pedal to the metal in a vast interconnected environment. Race seamlessly across connected courses like never before. Participate in the new knockout tour elimination mode, where you’ll barrel through back-to-back courses and checkpoints. And in free roam, it’s possible to go off the racetrack and drive in any direction you wish, explore areas that pique your interest and take some photos at scenic spots with a group of friends.",Nintendo EPD,Nintendo,https://images.igdb.com/igdb/image/upload/t_original/co9m78.png,https://images.igdb.com/igdb/image/upload/t_original/scw2xk.png,2025-06-05T07:00:00.000Z,2025,Switch 2,Switch 2,,Completed,4,1,0,-1,0,6,86,0.0,0.0,2025-06-10T12:55:27.386Z,2025-06-27T18:28:40.317Z,2025-06-10T04:08:40.442Z,,,false,3.5655555555555556,11.893611111111111,37.53,0,-1,
54F2B38E-2AC2-4FFF-81AB-8EAA10BFA509,338106,Q133804475,Donkey Kong Bananza,"Donkey Kong Bananza is exclusively on Nintendo Switch 2! Explore a vast underground world—by smashing your way through it! Bash, throw, and climb through just about anything in DK’s brand-new 3D platforming action-adventure game!",Nintendo EPD Production Group No. 8,Nintendo,https://images.igdb.com/igdb/image/upload/t_original/coa082.png,https://images.igdb.com/igdb/image/upload/t_original/scw2wo.png,2025-07-17T07:00:00.000Z,2025,Switch 2|Switch,Switch 2,,Completed,4,1,100,-1,0,6,91,0.0,0.0,2025-07-18T20:22:24.275Z,2025-08-25T22:59:09.014Z,2025-07-17T08:01:51.667Z,,,false,18.70611111111111,30.2375,48.721111111111114,0,-1,
CEAA3C78-6AFF-4EC1-9F3E-E198A32F9514,346035,Q134726541,Ball x Pit,"BALL x PIT is a brick-breaking, ball-fusing, base-building survival roguelite where you battle hordes of monstrous enemies with your arsenal of ricocheting balls.",Kenny Sun,Devolver Digital,https://images.igdb.com/igdb/image/upload/t_original/co9xid.png,https://images.igdb.com/igdb/image/upload/t_original/scx9ri.png,2025-10-15T07:00:00.000Z,2025,Switch 2|PS5|Mac|PC|Series X|S|Switch,PC,,Abandoned,5,0,0,-1,0,0,86,0.36666666666666664,0.0,,2025-11-02T19:30:10.597Z,,,,false,18.871944444444445,23.881666666666668,35.37,0,-1,
0B534CE7-21C3-4B0F-9505-F9BA36F9C836,347123,Q134707677,Nioh 3,"In the latest game in the dark samurai action RPG series ""Nioh,"" you will need to use both Samurai and Ninja combat styles in your battles against formidable yokai as you explore a thrilling open world.",Team NINJA,Koei Tecmo Games,https://images.igdb.com/igdb/image/upload/t_original/co9x1e.png,https://images.igdb.com/igdb/image/upload/t_original/.png,2026-02-06T08:00:00.000Z,2026,PS5|PC,PC,,Abandoned,5,0,0,-1,0,0,84,0.4666666666666667,0.0,2026-02-07T03:58:42.340Z,2026-02-07T04:02:04.926Z,,,,false,25.614722222222223,46.55138888888889,59.095555555555556,0,0,
F8D19320-A2CD-467B-A2E0-9E2F18B79558,347638,Q134723310,Game of Thrones: War for Westeros,"Classic real-time strategy in the world of Westeros. Conquer the Seven Kingdoms solo, or in treacherous free-for-all multiplayer. Command the Great Houses, rally iconic heroes, and rewrite the fate of the realm. Do you have the strength to seize the Iron Throne?",PlaySide,PlaySide,https://images.igdb.com/igdb/image/upload/t_original/co9xgm.png,https://images.igdb.com/igdb/image/upload/t_original/scx9gf.png,2028-01-01T07:59:59.000Z,2027,PC,PC,,Wanted,6,0,0,-1,0,0,0,0.0,0.0,,,2026-08-26T01:11:24.000Z,,,false,0.0,0.0,0.0,0,-1,
D7C576E5-5A72-4419-BFBA-489C63049937,347640,Q134723326,The Cube,"The Cube is an MMO RPG shooter. A giant, levitating Cube with rotating rows and edges. Hidden within is an unknown equation capable of altering the laws of reality. Can you survive another turn?",Mundfish,Mundfish,https://images.igdb.com/igdb/image/upload/t_original/co9xgq.png,https://images.igdb.com/igdb/image/upload/t_original/scx9hy.png,4001-01-01T00:00:00.000Z,3000,PS5|Series X|S|PC,PC,,Wanted,6,0,0,-1,0,0,0,0.0,0.0,,,2025-06-07T05:50:11.000Z,,,false,0.0,0.0,0.0,0,-1,
23499240-E4C5-4638-A5D2-FCCEFA91F0DA,347643,Q134723387,Killer Inn,"A corpse has been found... and everyone is a suspect. You have been chosen to participate in a one-night-only game of death, deceit, and deduction. Will you be a wolf? Or perhaps a lamb with the means to fight back... In deception we trust.",,,https://images.igdb.com/igdb/image/upload/t_original/co9xgr.png,https://images.igdb.com/igdb/image/upload/t_original/scx9i9.png,4001-01-01T00:00:00.000Z,3000,PC,PC,,Wanted,6,0,0,-1,0,0,0,0.0,0.0,,,,,,false,0.0,0.0,0.0,0,0,
3457DA2A-8AE5-4E44-9394-700180B21F83,347645,Q134723427,Out of Words,"Find your lost voices in a co-op platformer adventure. Together with a friend, via online cross-platform or couch co-op, explore the wild, colorful realm of Vokabulantis as Kurt and Karla in a story about the first time they held hands — where everything you see is crafted by hand.",Kong Orange,Epic Games Publishing,https://images.igdb.com/igdb/image/upload/t_original/co9xhn.png,https://images.igdb.com/igdb/image/upload/t_original/sc104gf.png,2028-01-01T07:59:59.000Z,2027,Series X|S|PC|PS5|Switch 2,PC,,Wanted,6,0,0,-1,0,0,0,0.0,0.0,,,,,,false,0.0,0.0,0.0,0,-1,
E6DB3B47-D913-47A6-B9A5-173CC0C66976,347668,Q124983920,Resident Evil Requiem,"Resident Evil Requiem is the ninth entry in the Resident Evil series. Experience terrifying survival horror with FBI analyst Grace Ashcroft, and dive into pulse-pounding action with legendary agent Leon S. Kennedy. Both of their journeys and unique gameplay styles intertwine into a heart-stopping, emotional experience that will chill you to your core.",Capcom Development Division 1,Capcom,https://images.igdb.com/igdb/image/upload/t_original/cobmj0.png,https://images.igdb.com/igdb/image/upload/t_original/.png,2026-02-27T08:00:00.000Z,2026,Switch 2|PC|Series X|S|PS5,PC,,Completed,4,3,100,-1,0,8,88,10.683333333333334,0.0,2026-02-27T22:56:17.574Z,2026-03-01T07:08:07.503Z,,,,false,10.620277777777778,13.151944444444444,28.225277777777777,0,0,
7AFD4246-2BE2-4CDC-9418-BAE60E8AA778,347882,Q134736978,Call of the Elder Gods,Journey to the far corners of the Earth and unearth ancient horrors in this Lovecraftian narrative puzzle adventure and sequel to 2020’s critically acclaimed Call of the Sea.,Out of the Blue Games,Kwalee,https://images.igdb.com/igdb/image/upload/t_original/co9xoj.png,https://images.igdb.com/igdb/image/upload/t_original/scxag4.png,2026-05-12T07:00:00.000Z,2026,Series X|S|Switch|PS5|Switch 2|PC,PC,,Abandoned,5,0,0,-1,0,0,79,0.23333333333333334,0.0,2026-05-24T21:24:36.773Z,2026-06-11T22:52:27.125Z,2026-05-13T22:56:13.434Z,,,false,5.459722222222222,6.5,7.056111111111111,0,3,
6DEA7B1E-AA87-4609-952F-02561DEBEA8C,348166,Q134739521,High on Life 2,"An intergalactic conspiracy threatens the fate of humanity! Team up with a wide cast of talking alien guns as you shoot, stab, and skate your way through the exotic locales to take down the bad guys and save your favorite species (humans)!",Squanch Games,Squanch Games,https://images.igdb.com/igdb/image/upload/t_original/co9xyv.png,https://images.igdb.com/igdb/image/upload/t_original/scxbet.png,2026-02-13T08:00:00.000Z,2026,Series X|S|Switch 2|PC|PS5,PC,,Abandoned,5,0,0,-1,0,0,73,0.45,0.0,2026-02-17T02:49:36.815Z,2026-02-17T03:19:18.946Z,,,,false,10.983055555555556,15.931666666666667,25.869722222222222,0,0,
A72CDD3F-24B3-482F-8891-062975AB51A2,348180,Q134739750,Beast of Reincarnation,"In post-apocalyptic Japan, humanity’s last hope may rest with Emma and her loyal canine companion, Koo. Explore what it means to be human in Beast of Reincarnation, an expansive one-person, one-dog action RPG built around demanding, technical combat. What awaits at journey’s end?",Game Freak,Fictions,https://images.igdb.com/igdb/image/upload/t_original/cobc5q.png,https://images.igdb.com/igdb/image/upload/t_original/scxbca.png,2026-08-04T07:00:00.000Z,2026,PC|Series X|S|PS5,PC,,Abandoned,5,0,6,-1,0,0,73,0.85,0.0,,2026-08-09T17:53:13.461Z,,,,false,23.12,26.96611111111111,41.26777777777778,0,1,
D7321B74-CDA4-4067-983E-1F45CF4D110D,348187,Q134740493,Grounded 2,"Shrunk again, but the world is much larger. In this open-world, single-player or co-op survival adventure, craft weapons and armor, build your base, and traverse the playground on your buggy. But something else is out there—and it hasn’t forgotten you.",Eidos-Montréal,Xbox Game Studios,https://images.igdb.com/igdb/image/upload/t_original/co9xwo.png,https://images.igdb.com/igdb/image/upload/t_original/scxbfi.png,2025-07-29T07:00:00.000Z,2025,Series X|S|PC,PC,,Abandoned,5,0,0,-1,0,0,79,0.0,0.0,,2025-07-31T01:49:50.620Z,,,,false,10.0,0.0,0.0,0,0,
534F748C-8C93-4E72-BEE1-7A744FFEBECB,348192,Q134740517,Aphelion,"Stranded on a frozen planet, astronaut Ariane must brave rugged landscapes and shifting realities to rescue her wounded partner, Thomas. This action-packed sci-fi adventure blends exploration, traversal, and tense stealth gameplay.",DON'T NOD,DON'T NOD,https://images.igdb.com/igdb/image/upload/t_original/cobrkd.png,https://images.igdb.com/igdb/image/upload/t_original/scxb9m.png,2026-04-28T07:00:00.000Z,2026,PC|PS5|Series X|S,PC,,Abandoned,5,0,0,-1,0,0,66,0.6666666666666666,0.0,,2026-06-15T22:00:45.851Z,2026-04-28T13:57:04.901Z,,,false,7.312222222222222,8.0025,8.808333333333334,0,1,
9AE9197A-E977-46CD-A71D-E4FE6098D433,348199,Q115168649,Mudang: Two Hearts,"MUDANG: Two Hearts is a narrative-driven, third-person action adventure that blends tactical stealth, visceral combat, and cinematic storytelling set on a politically volatile Korean peninsula.",EVR Studio,EVR Studio,https://images.igdb.com/igdb/image/upload/t_original/co9xzl.png,https://images.igdb.com/igdb/image/upload/t_original/scxccn.png,2027-01-01T07:59:59.000Z,2026,PC|PS5|Series X|S,PC,,Wanted,6,0,0,-1,0,0,0,0.0,0.0,,,,,,false,0.0,0.0,0.0,0,0,
2377AC35-363B-49DE-AF71-6183B0575981,348210,Q134739905,Persona 4 Revival,"Who’s on Air? Legend has it that a mysterious broadcast known as the ""Midnight Channel"" appears only on rainy nights. The day after it airs, a corpse is found in Inaba, a quiet and peaceful town in rural Japan suddenly thrown into turmoil. To uncover the truth behind these chilling mysteries, you and your friends form an investigation team to unravel the secrets of the Midnight Channel and the bizarre murders. As your adventure unfolds, you face off against ""Shadows,"" eerie manifestations of individuals' darker selves. Together, you awaken a hidden power called ""Persona"" and embark on a journey to prevent more tragedies while uncovering the truth behind the chaos.",P Studio,Sega,https://images.igdb.com/igdb/image/upload/t_original/coc7cj.png,https://images.igdb.com/igdb/image/upload/t_original/scxbcg.png,2027-02-18T08:00:00.000Z,2027,PC|PS5|Series X|S,PC,,Queued,2,0,0,-1,0,0,0,0.0,0.0,,,2026-06-11T23:02:56.179Z,,,false,0.0,0.0,0.0,0,0,
A2D45AD2-4277-4CF3-8681-515AA7ECF4B7,348217,Q134739929,Keeper,"From Lee Petty and Double Fine Productions, Keeper is a story told without words, in which a long-forgotten lighthouse is awakened and, joined by a spirited seabird, it embarks upon a heartening tale of unlikely companionship, and an unexpected journey into realms beyond understanding.",Double Fine Productions,Xbox Game Studios,https://images.igdb.com/igdb/image/upload/t_original/co9xwp.png,https://images.igdb.com/igdb/image/upload/t_original/scxbey.png,2025-10-17T07:00:00.000Z,2025,Series X|S|PC,PC,,Abandoned,5,0,0,-1,0,0,81,0.3,0.0,,2025-10-22T20:21:53.911Z,2025-10-17T21:51:07.062Z,,,false,4.552222222222222,5.016111111111111,5.215,0,0,
B5AB7115-727D-47C0-B109-BB5E09ABD020,348330,Q136148940,Forza Horizon 6,"Discover the breathtaking landscapes of Japan in over 550 real-world cars and become a racing Legend at the Horizon Festival. Start your journey as a tourist and explore a world full of hit music and Japanese culture. Build a Valley Estate, acquire awe-inspiring homes, and display your prized car collection in fully Customizable Garages. Cruise the roads with your friends and join Car Meets around Japan, unleash your imagination with EventLab and build together in Horizon CoLab.",Playground Games,Xbox Game Studios,https://images.igdb.com/igdb/image/upload/t_original/cobc5n.png,https://images.igdb.com/igdb/image/upload/t_original/sczd7b.png,2026-05-19T07:00:00.000Z,2026,PC|Series X|S|PS5,PC,,Abandoned,5,0,5,-1,0,0,91,0.0,0.0,,2026-06-11T22:47:23.342Z,2026-05-18T21:46:02.192Z,,,false,25.44333333333333,34.33444444444444,41.92194444444444,0,3,
9B8A54AC-C5E2-4E64-A10B-D4C333117AD6,348977,Q134822854,Splatoon Raiders,"Splat scores of enemies and hunt for treasure in this single-player focused action shooter.

Play as a mechanic working with Deep Cut – a trio of swashbuckling musicians – and venture out into the mysterious Spirhalite Islands! Customize your character, kit yourself out with mechanical gadgets and ink-splattering weapons, and take on waves of foes called Salmonids as you raid the islands for salvage.

This is mainly a single-player adventure, but you won’t be alone: one member of Deep Cut will raid alongside you in a powerful bot. You can also join with up to three other players online or via local wireless.",Nintendo EPD Production Group No. 5,Nintendo,https://images.igdb.com/igdb/image/upload/t_original/cobyho.png,https://images.igdb.com/igdb/image/upload/t_original/scxge5.png,2026-07-23T07:00:00.000Z,2026,Switch 2,Switch 2,,Abandoned,5,0,0,-1,0,0,81,0.0,0.0,,2026-08-09T17:53:07.203Z,2026-08-09T17:33:26.749Z,,,false,14.007222222222222,16.769166666666667,45.846666666666664,0,-1,
9D0D8683-66E6-42CA-814B-C515ADF6A499,349758,,Tiny Delivery,"It’s a cozy adventure about a small delivery robot on a short but unforgettable journey. Deliver your package through a vibrant town, meet new people, stumble upon both funny and touching moments, discover hidden treasures, and soak in the world around you.",Sinica,Sinica,https://images.igdb.com/igdb/image/upload/t_original/coby3a.png,https://images.igdb.com/igdb/image/upload/t_original/scxjr7.png,4001-01-01T00:00:00.000Z,3000,PC,PC,,Wanted,6,0,0,-1,0,0,0,0.0,0.0,,,2026-04-28T13:31:02.000Z,,,false,0.0,0.0,0.0,0,-1,
A5D4C70E-5E22-462E-8A12-ACC97132F74F,361893,Q135911289,Ghost of Yotei: Legends,,Sucker Punch Productions,Sony Interactive Entertainment,https://images.igdb.com/igdb/image/upload/t_original/coaazr.png,https://images.igdb.com/igdb/image/upload/t_original/.png,2026-03-10T07:00:00.000Z,2026,PS5,PS5,,Abandoned,5,0,0,-1,0,7,-1,0.0,0.0,,2026-04-10T22:55:36.260Z,2026-03-07T17:34:13.161Z,,,false,5.0,0.0,0.0,0,-1,
16A38089-7821-4421-A29A-D1E816AD1271,362063,Q135916242,Hell Let Loose: Vietnam,"Step into the explosive fury of war with Hell Let Loose: Vietnam. Play a decisive role in one of the most iconic conflicts in history with expansive 50v50 player battles, where teamwork, tactics and an arsenal of destructive weapons combine to shape the battlefield in your favour.",Expression Games,Team17,https://images.igdb.com/igdb/image/upload/t_original/coab73.png,https://images.igdb.com/igdb/image/upload/t_original/scyn72.png,2026-08-13T07:00:00.000Z,2026,Series X|S|PC|PS5,PC,,Abandoned,5,0,0,-1,0,0,74,0.16666666666666666,0.0,,2026-08-15T15:13:43.074Z,2026-06-07T23:35:30.151Z,,,false,0.0,0.0,0.0,0,0,
9487E66F-5624-4C76-908A-6939A938A39F,370723,,Join Us,"Lead a cult and prepare for the end of the world in Join Us, the upcoming co-op, open-world survival experience. Ride bears, build up your perfect base, and prepare for the apocalypse.",Wolf Haus Games,Wolf Haus Games,https://images.igdb.com/igdb/image/upload/t_original/coakyl.png,https://images.igdb.com/igdb/image/upload/t_original/sczfjb.png,2028-01-01T07:59:59.000Z,2027,PC|Series X|S|PS5,PC,,Wanted,6,0,0,-1,0,0,0,0.0,0.0,,,,,,false,1.0375,1.4977777777777779,1.8341666666666667,0,0,
BEC7CA95-FFC9-44F2-8331-C0FC745F1E4F,381205,Q137363843,No Law,"Welcome to Port Desire, a city that doesn't belong to anyone, but where everyone wants a piece. You’re Grey Harker, an ex-military attempting to live a quiet life after near fatal injuries in the field. All you want now is peace - but in a city of no laws, what you want isn’t always what you get.",Neon Giant,Krafton,https://images.igdb.com/igdb/image/upload/t_original/cob0e9.png,https://images.igdb.com/igdb/image/upload/t_original/sc10t9r.png,2028-01-01T07:59:59.000Z,2027,Series X|S|PC|PS5,PC,,Wanted,6,0,0,-1,0,0,0,0.0,0.0,,,,,,false,0.0,0.0,0.0,0,0,
D2489352-67E5-4CE4-ACF9-7193659D07FD,381211,Q137363289,Bradley The Badger,"Bradley, the beloved platforming icon, finds himself lost in strange new lands... and decides to fight back! Shape unfinished worlds with your game developer powers, explore a genre-bending story, and save your home in this unique action-adventure. Wishlist now and join Bradleys journey!",,,https://images.igdb.com/igdb/image/upload/t_original/cob0el.png,https://images.igdb.com/igdb/image/upload/t_original/sc10taq.png,4001-01-01T00:00:00.000Z,3000,PC,PC,,Wanted,6,0,0,-1,0,0,0,0.0,0.0,,,,,,false,0.0,0.0,0.0,0,0,
DB156970-20E4-499F-B506-B60F61E4EB51,381215,Q137363425,Star Wars: Fate of the Old Republic,,Arcanaut Studios,Lucasfilm Games,https://images.igdb.com/igdb/image/upload/t_original/cob0et.png,https://images.igdb.com/igdb/image/upload/t_original/.png,4001-01-01T00:00:00.000Z,3000,PS5|PC|Series X|S,PC,,Wanted,6,0,0,-1,0,0,0,0.0,0.0,,,,,,false,0.0,0.0,0.0,0,-1,
91643FF2-378B-45B7-A58C-BC88CF36045B,381217,Q137364106,4:Loop,"Created by Mike Booth and the interactive storytellers at Bad Robot Games, 4:LOOP is a tactical, four-player co-op shooter crafted for endless replayability and infinite ways to build the ultimate team. Together, if you can learn from your mistakes, you might just fail to save the world.",Bad Robot Games,Sony Interactive Entertainment,https://images.igdb.com/igdb/image/upload/t_original/cob0f3.png,https://images.igdb.com/igdb/image/upload/t_original/.png,4001-01-01T00:00:00.000Z,3000,PC|PS5,PC,,Wanted,6,0,0,-1,0,0,0,0.0,0.0,,,,,,false,0.0,0.0,0.0,0,0,
13DB0598-35A8-4CE5-BC35-1267D7B4A74F,381227,Q137363586,Gang of Dragon,"A new action-adventure game from game creator Toshihiro Nagoshi, set in the streets of Shinjuku, Tokyo. Starring Ma Dong-seok as Shin Ji-seong, the story unfolds with heated and intense human drama across Shinjuku, including Kabukicho — one of Japan’s largest entertainment districts.",Nagoshi Studio,Nagoshi Studio,https://images.igdb.com/igdb/image/upload/t_original/cob0gh.png,https://images.igdb.com/igdb/image/upload/t_original/sc10td4.png,4001-01-01T00:00:00.000Z,3000,PC,PC,,Wanted,6,0,0,-1,0,0,0,0.0,0.0,,,,,,false,0.0,0.0,0.0,0,0,
86D450E3-59D7-4A82-AB8A-DAD83CEC7AF3,381235,Q137363685,Tomb Raider: Legacy of Atlantis,"Tomb Raider: Legacy of Atlantis is a reimagining of Lara Croft’s 1996 genre-defining game with visuals powered by Unreal Engine 5, modern gameplay, and new surprises that honor the spirit of the original.",Crystal Dynamics,Amazon Games,https://images.igdb.com/igdb/image/upload/t_original/cob1kg.png,https://images.igdb.com/igdb/image/upload/t_original/.png,2027-02-12T08:00:00.000Z,2027,Series X|S|PS5|PC,PC,,Queued,2,0,0,-1,0,0,0,0.0,0.0,,,,,,false,0.0,0.0,0.0,0,0,
E63FC045-6228-4297-82B0-4BB423FC6AD9,381237,Q137363789,Orbitals,"Team up as Maki and Omura, two inseparable explorers with a whole lot more determination than experience. You’ll brave the perils of space in search of help for their crumbling station home, now trapped within a supernatural cosmic storm.

Orbitals captures the warmth and style of classic Japanese anime, brought to life with hand-crafted cinematic cutscenes from Studio Massket, full Japanese and English voice acting, and an original soundtrack that channels the magic of the era.

Built from the ground up for asymmetric 2-player co-op, either in local split-screen or online, Orbitals rewards smart teamwork and clear communication. Use each character’s unique tools to open the path forward, overcome danger, and meet out-of-this-world creatures and characters on a bombastic adventure.",Shapefarm,Kepler Interactive,https://images.igdb.com/igdb/image/upload/t_original/coc9r6.png,https://images.igdb.com/igdb/image/upload/t_original/sc11c37.png,2026-09-03T07:00:00.000Z,2026,Switch 2,Switch 2,,Collection,3,0,0,-1,0,0,82,0.0,0.0,2026-09-08T03:23:25.339Z,,2026-09-04T00:07:38.735Z,,,false,6.0119444444444445,6.090277777777778,6.566666666666666,0,-1,
62D9E786-50AA-479C-AD41-A6ECD408FDD6,388116,Q137363564,Warlock: Dungeons & Dragons,"Players control Kaatri, a veteran warrior who forms a pact with an otherworldly entity to wield dark magic against formidable foes. The game focuses on open-world exploration, visceral combat blending melee and spell-casting, and the thematic cost of power.",Invoke Studios,Wizards of the Coast,https://images.igdb.com/igdb/image/upload/t_original/cocpcp.png,https://images.igdb.com/igdb/image/upload/t_original/sc11kud.png,2028-01-01T07:59:59.000Z,2027,Series X|S|PC|PS5,PC,,Wanted,6,0,0,-1,0,0,0,0.0,0.0,,,2026-08-25T20:03:33.000Z,,,false,0.0,0.0,0.0,0,-1,
565625DA-5249-4534-B547-4314D3435656,389419,Q138237970,Kena: Scars of Kosmora,"In Kena: Scars of Kosmora, Kena is older and renowned as a Spirit Guide. In hopes of finding answers to the affliction she has endured all her life, Kena travels to the mysterious island of Kosmora. Home to distinct cultures and regions, Kosmora is full of buried secrets from a tragic past.",Ember Lab,Sony Interactive Entertainment,https://images.igdb.com/igdb/image/upload/t_original/cobihr.png,https://images.igdb.com/igdb/image/upload/t_original/.png,4001-01-01T00:00:00.000Z,3000,PC|PS5,PC,,Wanted,6,0,0,-1,0,0,0,0.0,0.0,,,,,,false,0.0,0.0,0.0,0,0,
A27B27A0-C02D-4590-940E-680A8ED8FEEB,389432,,Project Windless,"Project Windless is a single-player open-world action RPG set in the universe of the acclaimed Korean fantasy novel series The Bird That Drinks Tears.

Step into a mythic age as a mighty Rekon warrior and journey across a breathtaking, war-torn world. Stand against overwhelming odds, forge alliances, and wage war across massive battlefields to unite a fractured land and give birth to a new kingdom.",Krafton Montréal Studio,Krafton,https://images.igdb.com/igdb/image/upload/t_original/cobigr.png,https://images.igdb.com/igdb/image/upload/t_original/.png,4001-01-01T00:00:00.000Z,3000,PS5,PS5,,Wanted,6,0,0,-1,0,0,0,0.0,0.0,,,,,,false,0.0,0.0,0.0,0,-1,
2750BC5E-37EA-4EEE-BFB6-DF17018BEDE4,389434,Q138242796,Castlevania: Belmont's Curse,"Crimson Curse —Will Your Fate Bloom in Despair or Salvation. Set 23 years after Castlevania Dracula's Curse - follow a young Belmont's journey in an all new 2D Action-Exploration title from KONAMI, Evil Empire and Motion Twin.",Evil Empire,Konami,https://images.igdb.com/igdb/image/upload/t_original/cobigs.png,https://images.igdb.com/igdb/image/upload/t_original/sc11x74.png,2026-10-15T07:00:00.000Z,2026,PC|Series X|S|Switch|PS5,PC,,Queued,2,0,0,-1,0,0,0,0.0,0.0,,,2026-08-12T02:40:08.615Z,,,false,0.0,0.0,0.0,0,0,
6D022EC2-3603-4B74-9A64-D4A2656966CF,391780,,Metal Gear Solid 4: Guns of the Patriots - Master Collection Version,"The extreme tension of infiltrating without being detected.

Metal Gear series, the pinnacle of “stealth action” Immerse yourself in the Metal Gear series, the pinnacle of “stealth action” where you can infiltrate and elude your enemies to complete missions.

The game takes place five years after the Big Shell incident in Metal Gear Solid 2: Sons of Liberty, in a world where war has become a business.

To stop Liquid Ocelot's uprising, Solid Snake throws himself into his final battle.

The battle against Liquid and the Patriots draws to a close, and the mysteries woven throughout the series are now revealed!",,Konami,https://images.igdb.com/igdb/image/upload/t_original/coblhc.png,https://images.igdb.com/igdb/image/upload/t_original/sc128vh.png,2026-08-27T07:00:00.000Z,2026,Series X|S|Switch|PS5|Switch 2|PC,PC,,Completed,4,3,0,-1,0,10,0,0.03333333333333333,0.0,,2008-06-15T14:47:00.000Z,,,,false,0.0,0.0,0.0,0,0,
19321182-A5A1-454B-B0EF-A793708C2950,391792,,Metal Gear Solid: Peace Walker - Master Collection Version,"The extreme tension of infiltrating without being detected.

Metal Gear series, the pinnacle of “stealth action” where you avoid combat and complete missions while hiding.

The game take place 10 years after Metal Gear Solid 3: Snake Eater.

Amidst the swirling conspiracies behind the East-West Cold War, Snake confronts them while leading a private military force.

This is the story of how one soldier, “Snake”, becomes “Big Boss”.",,Konami,https://images.igdb.com/igdb/image/upload/t_original/coblhp.png,https://images.igdb.com/igdb/image/upload/t_original/sc128xr.png,2026-08-27T07:00:00.000Z,2026,Series X|S|Switch 2|Switch|PC|PS5,PC,,Queued,2,0,0,-1,0,0,0,0.0,0.0,,,,,,false,0.0,0.0,0.0,0,0,
386E869C-B406-40C8-B292-B5B1B16B7B0E,395172,,Starfield: Terran Armada,"“Terran Armada” introduces a new questline across the Settled Systems, with new characters, locations, enemies, quests, systems, and rewards. Players get the chance to shape the future of humanity in space as they combat the incursions of the Terran Armada’s robotic forces in this brand new story downloadable content.",Bethesda Game Studios,Bethesda Softworks,https://images.igdb.com/igdb/image/upload/t_original/cobsar.png,https://images.igdb.com/igdb/image/upload/t_original/.png,2026-04-07T07:00:00.000Z,2026,PC|Series X|S|PS5,PC,,Completed,4,1,0,-1,0,6,-1,0.0,0.0,2026-04-08T22:11:33.874Z,2026-04-10T06:48:01.484Z,2026-04-08T04:24:32.036Z,,,false,8.36888888888889,19.333333333333332,0.0,0,-1,
F1DC8D6A-8DD5-4F6F-92B2-12CA7710DDD7,400824,,Aliens: Fireteam Elite 2,This is a fight for survival. Xenomorphs swarm in overwhelming numbers. Every room could be your last.,Cold Iron Studios,Daybreak Game Company,https://images.igdb.com/igdb/image/upload/t_original/coc171.png,https://images.igdb.com/igdb/image/upload/t_original/sc139zv.png,2026-08-25T07:00:00.000Z,2026,Series X|S|PS5|PC,PC,,Abandoned,5,0,0,-1,0,0,63,0.0,0.0,,2026-09-01T23:42:38.454Z,,,,false,11.05,0.0,0.0,0,0,
2C437B88-D9F3-4E11-8A3F-09C71627927D,401496,Q139799320,The Talos Principle III,"The Talos Principle 3 is the last chapter of the thought-provoking first-person puzzle series, taking you on a cosmic journey across more than a dozen worlds and testing your mind with all-new challenges.",Croteam,Devolver Digital,https://images.igdb.com/igdb/image/upload/t_original/coc23l.png,https://images.igdb.com/igdb/image/upload/t_original/sc13ayo.png,2028-01-01T07:59:59.000Z,2027,PC|PS5,PC,,Wanted,6,0,0,-1,0,0,0,0.0,0.0,,,,,,false,0.0,0.0,0.0,0,0,
62B4F919-6C76-4982-8B2F-463C6F59E08D,403150,Q139942913,The Witcher 3: Wild Hunt - Songs of the Past,"Songs of the Past is a brand-new full-fledged expansion to The Witcher 3: Wild Hunt, one of the most acclaimed role-playing games of all time.

Created in partnership with Fool’s Theory, a team comprising veteran The Witcher 3 developers, players can once again take on the role of Geralt of Rivia and embark on a brand-new adventure before heading out on the Path as Ciri in the upcoming The Witcher 4.",CD Projekt RED,CD Projekt RED,https://images.igdb.com/igdb/image/upload/t_original/coc4hk.png,https://images.igdb.com/igdb/image/upload/t_original/.png,2028-01-01T07:59:59.000Z,2027,PS5|Series X|S|PC,PC,,Wanted,6,0,0,-1,0,0,0,0.0,0.0,,,,,,false,0.0,0.0,0.0,0,-1,
9AAEE0F8-C4B6-42F3-A7EE-1B998D83355A,403310,,Call of Duty: Modern Warfare 4,"Call of Duty: Modern Warfare 4 is a first-person shooter and the follow-up to Modern Warfare III (2023), continuing the rebooted Modern Warfare storyline. The campaign is set during a North Korean invasion of South Korea and features dual perspectives: a young South Korean soldier named Private Park facing his first combat deployment, and Captain Price operating outside official channels on a personal mission. The game also includes multiplayer with 6v6 core maps, large-scale vehicle combat maps, and a dynamic map system called Kill Block that reshapes layouts between rounds. A DMZ extraction mode is also featured. The game is released exclusively on current-generation platforms and PC.",Infinity Ward,Activision,https://images.igdb.com/igdb/image/upload/t_original/coc4mu.png,https://images.igdb.com/igdb/image/upload/t_original/sc13i3n.png,2026-10-23T07:00:00.000Z,2026,PC|Series X|S|PS5|Switch 2,PC,,Queued,2,0,0,-1,0,0,-1,0.0,0.0,,,2026-06-10T05:35:40.449Z,,,false,0.0,0.0,0.0,0,0,
3CE9DDF6-2FD7-4494-AF09-7FB68486DA5E,403990,,Clutch,"Clutch is a cinematic, open-world, action-driving game from the team at Maverick Games - lead by former Forza Horizon Creative Director, Mike Brown, and other senior leads on the franchise.",Maverick Games,Maverick Games,https://images.igdb.com/igdb/image/upload/t_original/coc6n2.png,https://images.igdb.com/igdb/image/upload/t_original/sc13ky4.png,2028-01-01T07:59:59.000Z,2027,PS5|Series X|S|PC,PC,,Wanted,6,0,0,-1,0,0,0,0.0,0.0,,,,,,false,0.0,0.0,0.0,0,0,
05CD6ECB-B8F2-4996-92D7-06F9CBD737A4,404685,Q140073838,Haex,"An anomaly has been detected in the sub-arctic north. The science team sent to investigate has gone missing. Survive an alien-scarred wilderness solo or with up to 3 friends. Push back the mist, reshape the world, craft weapons and gear, and fight to unearth what happened.",Dead Astronauts,Dead Astronauts,https://images.igdb.com/igdb/image/upload/t_original/coc6lo.png,https://images.igdb.com/igdb/image/upload/t_original/sc13nov.png,4001-01-01T00:00:00.000Z,3000,PC,PC,,Wanted,6,0,0,-1,0,0,0,0.0,0.0,,,,,,false,0.0,0.0,0.0,0,0,
39ADAE02-515C-4E7D-B313-127A74BD6E6E,404693,,1666: Amsterdam,"Every 333 years, something stirs. 1666: Amsterdam is a 3rd person Dark, Story-Led, Action-Adventure where Noa, the Collector, wields witchcraft to uncover demonic entities hiding behind human faces. Investigate by day. Face your demons at night.",Panache Digital Games,Panache Digital Games,https://images.igdb.com/igdb/image/upload/t_original/coc6mk.png,https://images.igdb.com/igdb/image/upload/t_original/sc13npe.png,2026-08-25T07:00:00.000Z,2026,PC,PC,,Abandoned,5,0,0,-1,0,0,-1,0.0,0.0,,2026-09-01T23:59:59.599Z,2026-08-26T21:34:03.031Z,,,false,0.0,0.0,0.0,0,0,
63C66F51-38F6-4430-82B7-6DF57AC13905,404707,Q140073993,Among Us Story: On Guard,"Live life as a Crewmate in this dangerous narrative adventure through space. As Guard, you're in charge of shipwide security and everything is fine. Until there's a MURDER?! Prove your innocence before the Impostor gets to the rest of the crew... and you.",Innersloth,Innersloth,https://images.igdb.com/igdb/image/upload/t_original/coc6ma.png,https://images.igdb.com/igdb/image/upload/t_original/sc13nrf.png,4001-01-01T00:00:00.000Z,3000,Mac|PC,PC,,Wanted,6,0,0,-1,0,0,0,0.0,0.0,,,2026-06-05T22:32:57.000Z,,,false,0.0,0.0,0.0,0,-1,
1103DC29-B2F3-461E-B92C-DD27CE30C246,405068,Q140095593,Bad Magpie,"You are a magpie with one wing, a missing flock, and an unhealthy obsession with a fallen star. Steal shiny trinkets, cause chaos, and stick your beak where it doesn’t belong.",Milktooth,Milktooth,https://images.igdb.com/igdb/image/upload/t_original/coc73f.png,https://images.igdb.com/igdb/image/upload/t_original/sc13p6c.png,2028-01-01T07:59:59.000Z,2027,PC|Series X|S|Mac,PC,,Wanted,6,0,0,-1,0,0,0,0.0,0.0,,,,,,false,0.0,0.0,0.0,0,-1,
695313F5-78C3-4E13-9184-322936463B95,405070,Q140095070,Wo Long 2: Wings of Ember,"Born from war's flames, a Phoenix ascends. In this dark fantasy Three Kingdoms action RPG from Team NINJA, players use offensive and defensive Chinese martial arts to fight back against mighty demons on the battlefields of the Three Kingdoms.",Team NINJA,Koei Tecmo,https://images.igdb.com/igdb/image/upload/t_original/coc74u.png,https://images.igdb.com/igdb/image/upload/t_original/.png,2027-03-04T08:00:00.000Z,2027,PC|PS5|Switch 2|Series X|S,PC,,Queued,2,0,0,-1,0,0,0,0.0,0.0,,,,,,false,0.0,0.0,0.0,0,0,
C88899E0-D426-4D1C-A32B-1F7A07B8F204,405080,Q140096147,Magicians: The Devil's Deal,"Magicians: The Devils Deal is a narrative driven FPS where stage magic becomes real. You play as Jacob Menteuro, a fallen illusionist bound by a pact with The Devil and cast into Hell. Master deadly tricks, steal the powers of rival magicians, and escape the infernal world of Theatreland.",Uppercut Games,Focus Entertainment,https://images.igdb.com/igdb/image/upload/t_original/coc75l.png,https://images.igdb.com/igdb/image/upload/t_original/sc13pbg.png,2028-01-01T07:59:59.000Z,2027,Series X|S|PS5|PC,PC,,Wanted,6,0,0,-1,0,0,0,0.0,0.0,,,,,,false,0.0,0.0,0.0,0,-1,
0EA56F78-29D6-4809-A16C-DE8B51EAE8A9,405156,Q140121676,Thief: The Dark Project Remastered,"The shadows are your ally. Return to the city as Garrett, master thief, in this remastered classic by Nightdive Studios. Pickpocket, prowl, and outsmart in a world where trust is a luxury and every stolen secret comes at a price.",Nightdive Studios,Atari,https://images.igdb.com/igdb/image/upload/t_original/coc78b.png,https://images.igdb.com/igdb/image/upload/t_original/sc13pjm.png,4001-01-01T00:00:00.000Z,3000,PS4|XONE|Switch 2|Switch|Series X|S|PS5|PC,PC,,Wanted,6,0,0,-1,0,0,0,0.0,0.0,,,,,,false,0.0,0.0,0.0,0,-1,
E7ED02C4-C59E-4774-B199-292F6B93ADFF,405433,,Dragon's Dogma II: Dark Arisen,"Dragon's Dogma 2: Dark Arisen enriches the dynamic fantasy world and expansive adventures of Dragon's Dogma 2 with unforgettable new tales and thrilling encounters.

Based on feedback we received after the initial release of Dragon's Dogma 2, we established three goals for ourselves when we set out to update and expand the game:
Enhanced gameplay. Expanded adventures. Enticing value.",,Capcom,https://images.igdb.com/igdb/image/upload/t_original/coc7ne.png,https://images.igdb.com/igdb/image/upload/t_original/.png,2026-10-09T07:00:00.000Z,2026,PC|PS5|Series X|S|Switch 2,PC,,Queued,2,0,0,-1,0,0,79,0.0,0.0,,,2026-06-27T00:36:50.820Z,,,false,0.0,0.0,0.0,0,-1,
A43D3398-F601-4322-95A9-F4D17288843C,405460,Q140140365,The Legend of Zelda: Ocarina of Time,A remake of the 1998 Nintendo 64 title for the Nintendo Switch 2 system.,,Nintendo,https://images.igdb.com/igdb/image/upload/t_original/coc7pg.png,https://images.igdb.com/igdb/image/upload/t_original/sc13qrq.png,2026-11-05T08:00:00.000Z,2026,Switch 2,Switch 2,,Queued,2,0,0,-1,0,0,-1,0.0,0.0,,,2026-09-09T23:03:23.120Z,,,false,26.748055555555556,30.372222222222224,37.37777777777778,0,-1,
2123365D-459C-4B0E-8793-97A7670A6562,410121,,Dear Passengers,"Play in co-op as the crew of the worlds worst airline. Your plane is falling apart, your cargo is illegal, and passenger safety barely makes the list.",Flexus,Flexus,https://images.igdb.com/igdb/image/upload/t_original/cociej.png,https://images.igdb.com/igdb/image/upload/t_original/sc14adq.png,2027-01-01T07:59:59.000Z,2026,PC,PC,,Wanted,6,0,0,-1,0,0,0,0.0,0.0,,,2026-07-15T03:10:28.000Z,,,false,0.0,0.0,0.0,0,-1,
5C020474-2747-4C01-B8F4-62A571A39E05,414953,,RollerCoaster Tycoon Wonderworks,"It’s the grand opening of a new RollerCoaster Tycoon, featuring new levels of chaos and wonder as you do whatever it takes to keep guests happy (and injury-free). Customize rides, manage guests, and build wild roller coasters in your theme parks as you boost profits and expand your empire.",Springloaded,Atari,https://images.igdb.com/igdb/image/upload/t_original/cocrh1.png,https://images.igdb.com/igdb/image/upload/t_original/sc14vml.png,4001-01-01T00:00:00.000Z,3000,PC,PC,,Wanted,6,0,0,-1,0,0,0,0.0,0.0,,,2026-08-25T17:55:07.000Z,,,false,0.0,0.0,0.0,0,-1,
B77344C2-7478-4E0E-8394-20725DA9CD36,414966,Q141177617,Nodusfall,,HoYoverse,HoYoverse,https://images.igdb.com/igdb/image/upload/t_original/cocrj2.png,https://images.igdb.com/igdb/image/upload/t_original/.png,4001-01-01T00:00:00.000Z,3000,TBC,TBC,,Wanted,6,0,0,-1,0,0,0,0.0,0.0,,,,,,false,0.0,0.0,0.0,0,-1,
AB508D82-C3A6-4332-806F-463729AD9C54,414975,,Exterminauts,"Exterminauts is a co-op third-person PvE shooter using weaponized power tools and mad-science gadgets to exterminate alien pests. Take on MegaCorp contracts amid energy supremacy clashes, while aliens' thirst for Polymorphic Plasma disrupts plans. Punch In. Clean Up. Get Paid.",Behaviour Interactive,Level Infinite,https://images.igdb.com/igdb/image/upload/t_original/cocrhq.png,https://images.igdb.com/igdb/image/upload/t_original/sc14vow.png,2028-01-01T07:59:59.000Z,2027,Series X|S|PS5|PC,PC,,Wanted,6,0,0,-1,0,0,0,0.0,0.0,,,2026-08-31T14:45:16.000Z,,,false,0.0,0.0,0.0,0,-1,
3A299DAD-20AF-422E-B530-F3366665B4AE,415005,Q141177995,The Witcher 3: Wild Hunt Remastered,"The Witcher 3: Wild Hunt — Remastered modernizes the acclaimed role-playing game with a range of upgrades and enhancements. Become monster slayer for hire Geralt of Rivia and journey across a dark fantasy open world in an epic quest to find your adopted daughter Ciri.

The Remastered update is free for players who own The Witcher 3 and includes both Hearts of Stone and Blood and Wine expansions.",CD Projekt RED,CD Projekt RED,https://images.igdb.com/igdb/image/upload/t_original/cocrjd.png,https://images.igdb.com/igdb/image/upload/t_original/.png,2026-09-29T07:00:00.000Z,2026,Series X|S|PC|Switch 2|PS5,PC,,Queued,2,0,0,-1,0,0,92,0.0,0.0,,,2026-09-05T21:58:29.515Z,,,false,0.0,0.0,0.0,0,-1,
BC555F42-C7C8-4472-8830-30D2512116CD,416102,,Crimson Desert: Charting the Unknown,"Reclaim power and reach beyond-into the unknown.The story of Pywel continues in Crimson Desert: Charting the Unknown as Kliff, Oongka, and Damiane set out to discover their purpose and shape their futures. However, as turmoil unfolds around them, each must fight to forge a path through the trials ahead. Join them on a new adventure and discover what new possibilities await across Pywel.",Pearl Abyss,Pearl Abyss,https://images.igdb.com/igdb/image/upload/t_original/coctot.png,https://images.igdb.com/igdb/image/upload/t_original/sc15429.png,,0,PS5,,,Wanted,6,0,0,-1,0,0,0,0.0,0.0,,,2026-09-19T23:05:27.000Z,,,false,0.0,0.0,0.0,0,-1,
6CDC5506-F2C4-4BBD-AF39-923AB905554C,416115,,Saros: Zenith,,Housemarque,Sony Interactive Entertainment,https://images.igdb.com/igdb/image/upload/t_original/coctk6.png,https://images.igdb.com/igdb/image/upload/t_original/.png,2027-01-01T07:59:59.000Z,2026,PS5,PS5,,Wanted,6,0,0,-1,0,0,0,0.0,0.0,,,,,,false,0.0,0.0,0.0,0,-1,
